snapshot,plantId,generatorId,name,mw,primeMover,status,sheet
2026-08,9,1,Copper,86.9,GT,(OP) Operating,Operating
2026-08,3439,4,Laredo,131.8,GT,(OP) Operating,Operating
2026-08,3439,5,Laredo,131.8,GT,(OP) Operating,Operating
2026-08,3441,7,Nueces Bay,351,CA,(OP) Operating,Operating
2026-08,3441,8,Nueces Bay,189.6,CT,(OP) Operating,Operating
2026-08,3441,9,Nueces Bay,189.6,CT,(OP) Operating,Operating
2026-08,3443,5,Victoria,180,CA,(OP) Operating,Operating
2026-08,3443,7,Victoria,196.9,CT,(OP) Operating,Operating
2026-08,3452,1,Lake Hubbard,396.5,ST,(OP) Operating,Operating
2026-08,3452,2,Lake Hubbard,531,ST,(OP) Operating,Operating
2026-08,3453,6,Mountain Creek,135.7,ST,(OP) Operating,Operating
2026-08,3453,7,Mountain Creek,136,ST,(OP) Operating,Operating
2026-08,3453,8,Mountain Creek,580.5,ST,(OP) Operating,Operating
2026-08,3456,1,Newman,81.6,ST,(OP) Operating,Operating
2026-08,3456,2,Newman,81.6,ST,(OP) Operating,Operating
2026-08,3456,3,Newman,121.8,ST,(OP) Operating,Operating
2026-08,3456,4,Newman,120,CA,(OP) Operating,Operating
2026-08,3456,5CA1,Newman,134,CA,(OP) Operating,Operating
2026-08,3456,5CT1,Newman,86.5,CT,(OP) Operating,Operating
2026-08,3456,5CT2,Newman,86.5,CT,(OP) Operating,Operating
2026-08,3456,6,Newman,227.8,GT,(OP) Operating,Operating
2026-08,3456,CT1,Newman,85,CT,(OP) Operating,Operating
2026-08,3456,CT2,Newman,85,CT,(OP) Operating,Operating
2026-08,3457,1,Lewis Creek,271.4,ST,(OP) Operating,Operating
2026-08,3457,2,Lewis Creek,271.4,ST,(OP) Operating,Operating
2026-08,3459,1,Sabine,239.4,ST,(OP) Operating,Operating
2026-08,3459,3,Sabine,473.4,ST,(OP) Operating,Operating
2026-08,3459,4,Sabine,591.6,ST,(OP) Operating,Operating
2026-08,3459,5,Sabine,507.4,ST,(OP) Operating,Operating
2026-08,3460,1,Cedar Bayou,765,ST,(OP) Operating,Operating
2026-08,3460,2,Cedar Bayou,765,ST,(OP) Operating,Operating
2026-08,3464,73,Greens Bayou,72,GT,(OP) Operating,Operating
2026-08,3464,74,Greens Bayou,72,GT,(OP) Operating,Operating
2026-08,3464,81,Greens Bayou,72,GT,(OP) Operating,Operating
2026-08,3464,82,Greens Bayou,72,GT,(OP) Operating,Operating
2026-08,3464,83,Greens Bayou,72,GT,(OP) Operating,Operating
2026-08,3464,84,Greens Bayou,72,GT,(OP) Operating,Operating
2026-08,3469,3,T H Wharton,113.1,CA,(OP) Operating,Operating
2026-08,3469,31,T H Wharton,54,CT,(OP) Operating,Operating
2026-08,3469,32,T H Wharton,54,CT,(OP) Operating,Operating
2026-08,3469,33,T H Wharton,54,CT,(OP) Operating,Operating
2026-08,3469,34,T H Wharton,54,CT,(OP) Operating,Operating
2026-08,3469,4,T H Wharton,113.1,CA,(OP) Operating,Operating
2026-08,3469,41,T H Wharton,54,CT,(OP) Operating,Operating
2026-08,3469,42,T H Wharton,54,CT,(OP) Operating,Operating
2026-08,3469,43,T H Wharton,56.7,CT,(OP) Operating,Operating
2026-08,3469,44,T H Wharton,56.7,CT,(OP) Operating,Operating
2026-08,3469,51,T H Wharton,85,GT,(OP) Operating,Operating
2026-08,3469,52,T H Wharton,85,GT,(OP) Operating,Operating
2026-08,3469,53,T H Wharton,85,GT,(OP) Operating,Operating
2026-08,3469,54,T H Wharton,85,GT,(OP) Operating,Operating
2026-08,3469,55,T H Wharton,85,GT,(OP) Operating,Operating
2026-08,3469,56,T H Wharton,85,GT,(OP) Operating,Operating
2026-08,3469,GT1,T H Wharton,16.3,GT,(OP) Operating,Operating
2026-08,3470,1,W A Parish,187.8,ST,(OP) Operating,Operating
2026-08,3470,2,W A Parish,187.8,ST,(OP) Operating,Operating
2026-08,3470,3,W A Parish,299.2,ST,(OP) Operating,Operating
2026-08,3470,4,W A Parish,580.5,ST,(OP) Operating,Operating
2026-08,3470,GT1,W A Parish,16.3,GT,(OP) Operating,Operating
2026-08,3476,5,Knox Lee,351,ST,(OP) Operating,Operating
2026-08,3478,1,Wilkes,180,ST,(OP) Operating,Operating
2026-08,3478,2,Wilkes,351,ST,(OP) Operating,Operating
2026-08,3478,3,Wilkes,351,ST,(OP) Operating,Operating
2026-08,3482,1,Jones,247.5,ST,(OP) Operating,Operating
2026-08,3482,2,Jones,247.5,ST,(OP) Operating,Operating
2026-08,3482,3,Jones,182.7,GT,(OP) Operating,Operating
2026-08,3482,4,Jones,182.7,GT,(OP) Operating,Operating
2026-08,3484,1,Nichols,113.6,ST,(OP) Operating,Operating
2026-08,3484,2,Nichols,113.6,ST,(OP) Operating,Operating
2026-08,3484,3,Nichols,247.5,ST,(OP) Operating,Operating
2026-08,3485,4,Plant X,190.4,ST,(OP) Operating,Operating
2026-08,3490,1,Graham,247.7,ST,(OP) Operating,Operating
2026-08,3490,2,Graham,387,ST,(OP) Operating,Operating
2026-08,3491,3,Handley,404.8,ST,(OP) Operating,Operating
2026-08,3491,4,Handley,455,ST,(OP) Operating,Operating
2026-08,3491,5,Handley,455,ST,(OP) Operating,Operating
2026-08,3494,CT1,Permian Basin,89.4,GT,(OP) Operating,Operating
2026-08,3494,CT2,Permian Basin,89.4,GT,(OP) Operating,Operating
2026-08,3494,CT3,Permian Basin,89.4,GT,(OP) Operating,Operating
2026-08,3494,CT4,Permian Basin,89.4,GT,(OP) Operating,Operating
2026-08,3494,CT5,Permian Basin,89.4,GT,(OP) Operating,Operating
2026-08,3504,ST1,Stryker Creek,176.8,ST,(OP) Operating,Operating
2026-08,3504,ST2,Stryker Creek,526.6,ST,(OP) Operating,Operating
2026-08,3507,6,Trinidad (TX),239.3,ST,(OP) Operating,Operating
2026-08,3548,GT1,Decker Creek,51.5,GT,(OP) Operating,Operating
2026-08,3548,GT2,Decker Creek,51.5,GT,(OP) Operating,Operating
2026-08,3548,GT3,Decker Creek,51.5,GT,(OP) Operating,Operating
2026-08,3548,GT4,Decker Creek,51.5,GT,(OP) Operating,Operating
2026-08,3559,10,Silas Ray,61,GT,(OP) Operating,Operating
2026-08,3559,6,Silas Ray,25,CA,(OP) Operating,Operating
2026-08,3559,9,Silas Ray,50,CT,(OP) Operating,Operating
2026-08,3561,7,Bryan (TX),22,GT,(OP) Operating,Operating
2026-08,3576,1,Ray Olinger,75,ST,(OP) Operating,Operating
2026-08,3576,2,Ray Olinger,113.4,ST,(OP) Operating,Operating
2026-08,3576,3,Ray Olinger,156.6,ST,(OP) Operating,Operating
2026-08,3576,4,Ray Olinger,82.7,GT,(OP) Operating,Operating
2026-08,3601,1,Sim Gideon,136,ST,(OP) Operating,Operating
2026-08,3601,2,Sim Gideon,136,ST,(OP) Operating,Operating
2026-08,3601,3,Sim Gideon,351,ST,(OP) Operating,Operating
2026-08,3609,CGT1,Leon Creek,57.4,GT,(OP) Operating,Operating
2026-08,3609,CGT2,Leon Creek,57.4,GT,(OP) Operating,Operating
2026-08,3609,CGT3,Leon Creek,57.4,GT,(OP) Operating,Operating
2026-08,3609,CGT4,Leon Creek,57.4,GT,(OP) Operating,Operating
2026-08,3611,1,O W Sommers,446,ST,(OP) Operating,Operating
2026-08,3611,2,O W Sommers,446,ST,(OP) Operating,Operating
2026-08,3612,1,V H Braunig,225,ST,(OS) Out of service and NOT expected to return to service in next calendar year,Operating
2026-08,3612,2,V H Braunig,252,ST,(OS) Out of service and NOT expected to return to service in next calendar year,Operating
2026-08,3612,3,V H Braunig,417,ST,(OA) Out of service but expected to return to service in next calendar year,Operating
2026-08,3612,5,V H Braunig,61,GT,(OP) Operating,Operating
2026-08,3612,6,V H Braunig,61,GT,(OP) Operating,Operating
2026-08,3612,7,V H Braunig,61,GT,(OP) Operating,Operating
2026-08,3612,8,V H Braunig,61,GT,(OP) Operating,Operating
2026-08,3628,1,R W Miller,66,ST,(OS) Out of service and NOT expected to return to service in next calendar year,Operating
2026-08,3628,2,R W Miller,100,ST,(OP) Operating,Operating
2026-08,3628,3,R W Miller,200,ST,(OP) Operating,Operating
2026-08,3628,4,R W Miller,118.8,GT,(OP) Operating,Operating
2026-08,3628,5,R W Miller,118.8,GT,(OP) Operating,Operating
2026-08,3630,10A,Pearsall,8.4,IC,(OP) Operating,Operating
2026-08,3630,11A,Pearsall,8.4,IC,(OP) Operating,Operating
2026-08,3630,12A,Pearsall,8.4,IC,(OP) Operating,Operating
2026-08,3630,13A,Pearsall,8.4,IC,(OP) Operating,Operating
2026-08,3630,14A,Pearsall,8.4,IC,(OP) Operating,Operating
2026-08,3630,15A,Pearsall,8.4,IC,(OP) Operating,Operating
2026-08,3630,16A,Pearsall,8.4,IC,(OP) Operating,Operating
2026-08,3630,17A,Pearsall,8.4,IC,(OP) Operating,Operating
2026-08,3630,18A,Pearsall,8.4,IC,(OP) Operating,Operating
2026-08,3630,19A,Pearsall,8.4,IC,(OP) Operating,Operating
2026-08,3630,1A,Pearsall,8.4,IC,(OP) Operating,Operating
2026-08,3630,20A,Pearsall,8.4,IC,(OP) Operating,Operating
2026-08,3630,21A,Pearsall,8.4,IC,(OP) Operating,Operating
2026-08,3630,22A,Pearsall,8.4,IC,(OP) Operating,Operating
2026-08,3630,23A,Pearsall,8.4,IC,(OP) Operating,Operating
2026-08,3630,24A,Pearsall,8.4,IC,(OP) Operating,Operating
2026-08,3630,2A,Pearsall,8.4,IC,(OP) Operating,Operating
2026-08,3630,3A,Pearsall,8.4,IC,(OP) Operating,Operating
2026-08,3630,4A,Pearsall,8.4,IC,(OP) Operating,Operating
2026-08,3630,5A,Pearsall,8.4,IC,(OP) Operating,Operating
2026-08,3630,6A,Pearsall,8.4,IC,(OP) Operating,Operating
2026-08,3630,7A,Pearsall,8.4,IC,(OP) Operating,Operating
2026-08,3630,8A,Pearsall,8.4,IC,(OP) Operating,Operating
2026-08,3630,9A,Pearsall,8.4,IC,(OP) Operating,Operating
2026-08,3631,10,Sam Rayburn,42,CA,(OP) Operating,Operating
2026-08,3631,7,Sam Rayburn,49.2,CT,(OP) Operating,Operating
2026-08,3631,8,Sam Rayburn,49.2,CT,(OP) Operating,Operating
2026-08,3631,9,Sam Rayburn,49.2,CT,(OP) Operating,Operating
2026-08,4195,EP,Powerlane Plant,8.4,IC,(OP) Operating,Operating
2026-08,4195,EP2,Powerlane Plant,8.4,IC,(OP) Operating,Operating
2026-08,4195,EP3,Powerlane Plant,8.4,IC,(OP) Operating,Operating
2026-08,4195,ST1,Powerlane Plant,18.8,ST,(OP) Operating,Operating
2026-08,4266,4,Spencer,61.1,ST,(OP) Operating,Operating
2026-08,4266,5,Spencer,65.4,ST,(OP) Operating,Operating
2026-08,4937,CT-1,Thomas C Ferguson,185.3,CT,(OP) Operating,Operating
2026-08,4937,CT-2,Thomas C Ferguson,185.3,CT,(OP) Operating,Operating
2026-08,4937,STG,Thomas C Ferguson,204,CA,(OP) Operating,Operating
2026-08,4939,1,Barney M Davis,352,ST,(OP) Operating,Operating
2026-08,4939,2,Barney M Davis,351,CA,(OP) Operating,Operating
2026-08,4939,3,Barney M Davis,189.6,CT,(OP) Operating,Operating
2026-08,4939,4,Barney M Davis,189.6,CT,(OP) Operating,Operating
2026-08,6193,1,Harrington,360,ST,(OP) Operating,Operating
2026-08,6193,2,Harrington,360,ST,(OP) Operating,Operating
2026-08,6193,3,Harrington,360,ST,(OP) Operating,Operating
2026-08,6243,1,Dansby,105,ST,(OP) Operating,Operating
2026-08,6243,2,Dansby,49.1,GT,(OP) Operating,Operating
2026-08,6243,3,Dansby,49.1,GT,(OP) Operating,Operating
2026-08,7325,1,San Jacinto Steam Electric Station,88.2,GT,(OP) Operating,Operating
2026-08,7325,2,San Jacinto Steam Electric Station,88.2,GT,(OP) Operating,Operating
2026-08,7512,1,Arthur Von Rosenberg,187.5,CT,(OP) Operating,Operating
2026-08,7512,2,Arthur Von Rosenberg,187.5,CT,(OP) Operating,Operating
2026-08,7512,3,Arthur Von Rosenberg,200,CA,(OP) Operating,Operating
2026-08,7900,5A,Sand Hill,198,CT,(OP) Operating,Operating
2026-08,7900,5C,Sand Hill,190,CA,(OP) Operating,Operating
2026-08,7900,SH1,Sand Hill,51.4,GT,(OP) Operating,Operating
2026-08,7900,SH2,Sand Hill,51.4,GT,(OP) Operating,Operating
2026-08,7900,SH3,Sand Hill,51.4,GT,(OP) Operating,Operating
2026-08,7900,SH4,Sand Hill,51.4,GT,(OP) Operating,Operating
2026-08,7900,SH6,Sand Hill,51.4,GT,(OP) Operating,Operating
2026-08,7900,SH7,Sand Hill,51.4,GT,(OP) Operating,Operating
2026-08,8063,CT1,DeCordova Steam Electric Station,89.4,GT,(OP) Operating,Operating
2026-08,8063,CT2,DeCordova Steam Electric Station,89.4,GT,(OP) Operating,Operating
2026-08,8063,CT3,DeCordova Steam Electric Station,89.4,GT,(OP) Operating,Operating
2026-08,8063,CT4,DeCordova Steam Electric Station,89.4,GT,(OP) Operating,Operating
2026-08,10154,GEN1,Power Island,41,GT,(OP) Operating,Operating
2026-08,10154,GEN2,Power Island,50,GT,(OP) Operating,Operating
2026-08,10154,GEN3,Power Island,50,GT,(OP) Operating,Operating
2026-08,10184,EG1,Central Utility Plant,6,IC,(SB) Standby/Backup: available for service but not normally used,Operating
2026-08,10184,EG2,Central Utility Plant,6,IC,(SB) Standby/Backup: available for service but not normally used,Operating
2026-08,10184,TG1,Central Utility Plant,2.3,ST,(SB) Standby/Backup: available for service but not normally used,Operating
2026-08,10243,GEN5,Ticona Polymers Inc,44.2,GT,(OP) Operating,Operating
2026-08,10261,GEN3,Enterprise Products Operating,3.4,GT,(OP) Operating,Operating
2026-08,10261,GEN4,Enterprise Products Operating,3.4,GT,(OP) Operating,Operating
2026-08,10261,GEN5,Enterprise Products Operating,3.4,GT,(OP) Operating,Operating
2026-08,10261,GEN6,Enterprise Products Operating,3.5,GT,(OP) Operating,Operating
2026-08,10261,GEN7,Enterprise Products Operating,3.5,GT,(OP) Operating,Operating
2026-08,10261,GEN8,Enterprise Products Operating,3.5,GT,(OP) Operating,Operating
2026-08,10298,GT1,Bayou Cogen Plant,79.6,GT,(OP) Operating,Operating
2026-08,10298,GT2,Bayou Cogen Plant,79.6,GT,(OP) Operating,Operating
2026-08,10298,GT3,Bayou Cogen Plant,79.6,GT,(OP) Operating,Operating
2026-08,10298,GT4,Bayou Cogen Plant,79.6,GT,(OP) Operating,Operating
2026-08,10418,GEN1,Ascend Performance Materials Texas Inc.,6,ST,(OP) Operating,Operating
2026-08,10418,GEN4,Ascend Performance Materials Texas Inc.,46.1,ST,(OP) Operating,Operating
2026-08,10436,GT38,ExxonMobil Baytown Refinery,45.7,GT,(OP) Operating,Operating
2026-08,10436,GT41,ExxonMobil Baytown Refinery,27.6,GT,(OP) Operating,Operating
2026-08,10436,GT42,ExxonMobil Baytown Refinery,27.6,GT,(OP) Operating,Operating
2026-08,10436,GT43,ExxonMobil Baytown Refinery,27.6,GT,(OP) Operating,Operating
2026-08,10436,GT44,ExxonMobil Baytown Refinery,27.6,GT,(OP) Operating,Operating
2026-08,10436,GT45,ExxonMobil Baytown Refinery,45.7,GT,(OP) Operating,Operating
2026-08,10554,3ST1,Formosa Utility Venture Ltd,40,CA,(OP) Operating,Operating
2026-08,10554,3TBG1,Formosa Utility Venture Ltd,102,CT,(OP) Operating,Operating
2026-08,10554,3TBG2,Formosa Utility Venture Ltd,102,CT,(OP) Operating,Operating
2026-08,10554,BO3,Formosa Utility Venture Ltd,36.2,CT,(OP) Operating,Operating
2026-08,10554,ST1,Formosa Utility Venture Ltd,33.5,CA,(OP) Operating,Operating
2026-08,10554,ST2,Formosa Utility Venture Ltd,66.3,CA,(OP) Operating,Operating
2026-08,10554,ST3,Formosa Utility Venture Ltd,55,CA,(OP) Operating,Operating
2026-08,10554,TBG1,Formosa Utility Venture Ltd,82.5,CT,(OP) Operating,Operating
2026-08,10554,TBG2,Formosa Utility Venture Ltd,82.5,CT,(OP) Operating,Operating
2026-08,10554,TBG3,Formosa Utility Venture Ltd,82.5,CT,(OP) Operating,Operating
2026-08,10554,TBG4,Formosa Utility Venture Ltd,82.5,CT,(OP) Operating,Operating
2026-08,10554,TBG5,Formosa Utility Venture Ltd,82.5,CT,(OP) Operating,Operating
2026-08,10554,TBG6,Formosa Utility Venture Ltd,85.9,CT,(OP) Operating,Operating
2026-08,10568,GEN1,Port Arthur Texas Refinery,38.4,GT,(OP) Operating,Operating
2026-08,10692,GEN1,ExxonMobil Baytown Turbine,39.7,GT,(OP) Operating,Operating
2026-08,10692,GEN2,ExxonMobil Baytown Turbine,39.7,GT,(OP) Operating,Operating
2026-08,10692,GEN3,ExxonMobil Baytown Turbine,39.7,GT,(OP) Operating,Operating
2026-08,10692,GEN4,ExxonMobil Baytown Turbine,98.9,GT,(OP) Operating,Operating
2026-08,10692,GEN5,ExxonMobil Baytown Turbine,163.8,GT,(OP) Operating,Operating
2026-08,10789,GEN1,Sabine River Operations,89.9,CT,(OP) Operating,Operating
2026-08,10789,GT1A,Sabine River Operations,180,CT,(OP) Operating,Operating
2026-08,10789,GT1B,Sabine River Operations,180,CT,(OP) Operating,Operating
2026-08,10789,ST1A,Sabine River Operations,145,CA,(OP) Operating,Operating
2026-08,10790,GEN1,Victoria Texas Plant,102.4,GT,(OP) Operating,Operating
2026-08,50026,FR6,Corpus Refinery,47,GT,(OP) Operating,Operating
2026-08,50043,GT1,Houston Chemical Complex Battleground,104.2,CT,(OP) Operating,Operating
2026-08,50043,GT2,Houston Chemical Complex Battleground,104.2,CT,(OP) Operating,Operating
2026-08,50043,GT3,Houston Chemical Complex Battleground,84.9,CT,(OP) Operating,Operating
2026-08,50043,ST,Houston Chemical Complex Battleground,87.4,CA,(OP) Operating,Operating
2026-08,50054,GEN1,Rice University,3.1,GT,(SB) Standby/Backup: available for service but not normally used,Operating
2026-08,50054,GEN2,Rice University,3.8,GT,(OP) Operating,Operating
2026-08,50109,GEN1,Paris Energy Center,87.8,CT,(OP) Operating,Operating
2026-08,50109,GEN2,Paris Energy Center,87.8,CT,(OP) Operating,Operating
2026-08,50109,GEN3,Paris Energy Center,90,CA,(OP) Operating,Operating
2026-08,50118,GEN10,Hal C Weaver Power Plant,34.4,CT,(OA) Out of service but expected to return to service in next calendar year,Operating
2026-08,50118,GEN4,Hal C Weaver Power Plant,7.6,CA,(OS) Out of service and NOT expected to return to service in next calendar year,Operating
2026-08,50118,GEN5,Hal C Weaver Power Plant,6,CA,(SB) Standby/Backup: available for service but not normally used,Operating
2026-08,50118,GEN7,Hal C Weaver Power Plant,28.8,CA,(OP) Operating,Operating
2026-08,50118,GEN8,Hal C Weaver Power Plant,48.5,CT,(OP) Operating,Operating
2026-08,50118,GEN9,Hal C Weaver Power Plant,27.2,CA,(OP) Operating,Operating
2026-08,50127,GTA,Signal Hill Generating LLC,20,CT,(OP) Operating,Operating
2026-08,50127,GTB,Signal Hill Generating LLC,20,CT,(OP) Operating,Operating
2026-08,50127,GTC,Signal Hill Generating LLC,20,CT,(OP) Operating,Operating
2026-08,50127,STD,Signal Hill Generating LLC,20,CA,(OP) Operating,Operating
2026-08,50137,GEN1,Texas Gulf Sulphur,101.9,GT,(OP) Operating,Operating
2026-08,50150,GE10,Union Carbide Seadrift Cogen,15,ST,(OP) Operating,Operating
2026-08,50150,GE11,Union Carbide Seadrift Cogen,35,GT,(OP) Operating,Operating
2026-08,50150,GEN5,Union Carbide Seadrift Cogen,15,ST,(OP) Operating,Operating
2026-08,50150,GEN6,Union Carbide Seadrift Cogen,35,GT,(OP) Operating,Operating
2026-08,50150,GEN7,Union Carbide Seadrift Cogen,6,ST,(OS) Out of service and NOT expected to return to service in next calendar year,Operating
2026-08,50150,GEN8,Union Carbide Seadrift Cogen,35,GT,(OP) Operating,Operating
2026-08,50150,GEN9,Union Carbide Seadrift Cogen,15,ST,(OP) Operating,Operating
2026-08,50150,IGT,Union Carbide Seadrift Cogen,12,GT,(OP) Operating,Operating
2026-08,50229,TG2,Texas Petrochemicals,35,ST,(OP) Operating,Operating
2026-08,50241,9541,Tenet Hospital,2.1,IC,(OP) Operating,Operating
2026-08,50241,9542,Tenet Hospital,2.1,IC,(OP) Operating,Operating
2026-08,50304,GEN4,Shell Deer Park,88.2,GT,(OP) Operating,Operating
2026-08,50304,GEN5,Shell Deer Park,94,GT,(OP) Operating,Operating
2026-08,50475,GEN1,Corpus Christi,41,GT,(OP) Operating,Operating
2026-08,50625,TG22,ExxonMobil Beaumont Refinery,27.2,ST,(OP) Operating,Operating
2026-08,50625,TG23,ExxonMobil Beaumont Refinery,40.5,ST,(OP) Operating,Operating
2026-08,50625,TG24,ExxonMobil Beaumont Refinery,38.6,GT,(OP) Operating,Operating
2026-08,50625,TG32,ExxonMobil Beaumont Refinery,25,ST,(OP) Operating,Operating
2026-08,50625,TG33,ExxonMobil Beaumont Refinery,20,ST,(OP) Operating,Operating
2026-08,50625,TG34,ExxonMobil Beaumont Refinery,30,ST,(OP) Operating,Operating
2026-08,50625,TG41,ExxonMobil Beaumont Refinery,163,GT,(OP) Operating,Operating
2026-08,50625,TG42,ExxonMobil Beaumont Refinery,163,GT,(OP) Operating,Operating
2026-08,50625,TG43,ExxonMobil Beaumont Refinery,163,GT,(OP) Operating,Operating
2026-08,50815,GEN1,"Odyssey Energy Altura Cogen, LLC",84.9,CT,(OP) Operating,Operating
2026-08,50815,GEN2,"Odyssey Energy Altura Cogen, LLC",84.9,CT,(OP) Operating,Operating
2026-08,50815,GEN3,"Odyssey Energy Altura Cogen, LLC",84.9,CT,(OP) Operating,Operating
2026-08,50815,GEN4,"Odyssey Energy Altura Cogen, LLC",84.9,CT,(OP) Operating,Operating
2026-08,50815,GEN5,"Odyssey Energy Altura Cogen, LLC",84.9,CT,(OP) Operating,Operating
2026-08,50815,GEN6,"Odyssey Energy Altura Cogen, LLC",129.2,CA,(OP) Operating,Operating
2026-08,50815,GEN7,"Odyssey Energy Altura Cogen, LLC",89.9,CT,(OP) Operating,Operating
2026-08,50973,GN34,Motiva Enterprises Port Arthur Refinery,18.8,GT,(OP) Operating,Operating
2026-08,50973,GN35,Motiva Enterprises Port Arthur Refinery,40.5,CT,(OP) Operating,Operating
2026-08,50973,GN41,Motiva Enterprises Port Arthur Refinery,41.6,CT,(OP) Operating,Operating
2026-08,50973,GN42,Motiva Enterprises Port Arthur Refinery,41.6,CT,(OP) Operating,Operating
2026-08,50973,GN43,Motiva Enterprises Port Arthur Refinery,41.6,CT,(OP) Operating,Operating
2026-08,50973,GN44,Motiva Enterprises Port Arthur Refinery,41.6,CT,(OP) Operating,Operating
2026-08,52088,GEN1,Texas City Power Plant,141,CA,(OP) Operating,Operating
2026-08,52088,GEN2,Texas City Power Plant,103,CT,(OP) Operating,Operating
2026-08,52088,GEN3,Texas City Power Plant,103,CT,(OP) Operating,Operating
2026-08,52088,GEN4,Texas City Power Plant,103,CT,(OP) Operating,Operating
2026-08,52120,G-61,Freeport Energy,94.5,CT,(OP) Operating,Operating
2026-08,52120,G-63,Freeport Energy,94.5,CT,(OP) Operating,Operating
2026-08,52120,G-64,Freeport Energy,64.8,CA,(OS) Out of service and NOT expected to return to service in next calendar year,Operating
2026-08,52120,G-65,Freeport Energy,111.3,CA,(OP) Operating,Operating
2026-08,52120,G-66,Freeport Energy,119,CT,(OS) Out of service and NOT expected to return to service in next calendar year,Operating
2026-08,52120,G-67,Freeport Energy,119,CT,(OP) Operating,Operating
2026-08,52122,GEN1,Wasson CO2 Removal Plant,23.4,GT,(OP) Operating,Operating
2026-08,52132,GEN1,Power Station 4,78.2,CT,(OP) Operating,Operating
2026-08,52132,GEN2,Power Station 4,78.2,CT,(OP) Operating,Operating
2026-08,52132,GEN3,Power Station 4,34.7,CA,(OS) Out of service and NOT expected to return to service in next calendar year,Operating
2026-08,52176,GEN1,C R Wing Cogen Plant,84.9,GT,(OP) Operating,Operating
2026-08,52176,GEN2,C R Wing Cogen Plant,84.9,GT,(OP) Operating,Operating
2026-08,54321,2N80,Chickadee G-3,5,GT,(OP) Operating,Operating
2026-08,54321,3N80,Chickadee G-3,14.8,ST,(OP) Operating,Operating
2026-08,54321,N802,Chickadee G-3,5,GT,(OP) Operating,Operating
2026-08,54321,N803,Chickadee G-3,5,GT,(OP) Operating,Operating
2026-08,54321,N804,Chickadee G-3,5,GT,(OP) Operating,Operating
2026-08,54330,1,Westhollow Technology Center,3.7,GT,(OP) Operating,Operating
2026-08,54520,SD1,Village Creek Water Reclamation Facility,0.9,IC,(SB) Standby/Backup: available for service but not normally used,Operating
2026-08,54520,SD2,Village Creek Water Reclamation Facility,0.9,IC,(SB) Standby/Backup: available for service but not normally used,Operating
2026-08,54520,TG1,Village Creek Water Reclamation Facility,5.3,GT,(OP) Operating,Operating
2026-08,54520,TG2,Village Creek Water Reclamation Facility,5.3,GT,(OP) Operating,Operating
2026-08,54628,2607,Phelps Dodge Refining,3.5,GT,(OS) Out of service and NOT expected to return to service in next calendar year,Operating
2026-08,54628,2608,Phelps Dodge Refining,3.5,GT,(OS) Out of service and NOT expected to return to service in next calendar year,Operating
2026-08,54628,3001,Phelps Dodge Refining,4.2,GT,(OP) Operating,Operating
2026-08,54628,3002,Phelps Dodge Refining,4.2,GT,(OP) Operating,Operating
2026-08,54628,3003,Phelps Dodge Refining,4.2,GT,(OP) Operating,Operating
2026-08,54637,GCG1,JCO Oxides Olefins Plant,36.9,GT,(OP) Operating,Operating
2026-08,54637,GCG2,JCO Oxides Olefins Plant,36.9,GT,(OP) Operating,Operating
2026-08,54676,G81,Oyster Creek Unit VIII,99,CT,(OP) Operating,Operating
2026-08,54676,G82,Oyster Creek Unit VIII,99,CT,(OP) Operating,Operating
2026-08,54676,G83,Oyster Creek Unit VIII,99,CT,(OP) Operating,Operating
2026-08,54676,G84,Oyster Creek Unit VIII,200.9,CA,(OP) Operating,Operating
2026-08,54817,GT-1,Johnson County,178.2,CT,(OP) Operating,Operating
2026-08,54817,ST-1,Johnson County,104.4,CA,(OP) Operating,Operating
2026-08,55015,GEN1,Sweeny Cogen Facility,143,GT,(OP) Operating,Operating
2026-08,55015,GEN2,Sweeny Cogen Facility,143,GT,(OP) Operating,Operating
2026-08,55015,GEN3,Sweeny Cogen Facility,143,GT,(OP) Operating,Operating
2026-08,55015,GEN4,Sweeny Cogen Facility,143,GT,(OP) Operating,Operating
2026-08,55047,CTG1,Pasadena Cogeneration,175,CT,(OP) Operating,Operating
2026-08,55047,CTG2,Pasadena Cogeneration,185,CT,(OP) Operating,Operating
2026-08,55047,CTG3,Pasadena Cogeneration,185,CT,(OP) Operating,Operating
2026-08,55047,STG1,Pasadena Cogeneration,85,CA,(OP) Operating,Operating
2026-08,55047,STG2,Pasadena Cogeneration,185,CA,(OP) Operating,Operating
2026-08,55052,620,Jameson Gas Processing Plant,0.4,IC,(OP) Operating,Operating
2026-08,55052,621,Jameson Gas Processing Plant,0.4,IC,(OP) Operating,Operating
2026-08,55052,622,Jameson Gas Processing Plant,0.5,IC,(OP) Operating,Operating
2026-08,55052,GN410,Jameson Gas Processing Plant,0.5,IC,(OP) Operating,Operating
2026-08,55053,14,Bridgeport Gas Processing Plant,0.8,IC,(OP) Operating,Operating
2026-08,55053,15,Bridgeport Gas Processing Plant,0.8,IC,(OP) Operating,Operating
2026-08,55053,16,Bridgeport Gas Processing Plant,0.8,IC,(OP) Operating,Operating
2026-08,55053,17,Bridgeport Gas Processing Plant,0.8,IC,(OP) Operating,Operating
2026-08,55053,2723,Bridgeport Gas Processing Plant,0.8,IC,(OP) Operating,Operating
2026-08,55053,654,Bridgeport Gas Processing Plant,0.8,IC,(OP) Operating,Operating
2026-08,55053,655,Bridgeport Gas Processing Plant,0.8,IC,(OP) Operating,Operating
2026-08,55053,656,Bridgeport Gas Processing Plant,0.8,IC,(OP) Operating,Operating
2026-08,55053,657,Bridgeport Gas Processing Plant,0.8,IC,(OP) Operating,Operating
2026-08,55053,658,Bridgeport Gas Processing Plant,0.8,IC,(OP) Operating,Operating
2026-08,55053,666,Bridgeport Gas Processing Plant,0.8,IC,(OP) Operating,Operating
2026-08,55053,667,Bridgeport Gas Processing Plant,0.8,IC,(OP) Operating,Operating
2026-08,55053,671,Bridgeport Gas Processing Plant,0.8,IC,(OP) Operating,Operating
2026-08,55062,GTG1,Tenaska Frontier Generation Station,183.2,CT,(OP) Operating,Operating
2026-08,55062,GTG2,Tenaska Frontier Generation Station,183.2,CT,(OP) Operating,Operating
2026-08,55062,GTG3,Tenaska Frontier Generation Station,183.2,CT,(OP) Operating,Operating
2026-08,55062,STG1,Tenaska Frontier Generation Station,390.1,CA,(OP) Operating,Operating
2026-08,55064,UNT1,Black Hawk Station,126.9,GT,(OP) Operating,Operating
2026-08,55064,UNT2B,Black Hawk Station,117,GT,(OP) Operating,Operating
2026-08,55065,GEN1,Mustang Station,174.2,CT,(OP) Operating,Operating
2026-08,55065,GEN2,Mustang Station,174.2,CT,(OP) Operating,Operating
2026-08,55065,GEN3,Mustang Station,172.6,CA,(OP) Operating,Operating
2026-08,55086,GT1A,Gregory Power Plant,184.9,CT,(OP) Operating,Operating
2026-08,55086,GT1B,Gregory Power Plant,184.9,CT,(OP) Operating,Operating
2026-08,55086,STG,Gregory Power Plant,100,CA,(OP) Operating,Operating
2026-08,55091,STK1,Midlothian Energy Facility,289,CS,(OP) Operating,Operating
2026-08,55091,STK2,Midlothian Energy Facility,289,CS,(OP) Operating,Operating
2026-08,55091,STK3,Midlothian Energy Facility,289,CS,(OP) Operating,Operating
2026-08,55091,STK4,Midlothian Energy Facility,289,CS,(OP) Operating,Operating
2026-08,55091,STK5,Midlothian Energy Facility,289,CS,(OP) Operating,Operating
2026-08,55091,STK6,Midlothian Energy Facility,289,CS,(OP) Operating,Operating
2026-08,55097,CTG1,Lamar Power Project,176,CT,(OP) Operating,Operating
2026-08,55097,CTG2,Lamar Power Project,176,CT,(OP) Operating,Operating
2026-08,55097,CTG3,Lamar Power Project,176,CT,(OP) Operating,Operating
2026-08,55097,CTG4,Lamar Power Project,176,CT,(OP) Operating,Operating
2026-08,55097,STG1,Lamar Power Project,204.3,CA,(OP) Operating,Operating
2026-08,55097,STG2,Lamar Power Project,204.3,CA,(OP) Operating,Operating
2026-08,55098,GEN1,Frontera Energy Center,172,CT,(OP) Operating,Operating
2026-08,55098,GEN2,Frontera Energy Center,172,CT,(OP) Operating,Operating
2026-08,55098,GEN3,Frontera Energy Center,185,CA,(OP) Operating,Operating
2026-08,55122,UN1,NAFTA Region Olefins Complex Cogen Fac,41.6,GT,(OP) Operating,Operating
2026-08,55122,UN2,NAFTA Region Olefins Complex Cogen Fac,41.6,GT,(OP) Operating,Operating
2026-08,55123,CTG1,Magic Valley Generating Station,267,CT,(OP) Operating,Operating
2026-08,55123,CTG2,Magic Valley Generating Station,267,CT,(OP) Operating,Operating
2026-08,55123,STG,Magic Valley Generating Station,267,CA,(OP) Operating,Operating
2026-08,55132,GTG1,Tenaska Gateway Generating Station,183.2,CT,(OP) Operating,Operating
2026-08,55132,GTG2,Tenaska Gateway Generating Station,183.2,CT,(OP) Operating,Operating
2026-08,55132,GTG3,Tenaska Gateway Generating Station,183.2,CT,(OP) Operating,Operating
2026-08,55132,STG1,Tenaska Gateway Generating Station,390,CA,(OP) Operating,Operating
2026-08,55137,CTG1,Rio Nogales Power Project,223.5,CT,(OP) Operating,Operating
2026-08,55137,CTG2,Rio Nogales Power Project,222,CT,(OP) Operating,Operating
2026-08,55137,CTG3,Rio Nogales Power Project,223.5,CT,(OP) Operating,Operating
2026-08,55137,STG1,Rio Nogales Power Project,439,CA,(OP) Operating,Operating
2026-08,55139,CTG1,Wolf Hollow I LP,243.9,CT,(OP) Operating,Operating
2026-08,55139,CTG2,Wolf Hollow I LP,243.9,CT,(OP) Operating,Operating
2026-08,55139,ST,Wolf Hollow I LP,300.6,CA,(OP) Operating,Operating
2026-08,55144,U1,Hays Energy Project,241.7,CS,(OP) Operating,Operating
2026-08,55144,U2,Hays Energy Project,241.7,CS,(OP) Operating,Operating
2026-08,55144,U3,Hays Energy Project,252.8,CS,(OP) Operating,Operating
2026-08,55144,U4,Hays Energy Project,252.8,CS,(OP) Operating,Operating
2026-08,55153,CTG1,Guadalupe Generating Station,171.1,CT,(OP) Operating,Operating
2026-08,55153,CTG2,Guadalupe Generating Station,171.1,CT,(OP) Operating,Operating
2026-08,55153,CTG3,Guadalupe Generating Station,171.1,CT,(OP) Operating,Operating
2026-08,55153,CTG4,Guadalupe Generating Station,171.1,CT,(OP) Operating,Operating
2026-08,55153,STG1,Guadalupe Generating Station,201.9,CA,(OP) Operating,Operating
2026-08,55153,STG2,Guadalupe Generating Station,201.9,CA,(OP) Operating,Operating
2026-08,55154,CTA,Lost Pines 1 Power Project,202.5,CT,(OP) Operating,Operating
2026-08,55154,CTB,Lost Pines 1 Power Project,202.5,CT,(OP) Operating,Operating
2026-08,55154,ST,Lost Pines 1 Power Project,204,CA,(OP) Operating,Operating
2026-08,55168,0001,Bastrop Energy Center,188.2,CT,(OP) Operating,Operating
2026-08,55168,0002,Bastrop Energy Center,188.2,CT,(OP) Operating,Operating
2026-08,55168,0003,Bastrop Energy Center,242.3,CA,(OP) Operating,Operating
2026-08,55172,GT-1,Thad Hill Energy Center,154,CT,(OP) Operating,Operating
2026-08,55172,GT-2,Thad Hill Energy Center,154,CT,(OP) Operating,Operating
2026-08,55172,GT-3,Thad Hill Energy Center,154,CT,(OP) Operating,Operating
2026-08,55172,ST-4,Thad Hill Energy Center,95,CA,(OP) Operating,Operating
2026-08,55172,ST-5,Thad Hill Energy Center,250,CA,(OP) Operating,Operating
2026-08,55176,GEN1,Eastman Cogeneration Facility,170,CT,(OP) Operating,Operating
2026-08,55176,GEN2,Eastman Cogeneration Facility,170,CT,(OP) Operating,Operating
2026-08,55176,GEN3,Eastman Cogeneration Facility,127.7,CA,(OP) Operating,Operating
2026-08,55187,GT1,Channelview Cogeneration Plant,192.1,CT,(OP) Operating,Operating
2026-08,55187,GT2,Channelview Cogeneration Plant,192.1,CT,(OP) Operating,Operating
2026-08,55187,GT3,Channelview Cogeneration Plant,192.1,CT,(OP) Operating,Operating
2026-08,55187,GT4,Channelview Cogeneration Plant,192.1,CT,(OP) Operating,Operating
2026-08,55187,ST1,Channelview Cogeneration Plant,149.9,CA,(OP) Operating,Operating
2026-08,55206,CT1,Corpus Christi Energy Center,198.9,CT,(OP) Operating,Operating
2026-08,55206,CT2,Corpus Christi Energy Center,198.9,CT,(OP) Operating,Operating
2026-08,55206,ST1,Corpus Christi Energy Center,195.5,CA,(OP) Operating,Operating
2026-08,55215,CTG1,Odessa-Ector Power Plant,176,CT,(OP) Operating,Operating
2026-08,55215,CTG2,Odessa-Ector Power Plant,176,CT,(OP) Operating,Operating
2026-08,55215,CTG3,Odessa-Ector Power Plant,176,CT,(OP) Operating,Operating
2026-08,55215,CTG4,Odessa-Ector Power Plant,176,CT,(OP) Operating,Operating
2026-08,55215,STG1,Odessa-Ector Power Plant,224.4,CA,(OP) Operating,Operating
2026-08,55215,STG2,Odessa-Ector Power Plant,224.4,CA,(OP) Operating,Operating
2026-08,55223,GT1,Ennis Power Company LLC,285,CT,(OP) Operating,Operating
2026-08,55223,ST1,Ennis Power Company LLC,133,CA,(OP) Operating,Operating
2026-08,55226,GT1,Freestone Energy Center,166.7,CT,(OP) Operating,Operating
2026-08,55226,GT2,Freestone Energy Center,166.7,CT,(OP) Operating,Operating
2026-08,55226,GT3,Freestone Energy Center,166.7,CT,(OP) Operating,Operating
2026-08,55226,GT4,Freestone Energy Center,166.7,CT,(OP) Operating,Operating
2026-08,55226,ST3,Freestone Energy Center,184.6,CA,(OP) Operating,Operating
2026-08,55226,ST6,Freestone Energy Center,184.6,CA,(OP) Operating,Operating
2026-08,55230,CT1,Jack County,170,CT,(OP) Operating,Operating
2026-08,55230,CT2,Jack County,170,CT,(OP) Operating,Operating
2026-08,55230,CT3,Jack County,170,CT,(OP) Operating,Operating
2026-08,55230,CT4,Jack County,170,CT,(OP) Operating,Operating
2026-08,55230,ST1,Jack County,300,CA,(OP) Operating,Operating
2026-08,55230,ST2,Jack County,300,CA,(OP) Operating,Operating
2026-08,55299,CTG1,Channel Energy Center LLC,215,CT,(OP) Operating,Operating
2026-08,55299,CTG2,Channel Energy Center LLC,215,CT,(OP) Operating,Operating
2026-08,55299,CTG3,Channel Energy Center LLC,208.8,CT,(OP) Operating,Operating
2026-08,55299,ST-1,Channel Energy Center LLC,285,CA,(OP) Operating,Operating
2026-08,55309,GEN 5,Air Products Port Arthur,32.8,GT,(OP) Operating,Operating
2026-08,55309,GEN1,Air Products Port Arthur,37.6,GT,(OP) Operating,Operating
2026-08,55311,GEN1,BASF Freeport Works,81,GT,(OP) Operating,Operating
2026-08,55313,CTG1,Ingleside Cogeneration,170.1,CT,(OP) Operating,Operating
2026-08,55313,CTG2,Ingleside Cogeneration,170.1,CT,(OP) Operating,Operating
2026-08,55313,STG,Ingleside Cogeneration,176.8,CA,(OP) Operating,Operating
2026-08,55320,GT1,Wise County Power LLC,261,CT,(OP) Operating,Operating
2026-08,55320,GT2,Wise County Power LLC,261,CT,(OP) Operating,Operating
2026-08,55320,ST1,Wise County Power LLC,299.7,CA,(OP) Operating,Operating
2026-08,55327,CTG1,Baytown Energy Center,219.3,CT,(OP) Operating,Operating
2026-08,55327,CTG2,Baytown Energy Center,219.3,CT,(OP) Operating,Operating
2026-08,55327,CTG3,Baytown Energy Center,219.3,CT,(OP) Operating,Operating
2026-08,55327,STG1,Baytown Energy Center,275,CA,(OP) Operating,Operating
2026-08,55357,CTG1,Jack Fusco Energy Center,200,CT,(OP) Operating,Operating
2026-08,55357,CTG2,Jack Fusco Energy Center,200,CT,(OP) Operating,Operating
2026-08,55357,STG1,Jack Fusco Energy Center,275.6,CA,(OP) Operating,Operating
2026-08,55358,CT1,Cottonwood Energy Company LP,198.9,CT,(OA) Out of service but expected to return to service in next calendar year,Operating
2026-08,55358,CT2,Cottonwood Energy Company LP,198.9,CT,(OA) Out of service but expected to return to service in next calendar year,Operating
2026-08,55358,CT3,Cottonwood Energy Company LP,198.9,CT,(OP) Operating,Operating
2026-08,55358,CT4,Cottonwood Energy Company LP,198.9,CT,(OP) Operating,Operating
2026-08,55358,ST1,Cottonwood Energy Company LP,159.5,CA,(OA) Out of service but expected to return to service in next calendar year,Operating
2026-08,55358,ST2,Cottonwood Energy Company LP,159.5,CA,(OA) Out of service but expected to return to service in next calendar year,Operating
2026-08,55358,ST3,Cottonwood Energy Company LP,159.5,CA,(OP) Operating,Operating
2026-08,55358,ST4,Cottonwood Energy Company LP,159.5,CA,(OP) Operating,Operating
2026-08,55365,GT1,Exelon LaPorte Generating Station,59,GT,(OP) Operating,Operating
2026-08,55365,GT2,Exelon LaPorte Generating Station,59,GT,(OP) Operating,Operating
2026-08,55365,GT3,Exelon LaPorte Generating Station,59,GT,(OP) Operating,Operating
2026-08,55365,GT4,Exelon LaPorte Generating Station,59,GT,(OP) Operating,Operating
2026-08,55464,CTG1,Deer Park Energy Center,180,CT,(OP) Operating,Operating
2026-08,55464,CTG2,Deer Park Energy Center,180,CT,(OP) Operating,Operating
2026-08,55464,CTG3,Deer Park Energy Center,180,CT,(OP) Operating,Operating
2026-08,55464,CTG4,Deer Park Energy Center,180,CT,(OP) Operating,Operating
2026-08,55464,CTG6,Deer Park Energy Center,180,CT,(OP) Operating,Operating
2026-08,55464,STG1,Deer Park Energy Center,276,CA,(OP) Operating,Operating
2026-08,55470,ST1,Green Power 2,110,CA,(OP) Operating,Operating
2026-08,55470,ST805,Green Power 2,250,CA,(OS) Out of service and NOT expected to return to service in next calendar year,Operating
2026-08,55470,TR1,Green Power 2,167,CT,(OP) Operating,Operating
2026-08,55470,TR2,Green Power 2,167,CT,(OP) Operating,Operating
2026-08,55470,TR3,Green Power 2,167,CT,(OP) Operating,Operating
2026-08,55480,ST1,Forney Energy Center,382.5,CA,(OP) Operating,Operating
2026-08,55480,ST2,Forney Energy Center,382.5,CA,(OP) Operating,Operating
2026-08,55480,U1,Forney Energy Center,188.2,CT,(OP) Operating,Operating
2026-08,55480,U2,Forney Energy Center,188.2,CT,(OP) Operating,Operating
2026-08,55480,U3,Forney Energy Center,188.2,CT,(OP) Operating,Operating
2026-08,55480,U4,Forney Energy Center,188.2,CT,(OP) Operating,Operating
2026-08,55480,U5,Forney Energy Center,188.2,CT,(OP) Operating,Operating
2026-08,55480,U6,Forney Energy Center,188.2,CT,(OP) Operating,Operating
2026-08,55545,CTG1,Hidalgo Energy Center,176.6,CT,(OP) Operating,Operating
2026-08,55545,CTG2,Hidalgo Energy Center,176.6,CT,(OP) Operating,Operating
2026-08,55545,STG1,Hidalgo Energy Center,198.1,CA,(OP) Operating,Operating
2026-08,55664,GT-1,Harrison County Power Project,170,CT,(OP) Operating,Operating
2026-08,55664,GT-2,Harrison County Power Project,170,CT,(OP) Operating,Operating
2026-08,55664,ST-1,Harrison County Power Project,230,CA,(OP) Operating,Operating
2026-08,56152,CTG1,Freeport Energy Center,180,CT,(OP) Operating,Operating
2026-08,56152,STG1,Freeport Energy Center,80,CA,(OP) Operating,Operating
2026-08,56233,CT02,EG178 Facility,60.5,CT,(OP) Operating,Operating
2026-08,56233,CTG1,EG178 Facility,60.5,CT,(OP) Operating,Operating
2026-08,56233,STG,EG178 Facility,32.9,CA,(OP) Operating,Operating
2026-08,56326,GEN1,Mustang Station Unit 4,153,GT,(OP) Operating,Operating
2026-08,56326,GEN2,Mustang Station Unit 4,153,GT,(OP) Operating,Operating
2026-08,56326,GEN3,Mustang Station Unit 4,166.1,GT,(OP) Operating,Operating
2026-08,56349,CT1A,Quail Run Energy Center,90.6,CT,(OP) Operating,Operating
2026-08,56349,CT1B,Quail Run Energy Center,90.6,CT,(OP) Operating,Operating
2026-08,56349,CT2A,Quail Run Energy Center,86.5,CT,(OP) Operating,Operating
2026-08,56349,CT2B,Quail Run Energy Center,86.5,CT,(OP) Operating,Operating
2026-08,56349,ST1,Quail Run Energy Center,98.1,CA,(OP) Operating,Operating
2026-08,56349,ST2,Quail Run Energy Center,98.1,CA,(OP) Operating,Operating
2026-08,56350,CT1A,Colorado Bend Energy Center,90,CT,(OP) Operating,Operating
2026-08,56350,CT1B,Colorado Bend Energy Center,90,CT,(OP) Operating,Operating
2026-08,56350,CT2A,Colorado Bend Energy Center,90,CT,(OP) Operating,Operating
2026-08,56350,CT2B,Colorado Bend Energy Center,90,CT,(OP) Operating,Operating
2026-08,56350,CT4A,Colorado Bend Energy Center,37,GT,(OP) Operating,Operating
2026-08,56350,CT4B,Colorado Bend Energy Center,37,GT,(OP) Operating,Operating
2026-08,56350,ST1,Colorado Bend Energy Center,105.1,CA,(OP) Operating,Operating
2026-08,56350,ST2,Colorado Bend Energy Center,115,CA,(OP) Operating,Operating
2026-08,56374,CT1,Robert Mueller Energy Center,4.6,GT,(OP) Operating,Operating
2026-08,56603,SJC1,San Jacinto County Peaking Facility,85,GT,(OP) Operating,Operating
2026-08,56603,SJC2,San Jacinto County Peaking Facility,85,GT,(OP) Operating,Operating
2026-08,56604,HC1,Hardin County Peaking Facility,86.5,GT,(OP) Operating,Operating
2026-08,56604,HC2,Hardin County Peaking Facility,86.5,GT,(OP) Operating,Operating
2026-08,56674,CGT1,Winchester Power Park,60.5,GT,(OP) Operating,Operating
2026-08,56674,CGT2,Winchester Power Park,60.5,GT,(OP) Operating,Operating
2026-08,56674,CGT3,Winchester Power Park,60.5,GT,(OP) Operating,Operating
2026-08,56674,CGT4,Winchester Power Park,60.5,GT,(OP) Operating,Operating
2026-08,56708,G2101,CFB Power Plant,155,ST,(OP) Operating,Operating
2026-08,56708,G2201,CFB Power Plant,155,ST,(OP) Operating,Operating
2026-08,56806,4,Cedar Bayou 4,178.5,CA,(OP) Operating,Operating
2026-08,56806,41,Cedar Bayou 4,178.5,CT,(OP) Operating,Operating
2026-08,56806,42,Cedar Bayou 4,178.5,CT,(OP) Operating,Operating
2026-08,57322,GT01,Mont Belvieu Cogeneration Unit,15,GT,(OP) Operating,Operating
2026-08,57504,CHP1,TECO CHP-1,48,GT,(OP) Operating,Operating
2026-08,57504,GTG2,TECO CHP-1,50,GT,(OP) Operating,Operating
2026-08,57865,E01,Antelope Station,9.3,IC,(OP) Operating,Operating
2026-08,57865,E02,Antelope Station,9.3,IC,(OP) Operating,Operating
2026-08,57865,E03,Antelope Station,9.3,IC,(OP) Operating,Operating
2026-08,57865,E04,Antelope Station,9.3,IC,(OP) Operating,Operating
2026-08,57865,E05,Antelope Station,9.3,IC,(OP) Operating,Operating
2026-08,57865,E06,Antelope Station,9.3,IC,(OP) Operating,Operating
2026-08,57865,E07,Antelope Station,9.3,IC,(OP) Operating,Operating
2026-08,57865,E08,Antelope Station,9.3,IC,(OP) Operating,Operating
2026-08,57865,E09,Antelope Station,9.3,IC,(OP) Operating,Operating
2026-08,57865,E10,Antelope Station,9.3,IC,(OP) Operating,Operating
2026-08,57865,E11,Antelope Station,9.3,IC,(OP) Operating,Operating
2026-08,57865,E12,Antelope Station,9.3,IC,(OP) Operating,Operating
2026-08,57865,E13,Antelope Station,9.3,IC,(OP) Operating,Operating
2026-08,57865,E14,Antelope Station,9.3,IC,(OP) Operating,Operating
2026-08,57865,E15,Antelope Station,9.3,IC,(OP) Operating,Operating
2026-08,57865,E16,Antelope Station,9.3,IC,(OP) Operating,Operating
2026-08,57865,E17,Antelope Station,9.3,IC,(OP) Operating,Operating
2026-08,57865,E18,Antelope Station,9.3,IC,(OP) Operating,Operating
2026-08,58001,CTG-1,Temple Power Station,232,CT,(OP) Operating,Operating
2026-08,58001,CTG-2,Temple Power Station,232,CT,(OP) Operating,Operating
2026-08,58001,CTG-3,Temple Power Station,232,CT,(OP) Operating,Operating
2026-08,58001,CTG-4,Temple Power Station,232,CT,(OP) Operating,Operating
2026-08,58001,STG-1,Temple Power Station,339.2,CA,(OP) Operating,Operating
2026-08,58001,STG-2,Temple Power Station,339.2,CA,(OP) Operating,Operating
2026-08,58005,CTG-1,Rayburn Energy Station LLC,232,CT,(OP) Operating,Operating
2026-08,58005,CTG-2,Rayburn Energy Station LLC,232,CT,(OP) Operating,Operating
2026-08,58005,STG-1,Rayburn Energy Station LLC,339.2,CA,(OP) Operating,Operating
2026-08,58151,GTG01,Central Utility Plant - Texas A&M,34.1,CT,(OP) Operating,Operating
2026-08,58151,STG02,Central Utility Plant - Texas A&M,11,CA,(OP) Operating,Operating
2026-08,58378,GT2,Petra Nova Carbon Capture Cogen,82.2,GT,(OP) Operating,Operating
2026-08,58471,CTG1,Ector County Energy Center,179.4,GT,(OP) Operating,Operating
2026-08,58471,CTG2,Ector County Energy Center,179.4,GT,(OP) Operating,Operating
2026-08,58562,GT-1,Montana Power Station,131.8,GT,(OP) Operating,Operating
2026-08,58562,GT-2,Montana Power Station,131.8,GT,(OP) Operating,Operating
2026-08,58562,GT-3,Montana Power Station,131.8,GT,(OP) Operating,Operating
2026-08,58562,GT-4,Montana Power Station,131.8,GT,(OP) Operating,Operating
2026-08,58835,ELK1,Elk Station,199.8,GT,(OP) Operating,Operating
2026-08,58835,ELK2,Elk Station,199.8,GT,(OP) Operating,Operating
2026-08,58835,ELK3,Elk Station,199.8,GT,(OP) Operating,Operating
2026-08,59145,65GTG,Freeport LP Pretreatment Facility,87,GT,(OP) Operating,Operating
2026-08,59381,GT-1,"The Methodist Hospital, Gas Turbine",5,GT,(OS) Out of service and NOT expected to return to service in next calendar year,Operating
2026-08,59391,ENG01,Red Gate Power Plant,18.7,IC,(OP) Operating,Operating
2026-08,59391,ENG02,Red Gate Power Plant,18.7,IC,(OP) Operating,Operating
2026-08,59391,ENG03,Red Gate Power Plant,18.7,IC,(OP) Operating,Operating
2026-08,59391,ENG04,Red Gate Power Plant,18.7,IC,(OP) Operating,Operating
2026-08,59391,ENG05,Red Gate Power Plant,18.7,IC,(OP) Operating,Operating
2026-08,59391,ENG06,Red Gate Power Plant,18.7,IC,(OP) Operating,Operating
2026-08,59391,ENG07,Red Gate Power Plant,18.7,IC,(OP) Operating,Operating
2026-08,59391,ENG08,Red Gate Power Plant,18.7,IC,(OP) Operating,Operating
2026-08,59391,ENG09,Red Gate Power Plant,18.7,IC,(OP) Operating,Operating
2026-08,59391,ENG10,Red Gate Power Plant,18.7,IC,(OP) Operating,Operating
2026-08,59391,ENG11,Red Gate Power Plant,18.7,IC,(OP) Operating,Operating
2026-08,59391,ENG12,Red Gate Power Plant,18.7,IC,(OP) Operating,Operating
2026-08,59812,CGT4,Wolf Hollow II,360,CT,(OP) Operating,Operating
2026-08,59812,CGT5,Wolf Hollow II,360,CT,(OP) Operating,Operating
2026-08,59812,STG6,Wolf Hollow II,511.2,CA,(OP) Operating,Operating
2026-08,59938,UNIT1,Sky Global Power One,8.5,IC,(OP) Operating,Operating
2026-08,59938,UNIT2,Sky Global Power One,8.5,IC,(OP) Operating,Operating
2026-08,59938,UNIT3,Sky Global Power One,8.5,IC,(OP) Operating,Operating
2026-08,59938,UNIT4,Sky Global Power One,8.5,IC,(OP) Operating,Operating
2026-08,59938,UNIT5,Sky Global Power One,8.5,IC,(OP) Operating,Operating
2026-08,59938,UNIT6,Sky Global Power One,8.5,IC,(OP) Operating,Operating
2026-08,60122,CT7,Colorado Bend II,360.9,CT,(OP) Operating,Operating
2026-08,60122,CT8,Colorado Bend II,360.9,CT,(OP) Operating,Operating
2026-08,60122,STG9,Colorado Bend II,508.5,CA,(OP) Operating,Operating
2026-08,60264,BCGT1,Bacliff,71.2,GT,(OP) Operating,Operating
2026-08,60264,BCGT2,Bacliff,71.2,GT,(OP) Operating,Operating
2026-08,60264,BCGT3,Bacliff,71.2,GT,(OP) Operating,Operating
2026-08,60264,BCGT4,Bacliff,71.2,GT,(OP) Operating,Operating
2026-08,60264,BCGT5,Bacliff,71.2,GT,(OP) Operating,Operating
2026-08,60264,BCGT6,Bacliff,71.2,GT,(OP) Operating,Operating
2026-08,60459,PC1,Calhoun Port Comfort,60.5,GT,(OP) Operating,Operating
2026-08,60459,PC2,Calhoun Port Comfort,60.5,GT,(OP) Operating,Operating
2026-08,60460,CH1,Chamon,60.5,GT,(OP) Operating,Operating
2026-08,60460,CH2,Chamon,60.5,GT,(OP) Operating,Operating
2026-08,60468,GT-1,Friendswood Energy,121.5,GT,(OP) Operating,Operating
2026-08,60468,GT-2,Friendswood Energy,47.9,GT,(OP) Operating,Operating
2026-08,60468,GT-3,Friendswood Energy,47.9,GT,(OP) Operating,Operating
2026-08,60468,GT-4,Friendswood Energy,47.9,GT,(OP) Operating,Operating
2026-08,60925,1A,Montgomery County,250,CT,(OP) Operating,Operating
2026-08,60925,1B,Montgomery County,250,CT,(OP) Operating,Operating
2026-08,60925,1C,Montgomery County,500,CA,(OP) Operating,Operating
2026-08,61241,VC-1,Tres City Power LLC,50,GT,(OP) Operating,Operating
2026-08,61241,VC-2,Tres City Power LLC,50,GT,(OP) Operating,Operating
2026-08,61242,VP-1,"Tres Port Power, LLC",50,GT,(OP) Operating,Operating
2026-08,61242,VP-2,"Tres Port Power, LLC",50,GT,(OP) Operating,Operating
2026-08,61643,DEC1,Denton Energy Center,18.8,IC,(OP) Operating,Operating
2026-08,61643,DEC10,Denton Energy Center,18.8,IC,(OP) Operating,Operating
2026-08,61643,DEC11,Denton Energy Center,18.8,IC,(OP) Operating,Operating
2026-08,61643,DEC12,Denton Energy Center,18.8,IC,(OP) Operating,Operating
2026-08,61643,DEC2,Denton Energy Center,18.8,IC,(OP) Operating,Operating
2026-08,61643,DEC3,Denton Energy Center,18.8,IC,(OP) Operating,Operating
2026-08,61643,DEC4,Denton Energy Center,18.8,IC,(OP) Operating,Operating
2026-08,61643,DEC5,Denton Energy Center,18.8,IC,(OP) Operating,Operating
2026-08,61643,DEC6,Denton Energy Center,18.8,IC,(OP) Operating,Operating
2026-08,61643,DEC7,Denton Energy Center,18.8,IC,(OP) Operating,Operating
2026-08,61643,DEC8,Denton Energy Center,18.8,IC,(OP) Operating,Operating
2026-08,61643,DEC9,Denton Energy Center,18.8,IC,(OP) Operating,Operating
2026-08,61966,VP2-1,Victoria Port II,50,GT,(OP) Operating,Operating
2026-08,61966,VP2-2,Victoria Port II,50,GT,(OP) Operating,Operating
2026-08,62548,SJ-1,SJRR (LIG),50,GT,(OP) Operating,Operating
2026-08,62548,SJ-2,SJRR (LIG),50,GT,(OP) Operating,Operating
2026-08,62762,CTG-1,NASA Johnson Space Center CHP,5.6,GT,(OP) Operating,Operating
2026-08,62762,CTG-2,NASA Johnson Space Center CHP,5.6,GT,(OP) Operating,Operating
2026-08,63335,CTG-1,HO Clarke Generating,60.5,GT,(OP) Operating,Operating
2026-08,63335,CTG-2,HO Clarke Generating,60.5,GT,(OP) Operating,Operating
2026-08,63335,CTG-3,HO Clarke Generating,60.5,GT,(OP) Operating,Operating
2026-08,63335,CTG-4,HO Clarke Generating,60.5,GT,(OP) Operating,Operating
2026-08,63335,CTG-5,HO Clarke Generating,60.5,GT,(OP) Operating,Operating
2026-08,63335,CTG-6,HO Clarke Generating,60.5,GT,(OP) Operating,Operating
2026-08,63335,CTG-7,HO Clarke Generating,60.5,GT,(OP) Operating,Operating
2026-08,63335,CTG-8,HO Clarke Generating,60.5,GT,(OP) Operating,Operating
2026-08,63688,CTG-1,Topaz Generating,60.5,GT,(OP) Operating,Operating
2026-08,63688,CTG-2,Topaz Generating,60.5,GT,(OP) Operating,Operating
2026-08,63688,CTG-3,Topaz Generating,60.5,GT,(OP) Operating,Operating
2026-08,63688,CTG-4,Topaz Generating,60.5,GT,(OP) Operating,Operating
2026-08,63688,CTG-5,Topaz Generating,60.5,GT,(OP) Operating,Operating
2026-08,63688,CTG-6,Topaz Generating,60.5,GT,(OP) Operating,Operating
2026-08,63688,CTG-7,Topaz Generating,60.5,GT,(OP) Operating,Operating
2026-08,63688,CTG-8,Topaz Generating,60.5,GT,(OP) Operating,Operating
2026-08,63688,CTG-9,Topaz Generating,60.5,GT,(OP) Operating,Operating
2026-08,63688,CTG10,Topaz Generating,60.5,GT,(OP) Operating,Operating
2026-08,64383,CTG-1,Braes Bayou Plant,60.5,GT,(OP) Operating,Operating
2026-08,64383,CTG-2,Braes Bayou Plant,60.5,GT,(OP) Operating,Operating
2026-08,64383,CTG-3,Braes Bayou Plant,60.5,GT,(OP) Operating,Operating
2026-08,64383,CTG-4,Braes Bayou Plant,60.5,GT,(OP) Operating,Operating
2026-08,64383,CTG-5,Braes Bayou Plant,60.5,GT,(OP) Operating,Operating
2026-08,64383,CTG-6,Braes Bayou Plant,60.5,GT,(OP) Operating,Operating
2026-08,64383,CTG-7,Braes Bayou Plant,60.5,GT,(OP) Operating,Operating
2026-08,64383,CTG-8,Braes Bayou Plant,60.5,GT,(OP) Operating,Operating
2026-08,64769,GEN1,WAL194,0.4,IC,(OP) Operating,Operating
2026-08,64769,GEN2,WAL194,0.4,IC,(OP) Operating,Operating
2026-08,64769,GEN3,WAL194,0.4,IC,(OP) Operating,Operating
2026-08,64771,GEN1,WAL266,0.4,IC,(OP) Operating,Operating
2026-08,64771,GEN2,WAL266,0.4,IC,(OP) Operating,Operating
2026-08,64771,GEN3,WAL266,0.4,IC,(OP) Operating,Operating
2026-08,64772,GEN1,WAL284,0.4,IC,(OP) Operating,Operating
2026-08,64772,GEN2,WAL284,0.4,IC,(OP) Operating,Operating
2026-08,64772,GEN3,WAL284,0.4,IC,(OP) Operating,Operating
2026-08,64773,GEN1,WAL407,0.4,IC,(OP) Operating,Operating
2026-08,64773,GEN2,WAL407,0.4,IC,(OP) Operating,Operating
2026-08,64773,GEN3,WAL407,0.4,IC,(OP) Operating,Operating
2026-08,64774,GEN1,WAL414,0.4,IC,(OP) Operating,Operating
2026-08,64774,GEN2,WAL414,0.4,IC,(OP) Operating,Operating
2026-08,64774,GEN3,WAL414,0.4,IC,(OP) Operating,Operating
2026-08,64775,GEN1,WAL447,0.4,IC,(OP) Operating,Operating
2026-08,64775,GEN2,WAL447,0.4,IC,(OP) Operating,Operating
2026-08,64775,GEN3,WAL447,0.4,IC,(OP) Operating,Operating
2026-08,64776,GEN1,WAL452,0.4,IC,(OP) Operating,Operating
2026-08,64776,GEN2,WAL452,0.4,IC,(OP) Operating,Operating
2026-08,64776,GEN3,WAL452,0.4,IC,(OP) Operating,Operating
2026-08,64777,GEN1,WAL456,0.4,IC,(OP) Operating,Operating
2026-08,64777,GEN2,WAL456,0.4,IC,(OP) Operating,Operating
2026-08,64777,GEN3,WAL456,0.4,IC,(OP) Operating,Operating
2026-08,64778,GEN1,WAL461,0.4,IC,(OP) Operating,Operating
2026-08,64778,GEN2,WAL461,0.4,IC,(OP) Operating,Operating
2026-08,64778,GEN3,WAL461,0.4,IC,(OP) Operating,Operating
2026-08,64791,GEN1,WAL462,1.3,IC,(OP) Operating,Operating
2026-08,64792,GEN1,WAL504,0.4,IC,(OP) Operating,Operating
2026-08,64792,GEN2,WAL504,0.4,IC,(OP) Operating,Operating
2026-08,64792,GEN3,WAL504,0.4,IC,(OP) Operating,Operating
2026-08,64793,GEN1,WAL522,0.4,IC,(OP) Operating,Operating
2026-08,64793,GEN2,WAL522,0.4,IC,(OP) Operating,Operating
2026-08,64793,GEN3,WAL522,0.4,IC,(OP) Operating,Operating
2026-08,64794,GEN1,WAL529,1.3,IC,(OP) Operating,Operating
2026-08,64795,GEN1,WAL536,0.4,IC,(OP) Operating,Operating
2026-08,64795,GEN2,WAL536,0.4,IC,(OP) Operating,Operating
2026-08,64795,GEN3,WAL536,0.4,IC,(OP) Operating,Operating
2026-08,64796,GEN1,WAL537,0.4,IC,(OP) Operating,Operating
2026-08,64796,GEN2,WAL537,0.4,IC,(OP) Operating,Operating
2026-08,64796,GEN3,WAL537,0.4,IC,(OP) Operating,Operating
2026-08,64797,GEN1,WAL546,0.4,IC,(OP) Operating,Operating
2026-08,64797,GEN2,WAL546,0.4,IC,(OP) Operating,Operating
2026-08,64797,GEN3,WAL546,0.4,IC,(OP) Operating,Operating
2026-08,64798,GEN1,WAL565,0.4,IC,(OP) Operating,Operating
2026-08,64798,GEN2,WAL565,0.4,IC,(OP) Operating,Operating
2026-08,64798,GEN3,WAL565,0.4,IC,(OP) Operating,Operating
2026-08,64799,GEN1,WAL602,0.4,IC,(OP) Operating,Operating
2026-08,64799,GEN2,WAL602,0.4,IC,(OP) Operating,Operating
2026-08,64799,GEN3,WAL602,0.4,IC,(OP) Operating,Operating
2026-08,64800,GEN1,WAL744,0.4,IC,(OP) Operating,Operating
2026-08,64800,GEN2,WAL744,0.4,IC,(OP) Operating,Operating
2026-08,64800,GEN3,WAL744,0.4,IC,(OP) Operating,Operating
2026-08,64801,GEN1,WAL752,0.4,IC,(OP) Operating,Operating
2026-08,64801,GEN2,WAL752,0.4,IC,(OP) Operating,Operating
2026-08,64801,GEN3,WAL752,0.4,IC,(OP) Operating,Operating
2026-08,64802,GEN1,WAL768,0.4,IC,(OP) Operating,Operating
2026-08,64802,GEN2,WAL768,0.4,IC,(OP) Operating,Operating
2026-08,64802,GEN3,WAL768,0.4,IC,(OP) Operating,Operating
2026-08,64803,GEN1,WAL772,0.4,IC,(OP) Operating,Operating
2026-08,64803,GEN2,WAL772,0.4,IC,(OP) Operating,Operating
2026-08,64803,GEN3,WAL772,0.4,IC,(OP) Operating,Operating
2026-08,64804,GEN1,WAL791,0.4,IC,(OP) Operating,Operating
2026-08,64804,GEN2,WAL791,0.4,IC,(OP) Operating,Operating
2026-08,64804,GEN3,WAL791,0.4,IC,(OP) Operating,Operating
2026-08,64805,GEN1,WAL849,0.4,IC,(OP) Operating,Operating
2026-08,64805,GEN2,WAL849,0.4,IC,(OP) Operating,Operating
2026-08,64805,GEN3,WAL849,0.4,IC,(OP) Operating,Operating
2026-08,64806,GEN1,WAL872,0.4,IC,(OP) Operating,Operating
2026-08,64806,GEN2,WAL872,0.4,IC,(OP) Operating,Operating
2026-08,64806,GEN3,WAL872,0.4,IC,(OP) Operating,Operating
2026-08,64807,GEN1,WAL896,0.4,IC,(OP) Operating,Operating
2026-08,64807,GEN2,WAL896,0.4,IC,(OP) Operating,Operating
2026-08,64807,GEN3,WAL896,0.4,IC,(OP) Operating,Operating
2026-08,64808,GEN1,WAL897,1.3,IC,(OP) Operating,Operating
2026-08,64809,GEN1,WAL940,0.4,IC,(OP) Operating,Operating
2026-08,64809,GEN2,WAL940,0.4,IC,(OP) Operating,Operating
2026-08,64809,GEN3,WAL940,0.4,IC,(OP) Operating,Operating
2026-08,64810,GEN1,WAL947,0.4,IC,(OP) Operating,Operating
2026-08,64810,GEN2,WAL947,0.4,IC,(OP) Operating,Operating
2026-08,64810,GEN3,WAL947,0.4,IC,(OP) Operating,Operating
2026-08,64812,GEN1,WAL972,0.4,IC,(OP) Operating,Operating
2026-08,64812,GEN2,WAL972,0.4,IC,(OP) Operating,Operating
2026-08,64812,GEN3,WAL972,0.4,IC,(OP) Operating,Operating
2026-08,64813,GEN1,WAL1040,0.4,IC,(OP) Operating,Operating
2026-08,64813,GEN2,WAL1040,0.4,IC,(OP) Operating,Operating
2026-08,64813,GEN3,WAL1040,0.4,IC,(OP) Operating,Operating
2026-08,64814,GEN1,WAL1062,0.4,IC,(OP) Operating,Operating
2026-08,64814,GEN2,WAL1062,0.4,IC,(OP) Operating,Operating
2026-08,64814,GEN3,WAL1062,0.4,IC,(OP) Operating,Operating
2026-08,64815,GEN1,WAL1103,0.4,IC,(OP) Operating,Operating
2026-08,64815,GEN2,WAL1103,0.4,IC,(OP) Operating,Operating
2026-08,64815,GEN3,WAL1103,0.4,IC,(OP) Operating,Operating
2026-08,64816,GEN1,WAL1232,0.4,IC,(OP) Operating,Operating
2026-08,64816,GEN2,WAL1232,0.4,IC,(OP) Operating,Operating
2026-08,64816,GEN3,WAL1232,0.4,IC,(OP) Operating,Operating
2026-08,64829,GEN1,WAL1272,0.4,IC,(OP) Operating,Operating
2026-08,64829,GEN2,WAL1272,0.4,IC,(OP) Operating,Operating
2026-08,64829,GEN3,WAL1272,0.4,IC,(OP) Operating,Operating
2026-08,64883,GEN1,WAL1455,0.4,IC,(OP) Operating,Operating
2026-08,64883,GEN2,WAL1455,0.4,IC,(OP) Operating,Operating
2026-08,64883,GEN3,WAL1455,0.4,IC,(OP) Operating,Operating
2026-08,64884,GEN1,WAL1801,0.4,IC,(OP) Operating,Operating
2026-08,64884,GEN2,WAL1801,0.4,IC,(OP) Operating,Operating
2026-08,64884,GEN3,WAL1801,0.4,IC,(OP) Operating,Operating
2026-08,64885,GEN1,WAL2257,0.4,IC,(OP) Operating,Operating
2026-08,64885,GEN2,WAL2257,0.4,IC,(OP) Operating,Operating
2026-08,64885,GEN3,WAL2257,0.4,IC,(OP) Operating,Operating
2026-08,64886,GEN1,WAL2439,0.4,IC,(OP) Operating,Operating
2026-08,64886,GEN2,WAL2439,0.4,IC,(OP) Operating,Operating
2026-08,64886,GEN3,WAL2439,0.4,IC,(OP) Operating,Operating
2026-08,64887,GEN1,WAL2667,0.4,IC,(OP) Operating,Operating
2026-08,64887,GEN2,WAL2667,0.4,IC,(OP) Operating,Operating
2026-08,64887,GEN3,WAL2667,0.4,IC,(OP) Operating,Operating
2026-08,64888,GEN1,WAL2724,0.4,IC,(OP) Operating,Operating
2026-08,64888,GEN2,WAL2724,0.4,IC,(OP) Operating,Operating
2026-08,64888,GEN3,WAL2724,0.4,IC,(OP) Operating,Operating
2026-08,64889,GEN1,WAL2883,0.4,IC,(OP) Operating,Operating
2026-08,64889,GEN2,WAL2883,0.4,IC,(OP) Operating,Operating
2026-08,64889,GEN3,WAL2883,0.4,IC,(OP) Operating,Operating
2026-08,64890,GEN1,WAL2980,0.4,IC,(OP) Operating,Operating
2026-08,64890,GEN2,WAL2980,0.4,IC,(OP) Operating,Operating
2026-08,64890,GEN3,WAL2980,0.4,IC,(OP) Operating,Operating
2026-08,64891,GEN1,WAL2993,0.4,IC,(OP) Operating,Operating
2026-08,64891,GEN2,WAL2993,0.4,IC,(OP) Operating,Operating
2026-08,64891,GEN3,WAL2993,0.4,IC,(OP) Operating,Operating
2026-08,64893,GEN1,WAL3224,0.4,IC,(OP) Operating,Operating
2026-08,64893,GEN2,WAL3224,0.4,IC,(OP) Operating,Operating
2026-08,64893,GEN3,WAL3224,0.4,IC,(OP) Operating,Operating
2026-08,64895,GEN1,WAL3226,0.4,IC,(OP) Operating,Operating
2026-08,64895,GEN2,WAL3226,0.4,IC,(OP) Operating,Operating
2026-08,64895,GEN3,WAL3226,0.4,IC,(OP) Operating,Operating
2026-08,64896,GEN1,WAL3284,0.4,IC,(OP) Operating,Operating
2026-08,64896,GEN2,WAL3284,0.4,IC,(OP) Operating,Operating
2026-08,64896,GEN3,WAL3284,0.4,IC,(OP) Operating,Operating
2026-08,64897,GEN1,WAL3285,0.4,IC,(OP) Operating,Operating
2026-08,64897,GEN2,WAL3285,0.4,IC,(OP) Operating,Operating
2026-08,64897,GEN3,WAL3285,0.4,IC,(OP) Operating,Operating
2026-08,64898,GEN1,WAL3297,0.4,IC,(OP) Operating,Operating
2026-08,64898,GEN2,WAL3297,0.4,IC,(OP) Operating,Operating
2026-08,64898,GEN3,WAL3297,0.4,IC,(OP) Operating,Operating
2026-08,64899,GEN1,WAL3298,0.4,IC,(OP) Operating,Operating
2026-08,64899,GEN2,WAL3298,0.4,IC,(OP) Operating,Operating
2026-08,64899,GEN3,WAL3298,0.4,IC,(OP) Operating,Operating
2026-08,64900,GEN1,WAL3302,0.4,IC,(OP) Operating,Operating
2026-08,64900,GEN2,WAL3302,0.4,IC,(OP) Operating,Operating
2026-08,64900,GEN3,WAL3302,0.4,IC,(OP) Operating,Operating
2026-08,64901,GEN1,WAL3320,0.4,IC,(OP) Operating,Operating
2026-08,64901,GEN2,WAL3320,0.4,IC,(OP) Operating,Operating
2026-08,64901,GEN3,WAL3320,0.4,IC,(OP) Operating,Operating
2026-08,64902,GEN1,WAL3390,0.4,IC,(OP) Operating,Operating
2026-08,64902,GEN2,WAL3390,0.4,IC,(OP) Operating,Operating
2026-08,64902,GEN3,WAL3390,0.4,IC,(OP) Operating,Operating
2026-08,64922,GEN1,WAL3406,0.4,IC,(OP) Operating,Operating
2026-08,64922,GEN2,WAL3406,0.4,IC,(OP) Operating,Operating
2026-08,64922,GEN3,WAL3406,0.4,IC,(OP) Operating,Operating
2026-08,64923,GEN1,WAL3425,0.4,IC,(OP) Operating,Operating
2026-08,64923,GEN2,WAL3425,0.4,IC,(OP) Operating,Operating
2026-08,64923,GEN3,WAL3425,0.4,IC,(OP) Operating,Operating
2026-08,64924,GEN1,WAL3432,0.4,IC,(OP) Operating,Operating
2026-08,64924,GEN2,WAL3432,0.4,IC,(OP) Operating,Operating
2026-08,64924,GEN3,WAL3432,0.4,IC,(OP) Operating,Operating
2026-08,64925,GEN1,WAL3500,0.4,IC,(OP) Operating,Operating
2026-08,64925,GEN2,WAL3500,0.4,IC,(OP) Operating,Operating
2026-08,64925,GEN3,WAL3500,0.4,IC,(OP) Operating,Operating
2026-08,64926,GEN1,WAL3510,1.3,IC,(OP) Operating,Operating
2026-08,64933,GEN1,WAL3518,0.4,IC,(OP) Operating,Operating
2026-08,64933,GEN2,WAL3518,0.4,IC,(OP) Operating,Operating
2026-08,64933,GEN3,WAL3518,0.4,IC,(OP) Operating,Operating
2026-08,64934,GEN1,WAL3572,1.3,IC,(OP) Operating,Operating
2026-08,64935,GEN1,WAL3584,0.4,IC,(OP) Operating,Operating
2026-08,64935,GEN2,WAL3584,0.4,IC,(OP) Operating,Operating
2026-08,64935,GEN3,WAL3584,0.4,IC,(OP) Operating,Operating
2026-08,64936,GEN1,WAL3631,0.4,IC,(OP) Operating,Operating
2026-08,64936,GEN2,WAL3631,0.4,IC,(OP) Operating,Operating
2026-08,64936,GEN3,WAL3631,0.4,IC,(OP) Operating,Operating
2026-08,64937,GEN1,WAL3773,0.4,IC,(OP) Operating,Operating
2026-08,64937,GEN2,WAL3773,0.4,IC,(OP) Operating,Operating
2026-08,64937,GEN3,WAL3773,0.4,IC,(OP) Operating,Operating
2026-08,64939,GEN1,WAL3827,0.4,IC,(OP) Operating,Operating
2026-08,64939,GEN2,WAL3827,0.4,IC,(OP) Operating,Operating
2026-08,64939,GEN3,WAL3827,0.4,IC,(OP) Operating,Operating
2026-08,64940,GEN1,WAL3886,0.4,IC,(OP) Operating,Operating
2026-08,64940,GEN2,WAL3886,0.4,IC,(OP) Operating,Operating
2026-08,64940,GEN3,WAL3886,0.4,IC,(OP) Operating,Operating
2026-08,64942,GEN1,WAL4298,0.4,IC,(OP) Operating,Operating
2026-08,64942,GEN2,WAL4298,0.4,IC,(OP) Operating,Operating
2026-08,64942,GEN3,WAL4298,0.4,IC,(OP) Operating,Operating
2026-08,64943,GEN1,WAL4509,0.4,IC,(OP) Operating,Operating
2026-08,64943,GEN2,WAL4509,0.4,IC,(OP) Operating,Operating
2026-08,64943,GEN3,WAL4509,0.4,IC,(OP) Operating,Operating
2026-08,64944,GEN1,WAL4512,0.4,IC,(OP) Operating,Operating
2026-08,64944,GEN2,WAL4512,0.4,IC,(OP) Operating,Operating
2026-08,64944,GEN3,WAL4512,0.4,IC,(OP) Operating,Operating
2026-08,64945,GEN1,WAL4526,0.4,IC,(OP) Operating,Operating
2026-08,64945,GEN2,WAL4526,0.4,IC,(OP) Operating,Operating
2026-08,64945,GEN3,WAL4526,0.4,IC,(OP) Operating,Operating
2026-08,64946,GEN1,WAL4538,0.4,IC,(OP) Operating,Operating
2026-08,64946,GEN2,WAL4538,0.4,IC,(OP) Operating,Operating
2026-08,64946,GEN3,WAL4538,0.4,IC,(OP) Operating,Operating
2026-08,64947,GEN1,WAL5045,0.4,IC,(OP) Operating,Operating
2026-08,64947,GEN2,WAL5045,0.4,IC,(OP) Operating,Operating
2026-08,64947,GEN3,WAL5045,0.4,IC,(OP) Operating,Operating
2026-08,64948,GEN1,WAL5080,0.4,IC,(OP) Operating,Operating
2026-08,64948,GEN2,WAL5080,0.4,IC,(OP) Operating,Operating
2026-08,64948,GEN3,WAL5080,0.4,IC,(OP) Operating,Operating
2026-08,64949,GEN1,WAL5091,0.4,IC,(OP) Operating,Operating
2026-08,64949,GEN2,WAL5091,0.4,IC,(OP) Operating,Operating
2026-08,64949,GEN3,WAL5091,0.4,IC,(OP) Operating,Operating
2026-08,64950,GEN1,WAL5116,0.4,IC,(OP) Operating,Operating
2026-08,64950,GEN2,WAL5116,0.4,IC,(OP) Operating,Operating
2026-08,64950,GEN3,WAL5116,0.4,IC,(OP) Operating,Operating
2026-08,64951,GEN1,WAL5165,0.4,IC,(OP) Operating,Operating
2026-08,64951,GEN2,WAL5165,0.4,IC,(OP) Operating,Operating
2026-08,64951,GEN3,WAL5165,0.4,IC,(OP) Operating,Operating
2026-08,64953,GE N3,WAL5287,0.4,IC,(OP) Operating,Operating
2026-08,64953,GEN1,WAL5287,0.4,IC,(OP) Operating,Operating
2026-08,64953,GEN2,WAL5287,0.4,IC,(OP) Operating,Operating
2026-08,64955,GEN1,WAL5312,0.4,IC,(OP) Operating,Operating
2026-08,64955,GEN2,WAL5312,0.4,IC,(OP) Operating,Operating
2026-08,64955,GEN3,WAL5312,0.4,IC,(OP) Operating,Operating
2026-08,64956,GEN1,WAL5316,0.4,IC,(OP) Operating,Operating
2026-08,64956,GEN2,WAL5316,0.4,IC,(OP) Operating,Operating
2026-08,64956,GEN3,WAL5316,0.4,IC,(OP) Operating,Operating
2026-08,64957,GEN1,WAL5388,1.3,IC,(OP) Operating,Operating
2026-08,64958,GEN1,WAL5479,0.4,IC,(OP) Operating,Operating
2026-08,64958,GEN2,WAL5479,0.4,IC,(OP) Operating,Operating
2026-08,64958,GEN3,WAL5479,0.4,IC,(OP) Operating,Operating
2026-08,64959,GEN1,WAL5480,0.4,IC,(OP) Operating,Operating
2026-08,64959,GEN2,WAL5480,0.4,IC,(OP) Operating,Operating
2026-08,64959,GEN3,WAL5480,0.4,IC,(OP) Operating,Operating
2026-08,64960,GEN1,WAL5612,0.4,IC,(OP) Operating,Operating
2026-08,64960,GEN2,WAL5612,0.4,IC,(OP) Operating,Operating
2026-08,64960,GEN3,WAL5612,0.4,IC,(OP) Operating,Operating
2026-08,64961,GEN1,WAL5713,0.4,IC,(OP) Operating,Operating
2026-08,64961,GEN2,WAL5713,0.4,IC,(OP) Operating,Operating
2026-08,64961,GEN3,WAL5713,0.4,IC,(OP) Operating,Operating
2026-08,64962,GEN1,WAL5764,0.4,IC,(OP) Operating,Operating
2026-08,64962,GEN2,WAL5764,0.4,IC,(OP) Operating,Operating
2026-08,64962,GEN3,WAL5764,0.4,IC,(OP) Operating,Operating
2026-08,64963,GEN1,WAL6929,0.4,IC,(OP) Operating,Operating
2026-08,64963,GEN2,WAL6929,0.4,IC,(OP) Operating,Operating
2026-08,64963,GEN3,WAL6929,0.4,IC,(OP) Operating,Operating
2026-08,65026,H2921,HEB00292,0.4,IC,(OP) Operating,Operating
2026-08,65026,H2922,HEB00292,0.4,IC,(OP) Operating,Operating
2026-08,65026,H2923,HEB00292,0.4,IC,(OP) Operating,Operating
2026-08,65261,H0201,HEB00020,0.4,IC,(OP) Operating,Operating
2026-08,65261,H0202,HEB00020,0.4,IC,(OP) Operating,Operating
2026-08,65261,H0203,HEB00020,0.4,IC,(OP) Operating,Operating
2026-08,65262,H0281,HEB00028,0.4,IC,(OP) Operating,Operating
2026-08,65262,H0282,HEB00028,0.4,IC,(OP) Operating,Operating
2026-08,65262,H0283,HEB00028,0.4,IC,(OP) Operating,Operating
2026-08,65263,H0381,HEB00038,0.4,IC,(OP) Operating,Operating
2026-08,65263,H0382,HEB00038,0.4,IC,(OP) Operating,Operating
2026-08,65263,H0383,HEB00038,0.4,IC,(OP) Operating,Operating
2026-08,65264,H0541,HEB00054,0.4,IC,(OP) Operating,Operating
2026-08,65264,H0542,HEB00054,0.4,IC,(OP) Operating,Operating
2026-08,65264,H0543,HEB00054,0.4,IC,(OP) Operating,Operating
2026-08,65265,H0571,HEB00057,0.4,IC,(OP) Operating,Operating
2026-08,65265,H0572,HEB00057,0.4,IC,(OP) Operating,Operating
2026-08,65265,H0573,HEB00057,0.4,IC,(OP) Operating,Operating
2026-08,65266,H0701,HEB00070,0.4,IC,(OP) Operating,Operating
2026-08,65266,H0702,HEB00070,0.4,IC,(OP) Operating,Operating
2026-08,65266,H0703,HEB00070,0.4,IC,(OP) Operating,Operating
2026-08,65267,H0991,HEB00099,0.4,IC,(OP) Operating,Operating
2026-08,65267,H0992,HEB00099,0.4,IC,(OP) Operating,Operating
2026-08,65267,H0993,HEB00099,0.4,IC,(OP) Operating,Operating
2026-08,65268,H1091,HEB00109,0.4,IC,(OP) Operating,Operating
2026-08,65268,H1092,HEB00109,0.4,IC,(OP) Operating,Operating
2026-08,65268,H1093,HEB00109,0.4,IC,(OP) Operating,Operating
2026-08,65269,H1101,HEB00110,0.4,IC,(OP) Operating,Operating
2026-08,65269,H1102,HEB00110,0.4,IC,(OP) Operating,Operating
2026-08,65269,H1103,HEB00110,0.4,IC,(OP) Operating,Operating
2026-08,65274,H1821,HEB00182,0.4,IC,(OP) Operating,Operating
2026-08,65274,H1822,HEB00182,0.4,IC,(OP) Operating,Operating
2026-08,65274,H1823,HEB00182,0.4,IC,(OP) Operating,Operating
2026-08,65372,CTG-1,Mark One Power Station,60.5,GT,(OP) Operating,Operating
2026-08,65372,CTG-2,Mark One Power Station,60.5,GT,(OP) Operating,Operating
2026-08,65372,CTG-3,Mark One Power Station,60.5,GT,(OP) Operating,Operating
2026-08,65372,CTG-4,Mark One Power Station,60.5,GT,(OP) Operating,Operating
2026-08,65372,CTG-5,Mark One Power Station,60.5,GT,(OP) Operating,Operating
2026-08,65372,CTG-6,Mark One Power Station,60.5,GT,(OP) Operating,Operating
2026-08,65372,CTG-7,Mark One Power Station,60.5,GT,(OP) Operating,Operating
2026-08,65372,CTG-8,Mark One Power Station,60.5,GT,(OP) Operating,Operating
2026-08,65373,CTG-1,Brotman Power Station,60.5,GT,(OP) Operating,Operating
2026-08,65373,CTG-2,Brotman Power Station,60.5,GT,(OP) Operating,Operating
2026-08,65373,CTG-3,Brotman Power Station,60.5,GT,(OP) Operating,Operating
2026-08,65373,CTG-4,Brotman Power Station,60.5,GT,(OP) Operating,Operating
2026-08,65373,CTG-5,Brotman Power Station,60.5,GT,(OP) Operating,Operating
2026-08,65373,CTG-6,Brotman Power Station,60.5,GT,(OP) Operating,Operating
2026-08,65373,CTG-7,Brotman Power Station,60.5,GT,(OP) Operating,Operating
2026-08,65373,CTG-8,Brotman Power Station,60.5,GT,(OP) Operating,Operating
2026-08,66335,G1,Timmerman Power Plant,18,IC,(OP) Operating,Operating
2026-08,66335,G10,Timmerman Power Plant,18,IC,(OP) Operating,Operating
2026-08,66335,G11,Timmerman Power Plant,18.8,IC,(OP) Operating,Operating
2026-08,66335,G12,Timmerman Power Plant,18.8,IC,(OP) Operating,Operating
2026-08,66335,G13,Timmerman Power Plant,18.8,IC,(OP) Operating,Operating
2026-08,66335,G14,Timmerman Power Plant,18.8,IC,(OP) Operating,Operating
2026-08,66335,G15,Timmerman Power Plant,18.8,IC,(OP) Operating,Operating
2026-08,66335,G16,Timmerman Power Plant,18.8,IC,(OP) Operating,Operating
2026-08,66335,G17,Timmerman Power Plant,18.8,IC,(OP) Operating,Operating
2026-08,66335,G18,Timmerman Power Plant,18.8,IC,(OP) Operating,Operating
2026-08,66335,G19,Timmerman Power Plant,18.8,IC,(OP) Operating,Operating
2026-08,66335,G2,Timmerman Power Plant,18,IC,(OP) Operating,Operating
2026-08,66335,G20,Timmerman Power Plant,18.8,IC,(OP) Operating,Operating
2026-08,66335,G3,Timmerman Power Plant,18,IC,(OP) Operating,Operating
2026-08,66335,G4,Timmerman Power Plant,18,IC,(OP) Operating,Operating
2026-08,66335,G5,Timmerman Power Plant,18,IC,(OP) Operating,Operating
2026-08,66335,G6,Timmerman Power Plant,18,IC,(OP) Operating,Operating
2026-08,66335,G7,Timmerman Power Plant,18,IC,(OP) Operating,Operating
2026-08,66335,G8,Timmerman Power Plant,18,IC,(OP) Operating,Operating
2026-08,66335,G9,Timmerman Power Plant,18,IC,(OP) Operating,Operating
2026-08,66549,H0631,HEB00063,0.4,IC,(OP) Operating,Operating
2026-08,66549,H0632,HEB00063,0.4,IC,(OP) Operating,Operating
2026-08,66549,H0633,HEB00063,0.4,IC,(OP) Operating,Operating
2026-08,66549,H0634,HEB00063,0.4,IC,(OP) Operating,Operating
2026-08,66550,H0691,HEB00069,0.4,IC,(OP) Operating,Operating
2026-08,66550,H0692,HEB00069,0.4,IC,(OP) Operating,Operating
2026-08,66550,H0693,HEB00069,0.4,IC,(OP) Operating,Operating
2026-08,66550,H0694,HEB00069,0.4,IC,(OP) Operating,Operating
2026-08,66561,B0401,BUC00040,0.4,IC,(OP) Operating,Operating
2026-08,66561,B0402,BUC00040,0.4,IC,(OP) Operating,Operating
2026-08,66561,B0403,BUC00040,0.4,IC,(OP) Operating,Operating
2026-08,66561,B0404,BUC00040,0.4,IC,(OP) Operating,Operating
2026-08,66562,H5911,HEB00591,0.4,IC,(OP) Operating,Operating
2026-08,66562,H5912,HEB00591,0.4,IC,(OP) Operating,Operating
2026-08,66562,H5913,HEB00591,0.4,IC,(OP) Operating,Operating
2026-08,66562,H5914,HEB00591,0.4,IC,(OP) Operating,Operating
2026-08,66563,H0921,HEB00092,0.4,IC,(OP) Operating,Operating
2026-08,66563,H0922,HEB00092,0.4,IC,(OP) Operating,Operating
2026-08,66563,H0923,HEB00092,0.4,IC,(OP) Operating,Operating
2026-08,66563,H0924,HEB00092,0.4,IC,(OP) Operating,Operating
2026-08,66564,H0951,HEB00095,0.4,IC,(OP) Operating,Operating
2026-08,66564,H0952,HEB00095,0.4,IC,(OP) Operating,Operating
2026-08,66564,H0953,HEB00095,0.4,IC,(OP) Operating,Operating
2026-08,66564,H0954,HEB00095,0.4,IC,(OP) Operating,Operating
2026-08,66565,HCCB1,HEBCCBakery,0.4,IC,(OP) Operating,Operating
2026-08,66565,HCCB2,HEBCCBakery,0.4,IC,(OP) Operating,Operating
2026-08,66565,HCCB3,HEBCCBakery,0.4,IC,(OP) Operating,Operating
2026-08,66565,HCCB4,HEBCCBakery,0.4,IC,(OP) Operating,Operating
2026-08,66565,HCCB5,HEBCCBakery,0.4,IC,(OP) Operating,Operating
2026-08,66565,HCCB6,HEBCCBakery,0.4,IC,(OP) Operating,Operating
2026-08,66565,HCCB7,HEBCCBakery,0.4,IC,(OP) Operating,Operating
2026-08,66565,HCCB8,HEBCCBakery,0.4,IC,(OP) Operating,Operating
2026-08,66566,HSNP1,HEBSnackPlant,0.4,IC,(OP) Operating,Operating
2026-08,66566,HSNP2,HEBSnackPlant,0.4,IC,(OP) Operating,Operating
2026-08,66566,HSNP3,HEBSnackPlant,0.4,IC,(OP) Operating,Operating
2026-08,66566,HSNP4,HEBSnackPlant,0.4,IC,(OP) Operating,Operating
2026-08,66567,HDC10,HEBHoustonDistributionCenter,0.4,IC,(OP) Operating,Operating
2026-08,66567,HDC11,HEBHoustonDistributionCenter,0.4,IC,(OP) Operating,Operating
2026-08,66567,HDC12,HEBHoustonDistributionCenter,0.4,IC,(OP) Operating,Operating
2026-08,66567,HDC13,HEBHoustonDistributionCenter,0.4,IC,(OP) Operating,Operating
2026-08,66567,HDC14,HEBHoustonDistributionCenter,0.4,IC,(OP) Operating,Operating
2026-08,66567,HDC15,HEBHoustonDistributionCenter,0.4,IC,(OP) Operating,Operating
2026-08,66567,HDC16,HEBHoustonDistributionCenter,0.4,IC,(OP) Operating,Operating
2026-08,66567,HDC17,HEBHoustonDistributionCenter,0.4,IC,(OP) Operating,Operating
2026-08,66567,HDC18,HEBHoustonDistributionCenter,0.4,IC,(OP) Operating,Operating
2026-08,66567,HDC19,HEBHoustonDistributionCenter,0.4,IC,(OP) Operating,Operating
2026-08,66567,HDC20,HEBHoustonDistributionCenter,0.4,IC,(OP) Operating,Operating
2026-08,66567,HDC21,HEBHoustonDistributionCenter,0.4,IC,(OP) Operating,Operating
2026-08,66567,HDC22,HEBHoustonDistributionCenter,0.4,IC,(OP) Operating,Operating
2026-08,66567,HDC23,HEBHoustonDistributionCenter,0.4,IC,(OP) Operating,Operating
2026-08,66567,HDC24,HEBHoustonDistributionCenter,0.4,IC,(OP) Operating,Operating
2026-08,66567,HDC25,HEBHoustonDistributionCenter,0.4,IC,(OP) Operating,Operating
2026-08,66567,HDC26,HEBHoustonDistributionCenter,0.4,IC,(OP) Operating,Operating
2026-08,66567,HDC27,HEBHoustonDistributionCenter,0.4,IC,(OP) Operating,Operating
2026-08,66567,HDC28,HEBHoustonDistributionCenter,0.4,IC,(OP) Operating,Operating
2026-08,66567,HDC29,HEBHoustonDistributionCenter,0.4,IC,(OP) Operating,Operating
2026-08,66567,HDC30,HEBHoustonDistributionCenter,0.4,IC,(OP) Operating,Operating
2026-08,66567,HDC31,HEBHoustonDistributionCenter,0.4,IC,(OP) Operating,Operating
2026-08,66567,HDC32,HEBHoustonDistributionCenter,0.4,IC,(OP) Operating,Operating
2026-08,66567,HHDC1,HEBHoustonDistributionCenter,0.4,IC,(OP) Operating,Operating
2026-08,66567,HHDC2,HEBHoustonDistributionCenter,0.4,IC,(OP) Operating,Operating
2026-08,66567,HHDC3,HEBHoustonDistributionCenter,0.4,IC,(OP) Operating,Operating
2026-08,66567,HHDC4,HEBHoustonDistributionCenter,0.4,IC,(OP) Operating,Operating
2026-08,66567,HHDC5,HEBHoustonDistributionCenter,0.4,IC,(OP) Operating,Operating
2026-08,66567,HHDC6,HEBHoustonDistributionCenter,0.4,IC,(OP) Operating,Operating
2026-08,66567,HHDC7,HEBHoustonDistributionCenter,0.4,IC,(OP) Operating,Operating
2026-08,66567,HHDC8,HEBHoustonDistributionCenter,0.4,IC,(OP) Operating,Operating
2026-08,66567,HHDC9,HEBHoustonDistributionCenter,0.4,IC,(OP) Operating,Operating
2026-08,66593,H0481,HEB00048,0.4,IC,(OP) Operating,Operating
2026-08,66593,H0482,HEB00048,0.4,IC,(OP) Operating,Operating
2026-08,66593,H0483,HEB00048,0.4,IC,(OP) Operating,Operating
2026-08,66594,H5941,HEB00594,0.4,IC,(OP) Operating,Operating
2026-08,66594,H5942,HEB00594,0.4,IC,(OP) Operating,Operating
2026-08,66594,H5943,HEB00594,0.4,IC,(OP) Operating,Operating
2026-08,66595,FLD10,FTBLID2,0.4,IC,(OP) Operating,Operating
2026-08,66595,FLD11,FTBLID2,0.4,IC,(OP) Operating,Operating
2026-08,66595,FLD12,FTBLID2,0.4,IC,(OP) Operating,Operating
2026-08,66595,FLD13,FTBLID2,0.4,IC,(OP) Operating,Operating
2026-08,66595,FLD14,FTBLID2,0.4,IC,(OP) Operating,Operating
2026-08,66595,FLD15,FTBLID2,0.4,IC,(OP) Operating,Operating
2026-08,66595,FLD16,FTBLID2,0.4,IC,(OP) Operating,Operating
2026-08,66595,FLD17,FTBLID2,0.4,IC,(OP) Operating,Operating
2026-08,66595,FLD18,FTBLID2,0.4,IC,(OP) Operating,Operating
2026-08,66595,FLD19,FTBLID2,0.4,IC,(OP) Operating,Operating
2026-08,66595,FLD20,FTBLID2,0.4,IC,(OP) Operating,Operating
2026-08,66595,FLD21,FTBLID2,0.4,IC,(OP) Operating,Operating
2026-08,66595,FLD22,FTBLID2,0.4,IC,(OP) Operating,Operating
2026-08,66595,FLD23,FTBLID2,0.4,IC,(OP) Operating,Operating
2026-08,66595,FLD24,FTBLID2,0.4,IC,(OP) Operating,Operating
2026-08,66595,FLD25,FTBLID2,0.4,IC,(OP) Operating,Operating
2026-08,66595,FLD26,FTBLID2,0.4,IC,(OP) Operating,Operating
2026-08,66595,FLD27,FTBLID2,0.4,IC,(OP) Operating,Operating
2026-08,66595,FLD28,FTBLID2,0.4,IC,(OP) Operating,Operating
2026-08,66595,FLID1,FTBLID2,0.4,IC,(OP) Operating,Operating
2026-08,66595,FLID2,FTBLID2,0.4,IC,(OP) Operating,Operating
2026-08,66595,FLID3,FTBLID2,0.4,IC,(OP) Operating,Operating
2026-08,66595,FLID4,FTBLID2,0.4,IC,(OP) Operating,Operating
2026-08,66595,FLID5,FTBLID2,0.4,IC,(OP) Operating,Operating
2026-08,66595,FLID6,FTBLID2,0.4,IC,(OP) Operating,Operating
2026-08,66595,FLID7,FTBLID2,0.4,IC,(OP) Operating,Operating
2026-08,66595,FLID8,FTBLID2,0.4,IC,(OP) Operating,Operating
2026-08,66595,FLID9,FTBLID2,0.4,IC,(OP) Operating,Operating
2026-08,66596,PRAX1,Praxair,0.4,IC,(OP) Operating,Operating
2026-08,66596,PRAX2,Praxair,0.4,IC,(OP) Operating,Operating
2026-08,66596,PRAX3,Praxair,0.4,IC,(OP) Operating,Operating
2026-08,66597,RAVC1,RavenChem,0.4,IC,(OP) Operating,Operating
2026-08,66597,RAVC2,RavenChem,0.4,IC,(OP) Operating,Operating
2026-08,66597,RAVC3,RavenChem,0.4,IC,(OP) Operating,Operating
2026-08,66597,RAVC4,RavenChem,0.4,IC,(OP) Operating,Operating
2026-08,66597,RAVC5,RavenChem,0.4,IC,(OP) Operating,Operating
2026-08,66597,RAVC6,RavenChem,0.4,IC,(OP) Operating,Operating
2026-08,66597,RAVC7,RavenChem,0.4,IC,(OP) Operating,Operating
2026-08,66597,RAVC8,RavenChem,0.4,IC,(OP) Operating,Operating
2026-08,66601,GT61,NRG THW GT Electric Generating Station,188.7,GT,(OP) Operating,Operating
2026-08,66601,GT62,NRG THW GT Electric Generating Station,188.7,GT,(OP) Operating,Operating
2026-08,66604,CTG-1,Remy Jade Power Station,60.5,GT,(OP) Operating,Operating
2026-08,66604,CTG-2,Remy Jade Power Station,60.5,GT,(OP) Operating,Operating
2026-08,66604,CTG-3,Remy Jade Power Station,60.5,GT,(OP) Operating,Operating
2026-08,66604,CTG-4,Remy Jade Power Station,60.5,GT,(OP) Operating,Operating
2026-08,66604,CTG-5,Remy Jade Power Station,60.5,GT,(OP) Operating,Operating
2026-08,66604,CTG-6,Remy Jade Power Station,60.5,GT,(OP) Operating,Operating
2026-08,66604,CTG-7,Remy Jade Power Station,60.5,GT,(OP) Operating,Operating
2026-08,66604,CTG-8,Remy Jade Power Station,60.5,GT,(OP) Operating,Operating
2026-08,66612,H0851,HEB_CPS00085,0.4,IC,(OP) Operating,Operating
2026-08,66612,H0852,HEB_CPS00085,0.4,IC,(OP) Operating,Operating
2026-08,66612,H0853,HEB_CPS00085,0.4,IC,(OP) Operating,Operating
2026-08,66612,H0854,HEB_CPS00085,0.4,IC,(OP) Operating,Operating
2026-08,66613,SAD10,HEB_CPSSADC,0.4,IC,(OP) Operating,Operating
2026-08,66613,SAD11,HEB_CPSSADC,0.4,IC,(OP) Operating,Operating
2026-08,66613,SAD12,HEB_CPSSADC,0.4,IC,(OP) Operating,Operating
2026-08,66613,SAD13,HEB_CPSSADC,0.4,IC,(OP) Operating,Operating
2026-08,66613,SAD14,HEB_CPSSADC,0.4,IC,(OP) Operating,Operating
2026-08,66613,SAD15,HEB_CPSSADC,0.4,IC,(OP) Operating,Operating
2026-08,66613,SAD16,HEB_CPSSADC,0.4,IC,(OP) Operating,Operating
2026-08,66613,SADC1,HEB_CPSSADC,0.4,IC,(OP) Operating,Operating
2026-08,66613,SADC2,HEB_CPSSADC,0.4,IC,(OP) Operating,Operating
2026-08,66613,SADC3,HEB_CPSSADC,0.4,IC,(OP) Operating,Operating
2026-08,66613,SADC4,HEB_CPSSADC,0.4,IC,(OP) Operating,Operating
2026-08,66613,SADC5,HEB_CPSSADC,0.4,IC,(OP) Operating,Operating
2026-08,66613,SADC6,HEB_CPSSADC,0.4,IC,(OP) Operating,Operating
2026-08,66613,SADC7,HEB_CPSSADC,0.4,IC,(OP) Operating,Operating
2026-08,66613,SADC8,HEB_CPSSADC,0.4,IC,(OP) Operating,Operating
2026-08,66613,SADC9,HEB_CPSSADC,0.4,IC,(OP) Operating,Operating
2026-08,66614,CTZH1,OTHERCitizensHospital,0.4,IC,(OP) Operating,Operating
2026-08,66614,CTZH2,OTHERCitizensHospital,0.4,IC,(OP) Operating,Operating
2026-08,66614,CTZH3,OTHERCitizensHospital,0.4,IC,(OP) Operating,Operating
2026-08,66614,CTZH4,OTHERCitizensHospital,0.4,IC,(OP) Operating,Operating
2026-08,66614,CTZH5,OTHERCitizensHospital,0.4,IC,(OP) Operating,Operating
2026-08,66614,CTZH6,OTHERCitizensHospital,0.4,IC,(OP) Operating,Operating
2026-08,66614,CTZH7,OTHERCitizensHospital,0.4,IC,(OP) Operating,Operating
2026-08,67308,AB1,AbbVie Waco,0.4,IC,(OP) Operating,Operating
2026-08,67308,AB10,AbbVie Waco,0.4,IC,(OP) Operating,Operating
2026-08,67308,AB11,AbbVie Waco,0.4,IC,(OP) Operating,Operating
2026-08,67308,AB12,AbbVie Waco,0.4,IC,(OP) Operating,Operating
2026-08,67308,AB13,AbbVie Waco,0.4,IC,(OP) Operating,Operating
2026-08,67308,AB14,AbbVie Waco,0.4,IC,(OP) Operating,Operating
2026-08,67308,AB2,AbbVie Waco,0.4,IC,(OP) Operating,Operating
2026-08,67308,AB3,AbbVie Waco,0.4,IC,(OP) Operating,Operating
2026-08,67308,AB4,AbbVie Waco,0.4,IC,(OP) Operating,Operating
2026-08,67308,AB5,AbbVie Waco,0.4,IC,(OP) Operating,Operating
2026-08,67308,AB6,AbbVie Waco,0.4,IC,(OP) Operating,Operating
2026-08,67308,AB7,AbbVie Waco,0.4,IC,(OP) Operating,Operating
2026-08,67308,AB8,AbbVie Waco,0.4,IC,(OP) Operating,Operating
2026-08,67308,AB9,AbbVie Waco,0.4,IC,(OP) Operating,Operating
2026-08,67309,BEK1,OTHERBenEKDallas,0.4,IC,(OP) Operating,Operating
2026-08,67309,BEK2,OTHERBenEKDallas,0.4,IC,(OP) Operating,Operating
2026-08,67309,BEK3,OTHERBenEKDallas,0.4,IC,(OP) Operating,Operating
2026-08,67309,BEK4,OTHERBenEKDallas,0.4,IC,(OP) Operating,Operating
2026-08,67310,H0551,HEB00055,0.4,IC,(OP) Operating,Operating
2026-08,67310,H0552,HEB00055,0.4,IC,(OP) Operating,Operating
2026-08,67310,H0553,HEB00055,0.4,IC,(OP) Operating,Operating
2026-08,67311,H7601,HEB00760,0.4,IC,(OP) Operating,Operating
2026-08,67311,H7602,HEB00760,0.4,IC,(OP) Operating,Operating
2026-08,67311,H7603,HEB00760,0.4,IC,(OP) Operating,Operating
2026-08,67312,H7761,HEB00776,0.4,IC,(OP) Operating,Operating
2026-08,67312,H7762,HEB00776,0.4,IC,(OP) Operating,Operating
2026-08,67312,H7763,HEB00776,0.4,IC,(OP) Operating,Operating
2026-08,67313,H7891,HEB00789,0.4,IC,(OP) Operating,Operating
2026-08,67313,H7892,HEB00789,0.4,IC,(OP) Operating,Operating
2026-08,67313,H7893,HEB00789,0.4,IC,(OP) Operating,Operating
2026-08,67314,H7901,HEB00790,0.4,IC,(OP) Operating,Operating
2026-08,67314,H7902,HEB00790,0.4,IC,(OP) Operating,Operating
2026-08,67314,H7903,HEB00790,0.4,IC,(OP) Operating,Operating
2026-08,67315,H7961,HEB00796,0.4,IC,(OP) Operating,Operating
2026-08,67315,H7962,HEB00796,0.4,IC,(OP) Operating,Operating
2026-08,67315,H7963,HEB00796,0.4,IC,(OP) Operating,Operating
2026-08,67316,NFB1,OTHERNFBWA,0.4,IC,(OP) Operating,Operating
2026-08,67316,NFB2,OTHERNFBWA,0.4,IC,(OP) Operating,Operating
2026-08,67316,NFB3,OTHERNFBWA,0.4,IC,(OP) Operating,Operating
2026-08,67316,NFB4,OTHERNFBWA,0.4,IC,(OP) Operating,Operating
2026-08,67316,NFB5,OTHERNFBWA,0.4,IC,(OP) Operating,Operating
2026-08,67316,NFB6,OTHERNFBWA,0.4,IC,(OP) Operating,Operating
2026-08,67317,HT1B1,HEBTEMDistCenter,0.4,IC,(OP) Operating,Operating
2026-08,67317,HT1B2,HEBTEMDistCenter,0.4,IC,(OP) Operating,Operating
2026-08,67317,HT1B3,HEBTEMDistCenter,0.4,IC,(OP) Operating,Operating
2026-08,67317,HT1B4,HEBTEMDistCenter,0.4,IC,(OP) Operating,Operating
2026-08,67317,HTE10,HEBTEMDistCenter,0.4,IC,(OP) Operating,Operating
2026-08,67317,HTE11,HEBTEMDistCenter,0.4,IC,(OP) Operating,Operating
2026-08,67317,HTE12,HEBTEMDistCenter,0.4,IC,(OP) Operating,Operating
2026-08,67317,HTEM1,HEBTEMDistCenter,0.4,IC,(OP) Operating,Operating
2026-08,67317,HTEM2,HEBTEMDistCenter,0.4,IC,(OP) Operating,Operating
2026-08,67317,HTEM3,HEBTEMDistCenter,0.4,IC,(OP) Operating,Operating
2026-08,67317,HTEM4,HEBTEMDistCenter,0.4,IC,(OP) Operating,Operating
2026-08,67317,HTEM5,HEBTEMDistCenter,0.4,IC,(OP) Operating,Operating
2026-08,67317,HTEM6,HEBTEMDistCenter,0.4,IC,(OP) Operating,Operating
2026-08,67317,HTEM7,HEBTEMDistCenter,0.4,IC,(OP) Operating,Operating
2026-08,67317,HTEM8,HEBTEMDistCenter,0.4,IC,(OP) Operating,Operating
2026-08,67317,HTEM9,HEBTEMDistCenter,0.4,IC,(OP) Operating,Operating
2026-08,67318,TAM10,OTHERTexasA&M,0.4,IC,(OP) Operating,Operating
2026-08,67318,TAM11,OTHERTexasA&M,0.4,IC,(OP) Operating,Operating
2026-08,67318,TAM12,OTHERTexasA&M,0.4,IC,(OP) Operating,Operating
2026-08,67318,TAM13,OTHERTexasA&M,0.4,IC,(OP) Operating,Operating
2026-08,67318,TAM14,OTHERTexasA&M,0.4,IC,(OP) Operating,Operating
2026-08,67318,TAM15,OTHERTexasA&M,0.4,IC,(OP) Operating,Operating
2026-08,67318,TAM16,OTHERTexasA&M,0.4,IC,(OP) Operating,Operating
2026-08,67318,TAM17,OTHERTexasA&M,0.4,IC,(OP) Operating,Operating
2026-08,67318,TAM18,OTHERTexasA&M,0.4,IC,(OP) Operating,Operating
2026-08,67318,TAM19,OTHERTexasA&M,0.4,IC,(OP) Operating,Operating
2026-08,67318,TAM20,OTHERTexasA&M,0.4,IC,(OP) Operating,Operating
2026-08,67318,TAM21,OTHERTexasA&M,0.4,IC,(OP) Operating,Operating
2026-08,67318,TAM22,OTHERTexasA&M,0.4,IC,(OP) Operating,Operating
2026-08,67318,TAM23,OTHERTexasA&M,0.4,IC,(OP) Operating,Operating
2026-08,67318,TAM24,OTHERTexasA&M,0.4,IC,(OP) Operating,Operating
2026-08,67318,TAMU1,OTHERTexasA&M,0.4,IC,(OP) Operating,Operating
2026-08,67318,TAMU2,OTHERTexasA&M,0.4,IC,(OP) Operating,Operating
2026-08,67318,TAMU3,OTHERTexasA&M,0.4,IC,(OP) Operating,Operating
2026-08,67318,TAMU4,OTHERTexasA&M,0.4,IC,(OP) Operating,Operating
2026-08,67318,TAMU5,OTHERTexasA&M,0.4,IC,(OP) Operating,Operating
2026-08,67318,TAMU6,OTHERTexasA&M,0.4,IC,(OP) Operating,Operating
2026-08,67318,TAMU7,OTHERTexasA&M,0.4,IC,(OP) Operating,Operating
2026-08,67318,TAMU8,OTHERTexasA&M,0.4,IC,(OP) Operating,Operating
2026-08,67318,TAMU9,OTHERTexasA&M,0.4,IC,(OP) Operating,Operating
2026-08,67319,H7691,HEB00769,0.4,IC,(OP) Operating,Operating
2026-08,67319,H7692,HEB00769,0.4,IC,(OP) Operating,Operating
2026-08,67319,H7693,HEB00769,0.4,IC,(OP) Operating,Operating
2026-08,67381,CLFK1,OTHERTraditionClearfork,0.4,IC,(OP) Operating,Operating
2026-08,67381,CLFK2,OTHERTraditionClearfork,0.4,IC,(OP) Operating,Operating
2026-08,67381,CLFK3,OTHERTraditionClearfork,0.4,IC,(OP) Operating,Operating
2026-08,67433,H7941,HEB00794,0.4,IC,(OP) Operating,Operating
2026-08,67433,H7942,HEB00794,0.4,IC,(OP) Operating,Operating
2026-08,67433,H7943,HEB00794,0.4,IC,(OP) Operating,Operating
2026-08,67434,H7671,HEB00767,0.4,IC,(OP) Operating,Operating
2026-08,67434,H7672,HEB00767,0.4,IC,(OP) Operating,Operating
2026-08,67434,H7673,HEB00767,0.4,IC,(OP) Operating,Operating
2026-08,67500,GT5,"Pin Oak Creek Energy Center, LLC",222,GT,(OP) Operating,Operating
2026-08,67500,GT6,"Pin Oak Creek Energy Center, LLC",222,GT,(OP) Operating,Operating
2026-08,68730,H7501,HEB00750,0.4,IC,(OP) Operating,Operating
2026-08,68730,H7502,HEB00750,0.4,IC,(OP) Operating,Operating
2026-08,68730,H7503,HEB00750,0.4,IC,(OP) Operating,Operating
2026-08,68731,H7791,HEB00779,0.4,IC,(OP) Operating,Operating
2026-08,68731,H7792,HEB00779,0.4,IC,(OP) Operating,Operating
2026-08,68731,H7793,HEB00779,0.4,IC,(OP) Operating,Operating
2026-08,68732,H7971,HEB00797,0.4,IC,(OP) Operating,Operating
2026-08,68732,H7972,HEB00797,0.4,IC,(OP) Operating,Operating
2026-08,68732,H7973,HEB00797,0.4,IC,(OP) Operating,Operating
2026-08,68733,H7981,HEB00798,0.4,IC,(OP) Operating,Operating
2026-08,68733,H7982,HEB00798,0.4,IC,(OP) Operating,Operating
2026-08,68733,H7983,HEB00798,0.4,IC,(OP) Operating,Operating
2026-08,68734,H8011,HEB00801,0.4,IC,(OP) Operating,Operating
2026-08,68734,H8012,HEB00801,0.4,IC,(OP) Operating,Operating
2026-08,68734,H8013,HEB00801,0.4,IC,(OP) Operating,Operating
2026-08,68736,HT210,HEBTEMDistCenter2A,0.4,IC,(OP) Operating,Operating
2026-08,68736,HT211,HEBTEMDistCenter2A,0.4,IC,(OP) Operating,Operating
2026-08,68736,HT212,HEBTEMDistCenter2A,0.4,IC,(OP) Operating,Operating
2026-08,68736,HT213,HEBTEMDistCenter2A,0.4,IC,(OP) Operating,Operating
2026-08,68736,HT214,HEBTEMDistCenter2A,0.4,IC,(OP) Operating,Operating
2026-08,68736,HT215,HEBTEMDistCenter2A,0.4,IC,(OP) Operating,Operating
2026-08,68736,HT216,HEBTEMDistCenter2A,0.4,IC,(OP) Operating,Operating
2026-08,68736,HT2A1,HEBTEMDistCenter2A,0.4,IC,(OP) Operating,Operating
2026-08,68736,HT2A2,HEBTEMDistCenter2A,0.4,IC,(OP) Operating,Operating
2026-08,68736,HT2A3,HEBTEMDistCenter2A,0.4,IC,(OP) Operating,Operating
2026-08,68736,HT2A4,HEBTEMDistCenter2A,0.4,IC,(OP) Operating,Operating
2026-08,68736,HT2A5,HEBTEMDistCenter2A,0.4,IC,(OP) Operating,Operating
2026-08,68736,HT2A6,HEBTEMDistCenter2A,0.4,IC,(OP) Operating,Operating
2026-08,68736,HT2A7,HEBTEMDistCenter2A,0.4,IC,(OP) Operating,Operating
2026-08,68736,HT2A8,HEBTEMDistCenter2A,0.4,IC,(OP) Operating,Operating
2026-08,68736,HT2A9,HEBTEMDistCenter2A,0.4,IC,(OP) Operating,Operating
2026-08,68737,TBUF1,OTHERTraditionBuffalo,0.4,IC,(OP) Operating,Operating
2026-08,68737,TBUF2,OTHERTraditionBuffalo,0.4,IC,(OP) Operating,Operating
2026-08,68737,TBUF3,OTHERTraditionBuffalo,0.4,IC,(OP) Operating,Operating
2026-08,69267,CDRV1,Cedarvale Gas,2.5,IC,(OP) Operating,Operating
2026-08,69267,CDRV2,Cedarvale Gas,2.5,IC,(OP) Operating,Operating
2026-08,69267,CDRV3,Cedarvale Gas,2.5,IC,(OP) Operating,Operating
2026-08,69267,CDRV4,Cedarvale Gas,2.5,IC,(OP) Operating,Operating
2026-08,69269,PYOT1,Pyote Gas,2.5,IC,(OP) Operating,Operating
2026-08,69269,PYOT2,Pyote Gas,2.5,IC,(OP) Operating,Operating
2026-08,69269,PYOT3,Pyote Gas,2.5,IC,(OP) Operating,Operating
2026-08,69269,PYOT4,Pyote Gas,2.5,IC,(OP) Operating,Operating
2026-08,69279,NEWP1,NEWPP,30,IC,(SB) Standby/Backup: available for service but not normally used,Operating
2026-08,69751,H7931,HEB_CPS00793,0.4,IC,(OP) Operating,Operating
2026-08,69751,H7932,HEB_CPS00793,0.4,IC,(OP) Operating,Operating
2026-08,69751,H7933,HEB_CPS00793,0.4,IC,(OP) Operating,Operating
2026-08,69752,CHP01,OTHERChildrensPlano,0.4,IC,(OP) Operating,Operating
2026-08,69752,CHP02,OTHERChildrensPlano,0.4,IC,(OP) Operating,Operating
2026-08,69752,CHP03,OTHERChildrensPlano,0.4,IC,(OP) Operating,Operating
2026-08,69752,CHP04,OTHERChildrensPlano,0.4,IC,(OP) Operating,Operating
2026-08,69752,CHP05,OTHERChildrensPlano,0.4,IC,(OP) Operating,Operating
2026-08,69752,CHP06,OTHERChildrensPlano,0.4,IC,(OP) Operating,Operating
2026-08,69752,CHP07,OTHERChildrensPlano,0.4,IC,(OP) Operating,Operating
2026-08,69752,CHP08,OTHERChildrensPlano,0.4,IC,(OP) Operating,Operating
2026-08,69752,CHP09,OTHERChildrensPlano,0.4,IC,(OP) Operating,Operating
2026-08,69752,CHP10,OTHERChildrensPlano,0.4,IC,(OP) Operating,Operating
2026-08,69752,CHP11,OTHERChildrensPlano,0.4,IC,(OP) Operating,Operating
2026-08,69752,CHP12,OTHERChildrensPlano,0.4,IC,(OP) Operating,Operating
2026-08,69752,CHP13,OTHERChildrensPlano,0.4,IC,(OP) Operating,Operating
2026-08,69752,CHP14,OTHERChildrensPlano,0.4,IC,(OP) Operating,Operating
2026-08,69752,CHP15,OTHERChildrensPlano,0.4,IC,(OP) Operating,Operating
2026-08,69752,CHP16,OTHERChildrensPlano,0.4,IC,(OP) Operating,Operating
2026-08,66621,1A,Orange County Advanced Power Station,453,CT,"(TS) Construction complete, but not yet in commercial operation",Planned
2026-08,66621,1B,Orange County Advanced Power Station,453,CT,"(TS) Construction complete, but not yet in commercial operation",Planned
2026-08,66621,1C,Orange County Advanced Power Station,400,CA,"(TS) Construction complete, but not yet in commercial operation",Planned
2026-08,69271,STAG1,Staghorn Gas,3.3,IC,"(TS) Construction complete, but not yet in commercial operation",Planned
2026-08,69271,STAG2,Staghorn Gas,3.3,IC,"(TS) Construction complete, but not yet in commercial operation",Planned
2026-08,69271,STAG3,Staghorn Gas,3.3,IC,"(TS) Construction complete, but not yet in commercial operation",Planned
2026-08,69268,COYA1,Coyanosa Gas,2.5,IC,"(U) Under construction, less than or equal to 50 percent complete",Planned
2026-08,69268,COYA2,Coyanosa Gas,2.5,IC,"(U) Under construction, less than or equal to 50 percent complete",Planned
2026-08,69268,COYA3,Coyanosa Gas,2.5,IC,"(U) Under construction, less than or equal to 50 percent complete",Planned
2026-08,69268,COYA4,Coyanosa Gas,2.5,IC,"(U) Under construction, less than or equal to 50 percent complete",Planned
2026-08,70343,WAGT1,GPI WACO Power,43.4,GT,"(U) Under construction, less than or equal to 50 percent complete",Planned
2026-08,58835,ELK4,Elk Station,199.8,GT,"(U) Under construction, less than or equal to 50 percent complete",Planned
2026-08,69689,CT11,Vast Sands Power,440,GT,"(U) Under construction, less than or equal to 50 percent complete",Planned
2026-08,69689,CT12,Vast Sands Power,440,GT,"(U) Under construction, less than or equal to 50 percent complete",Planned
2026-08,69799,G6B01,Project Matador Gas Plant (PMG),40,GT,(T) Regulatory approvals received. Not under construction,Planned
2026-08,69799,G6B02,Project Matador Gas Plant (PMG),40,GT,(T) Regulatory approvals received. Not under construction,Planned
2026-08,69799,G6B03,Project Matador Gas Plant (PMG),40,GT,(T) Regulatory approvals received. Not under construction,Planned
2026-08,69760,RIG1,Rock Island Generation Project,20.3,IC,(L) Regulatory approvals pending. Not under construction,Planned
2026-08,69760,RIG2,Rock Island Generation Project,20.3,IC,(L) Regulatory approvals pending. Not under construction,Planned
2026-08,69760,RIG3,Rock Island Generation Project,20.3,IC,(L) Regulatory approvals pending. Not under construction,Planned
2026-08,69760,RIG4,Rock Island Generation Project,20.3,IC,(L) Regulatory approvals pending. Not under construction,Planned
2026-08,69760,RIG5,Rock Island Generation Project,20.3,IC,(L) Regulatory approvals pending. Not under construction,Planned
2026-08,69760,RIG6,Rock Island Generation Project,20.3,IC,(L) Regulatory approvals pending. Not under construction,Planned
2026-08,69799,F1G01,Project Matador Gas Plant (PMG),260,CT,"(P) Planned for installation, but regulatory approvals not initiated",Planned
2026-08,69799,F1G02,Project Matador Gas Plant (PMG),260,CT,"(P) Planned for installation, but regulatory approvals not initiated",Planned
2026-08,69799,F1G03,Project Matador Gas Plant (PMG),260,CT,"(P) Planned for installation, but regulatory approvals not initiated",Planned
2026-08,69799,F2G01,Project Matador Gas Plant (PMG),260,CT,"(P) Planned for installation, but regulatory approvals not initiated",Planned
2026-08,69799,F2G02,Project Matador Gas Plant (PMG),260,CT,"(P) Planned for installation, but regulatory approvals not initiated",Planned
2026-08,69799,F2G03,Project Matador Gas Plant (PMG),260,CT,"(P) Planned for installation, but regulatory approvals not initiated",Planned
2026-08,69799,TM001,Project Matador Gas Plant (PMG),18.9,GT,"(P) Planned for installation, but regulatory approvals not initiated",Planned
2026-08,69799,TM002,Project Matador Gas Plant (PMG),18.9,GT,"(P) Planned for installation, but regulatory approvals not initiated",Planned
2026-08,69799,TM003,Project Matador Gas Plant (PMG),18.9,GT,"(P) Planned for installation, but regulatory approvals not initiated",Planned
2026-08,69799,TM004,Project Matador Gas Plant (PMG),18.9,GT,"(P) Planned for installation, but regulatory approvals not initiated",Planned
2026-08,69799,TM005,Project Matador Gas Plant (PMG),18.9,GT,"(P) Planned for installation, but regulatory approvals not initiated",Planned
2026-08,69799,TM006,Project Matador Gas Plant (PMG),18.9,GT,"(P) Planned for installation, but regulatory approvals not initiated",Planned
2026-08,69799,TM007,Project Matador Gas Plant (PMG),18.9,GT,"(P) Planned for installation, but regulatory approvals not initiated",Planned
2026-08,58151,STG03,Central Utility Plant - Texas A&M,5,CA,"(P) Planned for installation, but regulatory approvals not initiated",Planned
2026-08,68417,1,Hallsville,225,GT,"(P) Planned for installation, but regulatory approvals not initiated",Planned
2026-08,68417,2,Hallsville,225,GT,"(P) Planned for installation, but regulatory approvals not initiated",Planned
2026-08,69799,F1S01,Project Matador Gas Plant (PMG),105,CA,"(P) Planned for installation, but regulatory approvals not initiated",Planned
2026-08,69799,F1S02,Project Matador Gas Plant (PMG),105,CA,"(P) Planned for installation, but regulatory approvals not initiated",Planned
2026-08,69799,F1S03,Project Matador Gas Plant (PMG),105,CA,"(P) Planned for installation, but regulatory approvals not initiated",Planned
2026-08,69799,F2S01,Project Matador Gas Plant (PMG),105,CA,"(P) Planned for installation, but regulatory approvals not initiated",Planned
2026-08,69799,F2S02,Project Matador Gas Plant (PMG),105,CA,"(P) Planned for installation, but regulatory approvals not initiated",Planned
2026-08,69799,F2S03,Project Matador Gas Plant (PMG),105,CA,"(P) Planned for installation, but regulatory approvals not initiated",Planned
2026-08,69799,FBG01,Project Matador Gas Plant (PMG),50,CT,"(U) Under construction, less than or equal to 50 percent complete",Planned
2026-08,69799,FBG02,Project Matador Gas Plant (PMG),50,CT,"(U) Under construction, less than or equal to 50 percent complete",Planned
2026-08,69799,FBG03,Project Matador Gas Plant (PMG),50,CT,"(U) Under construction, less than or equal to 50 percent complete",Planned
2026-08,69799,FBG04,Project Matador Gas Plant (PMG),50,CT,"(U) Under construction, less than or equal to 50 percent complete",Planned
2026-08,69799,FBG05,Project Matador Gas Plant (PMG),50,CT,"(U) Under construction, less than or equal to 50 percent complete",Planned
2026-08,69799,FBG06,Project Matador Gas Plant (PMG),50,CT,"(U) Under construction, less than or equal to 50 percent complete",Planned
2026-08,69799,FBS01,Project Matador Gas Plant (PMG),105,CA,"(P) Planned for installation, but regulatory approvals not initiated",Planned
2026-08,69691,06,Greens Bayou 6,447,GT,"(U) Under construction, less than or equal to 50 percent complete",Planned
2026-08,68053,LEG,Legend Power Station,754,CC,(L) Regulatory approvals pending. Not under construction,Planned
2026-08,69077,1A,Lone Star Power Station,467.3,GT,(L) Regulatory approvals pending. Not under construction,Planned
2026-08,68606,5,Cedar Bayou 5,721,CS,"(U) Under construction, less than or equal to 50 percent complete",Planned
2026-08,68504,SLES1,Sandow Lakes Energy Station,645,CS,"(P) Planned for installation, but regulatory approvals not initiated",Planned
2026-08,68273,1,Naples Power Plant,450,GT,"(P) Planned for installation, but regulatory approvals not initiated",Planned
2026-08,68273,2,Naples Power Plant,450,GT,"(P) Planned for installation, but regulatory approvals not initiated",Planned
2026-08,68504,SLES2,Sandow Lakes Energy Station,645,CS,"(P) Planned for installation, but regulatory approvals not initiated",Planned
2026-08,69566,GEN1,CPV Basin Ranch Energy Center,722.5,CS,"(U) Under construction, less than or equal to 50 percent complete",Planned
2026-08,69566,GEN2,CPV Basin Ranch Energy Center,722.5,CS,"(U) Under construction, less than or equal to 50 percent complete",Planned
2026-08,69799,EG001,Project Matador Gas Plant (PMG),57,CT,"(P) Planned for installation, but regulatory approvals not initiated",Planned
2026-08,69799,EG002,Project Matador Gas Plant (PMG),57,CT,"(P) Planned for installation, but regulatory approvals not initiated",Planned
2026-08,69799,EG003,Project Matador Gas Plant (PMG),57,CT,"(P) Planned for installation, but regulatory approvals not initiated",Planned
2026-08,69799,EG004,Project Matador Gas Plant (PMG),57,CT,"(P) Planned for installation, but regulatory approvals not initiated",Planned
2026-08,69799,EG005,Project Matador Gas Plant (PMG),57,CT,"(P) Planned for installation, but regulatory approvals not initiated",Planned
2026-08,69799,EG006,Project Matador Gas Plant (PMG),57,CT,"(P) Planned for installation, but regulatory approvals not initiated",Planned
2026-08,69799,EG007,Project Matador Gas Plant (PMG),57,CT,"(P) Planned for installation, but regulatory approvals not initiated",Planned
2026-08,69799,EG008,Project Matador Gas Plant (PMG),57,CT,"(P) Planned for installation, but regulatory approvals not initiated",Planned
2026-08,69799,EG009,Project Matador Gas Plant (PMG),57,CT,"(P) Planned for installation, but regulatory approvals not initiated",Planned
2026-08,69799,EG010,Project Matador Gas Plant (PMG),57,CT,"(P) Planned for installation, but regulatory approvals not initiated",Planned
2026-08,69799,EG011,Project Matador Gas Plant (PMG),57,CT,"(P) Planned for installation, but regulatory approvals not initiated",Planned
2026-08,69799,EG012,Project Matador Gas Plant (PMG),57,CT,"(P) Planned for installation, but regulatory approvals not initiated",Planned
2026-08,69799,EG013,Project Matador Gas Plant (PMG),57,CT,"(P) Planned for installation, but regulatory approvals not initiated",Planned
2026-08,69799,EG014,Project Matador Gas Plant (PMG),57,CT,"(P) Planned for installation, but regulatory approvals not initiated",Planned
2026-08,69799,EG015,Project Matador Gas Plant (PMG),57,CT,"(P) Planned for installation, but regulatory approvals not initiated",Planned
2026-08,69799,EG016,Project Matador Gas Plant (PMG),57,CT,"(P) Planned for installation, but regulatory approvals not initiated",Planned
2026-08,69799,EG017,Project Matador Gas Plant (PMG),57,CT,"(P) Planned for installation, but regulatory approvals not initiated",Planned
2026-08,69799,EG018,Project Matador Gas Plant (PMG),57,CT,"(P) Planned for installation, but regulatory approvals not initiated",Planned
2026-08,69799,EG019,Project Matador Gas Plant (PMG),57,CT,"(P) Planned for installation, but regulatory approvals not initiated",Planned
2026-08,69799,EG020,Project Matador Gas Plant (PMG),57,CT,"(P) Planned for installation, but regulatory approvals not initiated",Planned
2026-08,69799,EG021,Project Matador Gas Plant (PMG),57,CT,"(P) Planned for installation, but regulatory approvals not initiated",Planned
2026-08,69799,EG022,Project Matador Gas Plant (PMG),57,CT,"(P) Planned for installation, but regulatory approvals not initiated",Planned
2026-08,69799,EG023,Project Matador Gas Plant (PMG),57,CT,"(P) Planned for installation, but regulatory approvals not initiated",Planned
2026-08,69799,EG024,Project Matador Gas Plant (PMG),57,CT,"(P) Planned for installation, but regulatory approvals not initiated",Planned
2026-08,69799,EG025,Project Matador Gas Plant (PMG),57,CT,"(P) Planned for installation, but regulatory approvals not initiated",Planned
2026-08,69799,EG026,Project Matador Gas Plant (PMG),57,CT,"(P) Planned for installation, but regulatory approvals not initiated",Planned
2026-08,69799,EG027,Project Matador Gas Plant (PMG),57,CT,"(P) Planned for installation, but regulatory approvals not initiated",Planned
2026-08,69799,EG028,Project Matador Gas Plant (PMG),57,CT,"(P) Planned for installation, but regulatory approvals not initiated",Planned
2026-08,69799,EG029,Project Matador Gas Plant (PMG),57,CT,"(P) Planned for installation, but regulatory approvals not initiated",Planned
2026-08,69799,EG030,Project Matador Gas Plant (PMG),57,CT,"(P) Planned for installation, but regulatory approvals not initiated",Planned
2026-08,69799,EG031,Project Matador Gas Plant (PMG),57,CT,"(P) Planned for installation, but regulatory approvals not initiated",Planned
2026-08,69799,EG032,Project Matador Gas Plant (PMG),57,CT,"(P) Planned for installation, but regulatory approvals not initiated",Planned
2026-08,69799,EG033,Project Matador Gas Plant (PMG),57,CT,"(P) Planned for installation, but regulatory approvals not initiated",Planned
2026-08,69799,EG034,Project Matador Gas Plant (PMG),57,CT,"(P) Planned for installation, but regulatory approvals not initiated",Planned
2026-08,69799,EG035,Project Matador Gas Plant (PMG),57,CT,"(P) Planned for installation, but regulatory approvals not initiated",Planned
2026-08,69799,EG036,Project Matador Gas Plant (PMG),57,CT,"(P) Planned for installation, but regulatory approvals not initiated",Planned
2026-08,69799,EG037,Project Matador Gas Plant (PMG),57,CT,"(P) Planned for installation, but regulatory approvals not initiated",Planned
2026-08,69799,EG038,Project Matador Gas Plant (PMG),57,CT,"(P) Planned for installation, but regulatory approvals not initiated",Planned
2026-08,69799,EG039,Project Matador Gas Plant (PMG),57,CT,"(P) Planned for installation, but regulatory approvals not initiated",Planned
2026-08,69799,EG040,Project Matador Gas Plant (PMG),57,CT,"(P) Planned for installation, but regulatory approvals not initiated",Planned
2026-08,69799,EG041,Project Matador Gas Plant (PMG),57,CT,"(P) Planned for installation, but regulatory approvals not initiated",Planned
2026-08,69799,EG042,Project Matador Gas Plant (PMG),57,CT,"(P) Planned for installation, but regulatory approvals not initiated",Planned
2026-08,69799,EG043,Project Matador Gas Plant (PMG),57,CT,"(P) Planned for installation, but regulatory approvals not initiated",Planned
2026-08,69799,EG044,Project Matador Gas Plant (PMG),57,CT,"(P) Planned for installation, but regulatory approvals not initiated",Planned
2026-08,69799,EG045,Project Matador Gas Plant (PMG),57,CT,"(P) Planned for installation, but regulatory approvals not initiated",Planned
2026-08,69799,EG046,Project Matador Gas Plant (PMG),57,CT,"(P) Planned for installation, but regulatory approvals not initiated",Planned
2026-08,69799,EG047,Project Matador Gas Plant (PMG),57,CT,"(P) Planned for installation, but regulatory approvals not initiated",Planned
2026-08,69799,EG048,Project Matador Gas Plant (PMG),57,CT,"(P) Planned for installation, but regulatory approvals not initiated",Planned
2026-08,69799,ES001,Project Matador Gas Plant (PMG),105,CA,"(P) Planned for installation, but regulatory approvals not initiated",Planned
2026-08,69799,ES002,Project Matador Gas Plant (PMG),105,CA,"(P) Planned for installation, but regulatory approvals not initiated",Planned
2026-08,69799,ES003,Project Matador Gas Plant (PMG),105,CA,"(P) Planned for installation, but regulatory approvals not initiated",Planned
2026-08,69799,ES004,Project Matador Gas Plant (PMG),105,CA,"(P) Planned for installation, but regulatory approvals not initiated",Planned
2026-08,69799,ES005,Project Matador Gas Plant (PMG),105,CA,"(P) Planned for installation, but regulatory approvals not initiated",Planned
2026-08,69799,ES006,Project Matador Gas Plant (PMG),105,CA,"(P) Planned for installation, but regulatory approvals not initiated",Planned
2026-08,69799,ES007,Project Matador Gas Plant (PMG),105,CA,"(P) Planned for installation, but regulatory approvals not initiated",Planned
2026-08,69799,ES008,Project Matador Gas Plant (PMG),105,CA,"(P) Planned for installation, but regulatory approvals not initiated",Planned
2026-08,69799,ES009,Project Matador Gas Plant (PMG),105,CA,"(P) Planned for installation, but regulatory approvals not initiated",Planned
2026-08,69799,ES010,Project Matador Gas Plant (PMG),105,CA,"(P) Planned for installation, but regulatory approvals not initiated",Planned
2026-08,69799,ES011,Project Matador Gas Plant (PMG),105,CA,"(P) Planned for installation, but regulatory approvals not initiated",Planned
2026-08,69799,ES012,Project Matador Gas Plant (PMG),105,CA,"(P) Planned for installation, but regulatory approvals not initiated",Planned
2026-08,69799,ES013,Project Matador Gas Plant (PMG),105,CA,"(P) Planned for installation, but regulatory approvals not initiated",Planned
2026-08,69799,ES014,Project Matador Gas Plant (PMG),105,CA,"(P) Planned for installation, but regulatory approvals not initiated",Planned
2026-08,69799,ES015,Project Matador Gas Plant (PMG),105,CA,"(P) Planned for installation, but regulatory approvals not initiated",Planned
2026-08,69799,ES016,Project Matador Gas Plant (PMG),105,CA,"(P) Planned for installation, but regulatory approvals not initiated",Planned
2026-08,69799,MG001,Project Matador Gas Plant (PMG),57,CT,"(P) Planned for installation, but regulatory approvals not initiated",Planned
2026-08,69799,MG002,Project Matador Gas Plant (PMG),57,CT,"(P) Planned for installation, but regulatory approvals not initiated",Planned
2026-08,69799,MG003,Project Matador Gas Plant (PMG),57,CT,"(P) Planned for installation, but regulatory approvals not initiated",Planned
2026-08,69799,MG004,Project Matador Gas Plant (PMG),57,CT,"(P) Planned for installation, but regulatory approvals not initiated",Planned
2026-08,69799,MG005,Project Matador Gas Plant (PMG),57,CT,"(P) Planned for installation, but regulatory approvals not initiated",Planned
2026-08,69799,MG006,Project Matador Gas Plant (PMG),57,CT,"(P) Planned for installation, but regulatory approvals not initiated",Planned
2026-08,69799,MG007,Project Matador Gas Plant (PMG),57,CT,"(P) Planned for installation, but regulatory approvals not initiated",Planned
2026-08,69799,MG008,Project Matador Gas Plant (PMG),57,CT,"(P) Planned for installation, but regulatory approvals not initiated",Planned
2026-08,69799,MG009,Project Matador Gas Plant (PMG),57,CT,"(P) Planned for installation, but regulatory approvals not initiated",Planned
2026-08,69799,MG010,Project Matador Gas Plant (PMG),57,CT,"(P) Planned for installation, but regulatory approvals not initiated",Planned
2026-08,69799,MG011,Project Matador Gas Plant (PMG),57,CT,"(P) Planned for installation, but regulatory approvals not initiated",Planned
2026-08,69799,MG012,Project Matador Gas Plant (PMG),57,CT,"(P) Planned for installation, but regulatory approvals not initiated",Planned
2026-08,69799,MG013,Project Matador Gas Plant (PMG),57,CT,"(P) Planned for installation, but regulatory approvals not initiated",Planned
2026-08,69799,MG014,Project Matador Gas Plant (PMG),57,CT,"(P) Planned for installation, but regulatory approvals not initiated",Planned
2026-08,69799,MG015,Project Matador Gas Plant (PMG),57,CT,"(P) Planned for installation, but regulatory approvals not initiated",Planned
2026-08,69799,MG016,Project Matador Gas Plant (PMG),57,CT,"(P) Planned for installation, but regulatory approvals not initiated",Planned
2026-08,69799,MG017,Project Matador Gas Plant (PMG),57,CT,"(P) Planned for installation, but regulatory approvals not initiated",Planned
2026-08,69799,MG018,Project Matador Gas Plant (PMG),57,CT,"(P) Planned for installation, but regulatory approvals not initiated",Planned
2026-08,69799,MG019,Project Matador Gas Plant (PMG),57,CT,"(P) Planned for installation, but regulatory approvals not initiated",Planned
2026-08,69799,MG020,Project Matador Gas Plant (PMG),57,CT,"(P) Planned for installation, but regulatory approvals not initiated",Planned
2026-08,69799,MG021,Project Matador Gas Plant (PMG),57,CT,"(P) Planned for installation, but regulatory approvals not initiated",Planned
2026-08,69799,MG022,Project Matador Gas Plant (PMG),57,CT,"(P) Planned for installation, but regulatory approvals not initiated",Planned
2026-08,69799,MG023,Project Matador Gas Plant (PMG),57,CT,"(P) Planned for installation, but regulatory approvals not initiated",Planned
2026-08,69799,MG024,Project Matador Gas Plant (PMG),57,CT,"(P) Planned for installation, but regulatory approvals not initiated",Planned
2026-08,69799,MG025,Project Matador Gas Plant (PMG),57,CT,"(P) Planned for installation, but regulatory approvals not initiated",Planned
2026-08,69799,MG026,Project Matador Gas Plant (PMG),57,CT,"(P) Planned for installation, but regulatory approvals not initiated",Planned
2026-08,69799,MG027,Project Matador Gas Plant (PMG),57,CT,"(P) Planned for installation, but regulatory approvals not initiated",Planned
2026-08,69799,MG028,Project Matador Gas Plant (PMG),57,CT,"(P) Planned for installation, but regulatory approvals not initiated",Planned
2026-08,69799,MG029,Project Matador Gas Plant (PMG),57,CT,"(P) Planned for installation, but regulatory approvals not initiated",Planned
2026-08,69799,MG030,Project Matador Gas Plant (PMG),57,CT,"(P) Planned for installation, but regulatory approvals not initiated",Planned
2026-08,69799,MG031,Project Matador Gas Plant (PMG),57,CT,"(P) Planned for installation, but regulatory approvals not initiated",Planned
2026-08,69799,MG032,Project Matador Gas Plant (PMG),57,CT,"(P) Planned for installation, but regulatory approvals not initiated",Planned
2026-08,69799,MG033,Project Matador Gas Plant (PMG),57,CT,"(P) Planned for installation, but regulatory approvals not initiated",Planned
2026-08,69799,MG034,Project Matador Gas Plant (PMG),57,CT,"(P) Planned for installation, but regulatory approvals not initiated",Planned
2026-08,69799,MG035,Project Matador Gas Plant (PMG),57,CT,"(P) Planned for installation, but regulatory approvals not initiated",Planned
2026-08,69799,MG036,Project Matador Gas Plant (PMG),57,CT,"(P) Planned for installation, but regulatory approvals not initiated",Planned
2026-08,69799,MG037,Project Matador Gas Plant (PMG),57,CT,"(P) Planned for installation, but regulatory approvals not initiated",Planned
2026-08,69799,MG038,Project Matador Gas Plant (PMG),57,CT,"(P) Planned for installation, but regulatory approvals not initiated",Planned
2026-08,69799,MG039,Project Matador Gas Plant (PMG),57,CT,"(P) Planned for installation, but regulatory approvals not initiated",Planned
2026-08,69799,MG040,Project Matador Gas Plant (PMG),57,CT,"(P) Planned for installation, but regulatory approvals not initiated",Planned
2026-08,69799,MG041,Project Matador Gas Plant (PMG),57,CT,"(P) Planned for installation, but regulatory approvals not initiated",Planned
2026-08,69799,MG042,Project Matador Gas Plant (PMG),57,CT,"(P) Planned for installation, but regulatory approvals not initiated",Planned
2026-08,69799,MG043,Project Matador Gas Plant (PMG),57,CT,"(P) Planned for installation, but regulatory approvals not initiated",Planned
2026-08,69799,MG044,Project Matador Gas Plant (PMG),57,CT,"(P) Planned for installation, but regulatory approvals not initiated",Planned
2026-08,69799,MG045,Project Matador Gas Plant (PMG),57,CT,"(P) Planned for installation, but regulatory approvals not initiated",Planned
2026-08,69799,MG046,Project Matador Gas Plant (PMG),57,CT,"(P) Planned for installation, but regulatory approvals not initiated",Planned
2026-08,69799,MG047,Project Matador Gas Plant (PMG),57,CT,"(P) Planned for installation, but regulatory approvals not initiated",Planned
2026-08,69799,MG048,Project Matador Gas Plant (PMG),57,CT,"(P) Planned for installation, but regulatory approvals not initiated",Planned
2026-08,69799,MS001,Project Matador Gas Plant (PMG),105,CA,"(P) Planned for installation, but regulatory approvals not initiated",Planned
2026-08,69799,MS002,Project Matador Gas Plant (PMG),105,CA,"(P) Planned for installation, but regulatory approvals not initiated",Planned
2026-08,69799,MS003,Project Matador Gas Plant (PMG),105,CA,"(P) Planned for installation, but regulatory approvals not initiated",Planned
2026-08,69799,MS004,Project Matador Gas Plant (PMG),105,CA,"(P) Planned for installation, but regulatory approvals not initiated",Planned
2026-08,69799,MS005,Project Matador Gas Plant (PMG),105,CA,"(P) Planned for installation, but regulatory approvals not initiated",Planned
2026-08,69799,MS006,Project Matador Gas Plant (PMG),105,CA,"(P) Planned for installation, but regulatory approvals not initiated",Planned
2026-08,69799,MS007,Project Matador Gas Plant (PMG),105,CA,"(P) Planned for installation, but regulatory approvals not initiated",Planned
2026-08,69799,MS008,Project Matador Gas Plant (PMG),105,CA,"(P) Planned for installation, but regulatory approvals not initiated",Planned
2026-08,69799,MS009,Project Matador Gas Plant (PMG),105,CA,"(P) Planned for installation, but regulatory approvals not initiated",Planned
2026-08,69799,MS010,Project Matador Gas Plant (PMG),105,CA,"(P) Planned for installation, but regulatory approvals not initiated",Planned
2026-08,69799,MS011,Project Matador Gas Plant (PMG),105,CA,"(P) Planned for installation, but regulatory approvals not initiated",Planned
2026-08,69799,MS012,Project Matador Gas Plant (PMG),105,CA,"(P) Planned for installation, but regulatory approvals not initiated",Planned
2026-08,69799,MS013,Project Matador Gas Plant (PMG),105,CA,"(P) Planned for installation, but regulatory approvals not initiated",Planned
2026-08,69799,MS014,Project Matador Gas Plant (PMG),105,CA,"(P) Planned for installation, but regulatory approvals not initiated",Planned
2026-08,69799,MS015,Project Matador Gas Plant (PMG),105,CA,"(P) Planned for installation, but regulatory approvals not initiated",Planned
2026-08,69799,MS016,Project Matador Gas Plant (PMG),105,CA,"(P) Planned for installation, but regulatory approvals not initiated",Planned
2026-08,52176,GEN3,C R Wing Cogen Plant,75,CA,,Retired
2026-08,3485,1,Plant X,48,ST,,Retired
2026-08,3485,2,Plant X,98,ST,,Retired
2026-08,54748,G1,Port Neches Plant,38,GT,,Retired
2026-08,3602,1,Ty Cooke,44,ST,,Retired
2026-08,3602,2,Ty Cooke,53.6,ST,,Retired
2026-08,3602,GT2,Ty Cooke,18.5,GT,,Retired
2026-08,3602,GT3,Ty Cooke,22,GT,,Retired
2026-08,3604,6A,J Robert Massengale,22,CA,,Retired
2026-08,3604,7,J Robert Massengale,22,CA,,Retired
2026-08,3604,8,J Robert Massengale,40,CT,,Retired
2026-08,7131,1,Brandon Station,21,GT,,Retired
2026-08,52120,G-37,Freeport Energy,75,GT,,Retired
2026-08,3485,3,Plant X,98,ST,,Retired
2026-08,3548,2,Decker Creek,405,ST,,Retired
2026-08,58151,STG04,Central Utility Plant - Texas A&M,5,CA,,Retired
2026-08,3631,1,Sam Rayburn,11.2,GT,,Retired
2026-08,3631,2,Sam Rayburn,11.2,GT,,Retired
2026-08,3548,1,Decker Creek,321,ST,,Retired
2026-08,3476,2,Knox Lee,38,ST,,Retired
2026-08,3476,3,Knox Lee,38,ST,,Retired
2026-08,3477,1,Lone Star,40,ST,,Retired
2026-08,55104,CTG1,Sabine Cogen,37.4,CT,,Retired
2026-08,55104,CTG2,Sabine Cogen,37.4,CT,,Retired
2026-08,55104,STG,Sabine Cogen,31.7,CA,,Retired
2026-08,57952,GEN1,Woodall Gas Plant,1,IC,,Retired
2026-08,57952,GEN2,Woodall Gas Plant,1,IC,,Retired
2026-08,57952,GEN3,Woodall Gas Plant,1,IC,,Retired
2026-08,52069,GEN1,Point Comfort Operations,16,ST,,Retired
2026-08,52069,GEN2,Point Comfort Operations,16,ST,,Retired
2026-08,52069,GEN3,Point Comfort Operations,16,ST,,Retired
2026-08,52069,GEN4,Point Comfort Operations,15.1,ST,,Retired
2026-08,54607,GEN1,University of Texas at Dallas,3.5,IC,,Retired
2026-08,55025,GEN2,Yates Gas Plant,2.8,GT,,Retired
2026-08,55025,GEN1,Yates Gas Plant,2.8,GT,,Retired
2026-08,3468,ST1,Sam Bertron,187.8,ST,,Retired
2026-08,3468,ST2,Sam Bertron,187.8,ST,,Retired
2026-08,10261,GEN1,Enterprise Products Operating,2.5,GT,,Retired
2026-08,10261,GEN2,Enterprise Products Operating,2.5,GT,,Retired
2026-08,3476,4,Knox Lee,74,ST,,Retired
2026-08,3464,5,Greens Bayou,446.4,ST,,Retired
2026-08,3468,3,Sam Bertron,225.3,ST,,Retired
2026-08,3468,4,Sam Bertron,225.3,ST,,Retired
2026-08,3468,GT2,Sam Bertron,16.3,GT,,Retired
2026-08,54458,BG3A,Benedum Plant,1,IC,,Retired
2026-08,54458,BG6,Benedum Plant,1,IC,,Retired
2026-08,59378,GEN1,Helios Plaza CHP Plant,4.6,GT,,Retired
2026-08,3630,1,Pearsall,22,ST,,Retired
2026-08,3630,2,Pearsall,22,ST,,Retired
2026-08,3630,3,Pearsall,22,ST,,Retired
2026-08,10741,G102,Clear Lake Cogeneration Ltd,129,CT,,Retired
2026-08,10741,G103,Clear Lake Cogeneration Ltd,129,CT,,Retired
2026-08,10741,G104,Clear Lake Cogeneration Ltd,129,CT,,Retired
2026-08,10741,S101,Clear Lake Cogeneration Ltd,51.9,CA,,Retired
2026-08,10741,S102,Clear Lake Cogeneration Ltd,14.3,CA,,Retired
2026-08,3459,2,Sabine,239.4,ST,,Retired
2026-08,54606,GEN1,University of Texas at San Antonio,3.4,IC,,Retired
2026-08,3559,5,Silas Ray,24,ST,,Retired
2026-08,3494,5,Permian Basin,114.9,ST,,Retired
2026-08,3494,6,Permian Basin,535.5,ST,,Retired
2026-08,3604,4,J Robert Massengale,11.5,ST,,Retired
2026-08,3604,5,J Robert Massengale,11.5,ST,,Retired
2026-08,3508,1,Valley (TX),198.9,ST,,Retired
2026-08,3508,2,Valley (TX),580.5,ST,,Retired
2026-08,3508,3,Valley (TX),396,ST,,Retired
2026-08,10298,GEN2,Bayou Cogen Plant,75,GT,,Retired
2026-08,10298,GEN4,Bayou Cogen Plant,79.6,GT,,Retired
2026-08,3502,ST1,Lake Creek,79.6,ST,,Retired
2026-08,3502,ST2,Lake Creek,236,ST,,Retired
2026-08,3627,1,North Texas,16.5,ST,,Retired
2026-08,3627,2,North Texas,16.5,ST,,Retired
2026-08,10789,GEN3,Sabine River Operations,6.2,CA,,Retired
2026-08,50153,GTG,Texas City Plant Union Carbide,40,GT,,Retired
2026-08,52108,GEN1,Valero Energy Port Arthur Refinery,17.2,CT,,Retired
2026-08,52108,GEN2,Valero Energy Port Arthur Refinery,13.7,GT,,Retired
2026-08,10298,GEN3,Bayou Cogen Plant,75,GT,,Retired
2026-08,3561,3,Bryan (TX),13,ST,,Retired
2026-08,3561,4,Bryan (TX),24,ST,,Retired
2026-08,3561,5,Bryan (TX),25,ST,,Retired
2026-08,3561,6,Bryan (TX),54,ST,,Retired
2026-08,10298,GEN1,Bayou Cogen Plant,75,GT,,Retired
2026-08,8063,1,DeCordova Steam Electric Station,799.2,ST,,Retired
2026-08,3483,3,Moore County,49,ST,,Retired
2026-08,4937,1,Thomas C Ferguson,446,ST,,Retired
2026-08,3609,3,Leon Creek,75,ST,,Retired
2026-08,3609,4,Leon Creek,113.7,ST,,Retired
2026-08,56373,DOMG1,Domain Integrated Energy System,5,GT,,Retired
2026-08,50263,GEN1,Southwest Texas State University,6,IC,,Retired
2026-08,10638,GEN1,Pasadena,6.5,GT,,Retired
2026-08,3487,6,Riverview,28.6,GT,,Retired
2026-08,3489,1,Eagle Mountain,122.5,ST,,Retired
2026-08,3489,2,Eagle Mountain,187.5,ST,,Retired
2026-08,3489,3,Eagle Mountain,396.1,ST,,Retired
2026-08,3602,GT1,Ty Cooke,12.5,GT,,Retired
2026-08,3631,3,Sam Rayburn,25,ST,,Retired
2026-08,50615,GT01,TXU Sweetwater Generating Plant,45,CT,,Retired
2026-08,50615,GT02,TXU Sweetwater Generating Plant,99,CT,,Retired
2026-08,50615,GT03,TXU Sweetwater Generating Plant,99,CT,,Retired
2026-08,55309,GEN2,Air Products Port Arthur,3,CA,,Retired
2026-08,3492,5,Morgan Creek,170.4,ST,,Retired
2026-08,3492,6,Morgan Creek,517.5,ST,,Retired
2026-08,50973,GN26,Motiva Enterprises Port Arthur Refinery,18.8,CS,,Retired
2026-08,52120,G-62,Freeport Energy,94.5,CT,,Retired
2026-08,3613,1,W B Tuttle,75,ST,,Retired
2026-08,3613,3,W B Tuttle,113.6,ST,,Retired
2026-08,3613,4,W B Tuttle,191.7,ST,,Retired
2026-08,3574,5,C E Newman,44,ST,,Retired
2026-08,50973,GN27,Motiva Enterprises Port Arthur Refinery,21.3,CA,,Retired
2026-08,3440,3,Lon C Hill,163.2,ST,,Retired
2026-08,3500,1,Collin,156.2,ST,,Retired
2026-08,10203,GEN1,Valero Refinery Corpus Christi East,20,GT,,Retired
2026-08,10203,GEN2,Valero Refinery Corpus Christi East,20,GT,,Retired
2026-08,3491,1,Handley,43.7,ST,,Retired
2026-08,3491,2,Handley,74.8,ST,,Retired
2026-08,50253,TG1,CalTex Holdings LP,33,ST,,Retired
2026-08,50253,TG4,CalTex Holdings LP,46.2,ST,,Retired
2026-08,54459,1,Midkiff Plant,1.2,IC,,Retired
2026-08,54459,2,Midkiff Plant,1.2,IC,,Retired
2026-08,54459,3,Midkiff Plant,1.2,IC,,Retired
2026-08,52120,G-35,Freeport Energy,119,CT,,Retired
2026-08,3466,1,P H Robinson,484.5,ST,,Retired
2026-08,3466,2,P H Robinson,484.5,ST,,Retired
2026-08,3466,3,P H Robinson,580.5,ST,,Retired
2026-08,3466,4,P H Robinson,765,ST,,Retired
2026-08,52120,G-36,Freeport Energy,119,CT,,Retired
2026-08,3443,4,Victoria,75,ST,,Retired
2026-08,50615,STG1,TXU Sweetwater Generating Plant,101,CA,,Retired
2026-08,3454,1,North Lake,176.8,ST,,Retired
2026-08,3454,2,North Lake,170.4,ST,,Retired
2026-08,3454,3,North Lake,361.3,ST,,Retired
2026-08,3468,GT1,Sam Bertron,32.6,GT,,Retired
2026-08,3453,2,Mountain Creek,31.2,ST,,Retired
2026-08,3453,3,Mountain Creek,74.9,ST,,Retired
2026-08,3627,3,North Texas,38,ST,,Retired
2026-08,3443,6,Victoria,261,ST,,Retired
2026-08,54253,GEN1,S&L Cogeneration,55,GT,,Retired
2026-08,3438,1,J L Bates,75,ST,,Retired
2026-08,3438,2,J L Bates,113.7,ST,,Retired
2026-08,3439,1,Laredo,34.5,ST,,Retired
2026-08,3439,2,Laredo,37.5,ST,,Retired
2026-08,3439,3,Laredo,115.2,ST,,Retired
2026-08,3558,GT1,Brownfield,6.5,GT,,Retired
2026-08,10789,GEN4,Sabine River Operations,6.2,CA,,Retired
2026-08,10317,1,Baylor University Cogen,3.4,GT,,Retired
2026-08,3441,5,Nueces Bay,32.5,ST,,Retired
2026-08,3441,6,Nueces Bay,180,ST,,Retired
2026-08,3558,1,Brownfield,2,IC,,Retired
2026-08,3558,3,Brownfield,3.1,IC,,Retired
2026-08,3558,4,Brownfield,2.7,IC,,Retired
2026-08,3558,5,Brownfield,3.6,IC,,Retired
2026-08,50118,GEN6,Hal C Weaver Power Plant,12.5,CT,,Retired
2026-08,50249,GEN2,Abitibi Consolidated Lufkin,7.5,ST,,Retired
2026-08,50249,GEN3,Abitibi Consolidated Lufkin,12.5,ST,,Retired
2026-08,50249,GEN4,Abitibi Consolidated Lufkin,12.5,ST,,Retired
2026-08,50249,GEN5,Abitibi Consolidated Lufkin,15.6,ST,,Retired
2026-08,50249,GEN6,Abitibi Consolidated Lufkin,15.6,ST,,Retired
2026-08,50249,GEN7,Abitibi Consolidated Lufkin,21.1,ST,,Retired
2026-08,3613,2,W B Tuttle,113.6,ST,,Retired
2026-08,3549,3,Holly Street,165,ST,,Retired
2026-08,3549,4,Holly Street,193,ST,,Retired
2026-08,3460,3,Cedar Bayou,765,ST,,Retired
2026-08,50253,TG3,CalTex Holdings LP,18,GT,,Retired
2026-08,54962,UN73,ExxonMobil Hawkins Gas Plant,3,IC,,Retired
2026-08,54962,UN74,ExxonMobil Hawkins Gas Plant,3.4,IC,,Retired
2026-08,54962,UN75,ExxonMobil Hawkins Gas Plant,2.5,IC,,Retired
2026-08,54962,UN76,ExxonMobil Hawkins Gas Plant,0.1,IC,,Retired
2026-08,54962,UN77,ExxonMobil Hawkins Gas Plant,0.5,IC,,Retired
2026-08,54962,UN78,ExxonMobil Hawkins Gas Plant,0.5,IC,,Retired
2026-08,54962,UN79,ExxonMobil Hawkins Gas Plant,0.5,IC,,Retired
2026-08,3442,4,La Palma,23,ST,,Retired
2026-08,3442,5,La Palma,23,ST,,Retired
2026-08,3442,6,La Palma,163.2,ST,,Retired
2026-08,52120,G-33,Freeport Energy,49,CA,,Retired
2026-08,3440,1,Lon C Hill,75,ST,,Retired
2026-08,3440,2,Lon C Hill,75,ST,,Retired
2026-08,3440,4,Lon C Hill,261,ST,,Retired
2026-08,3442,7,La Palma,49.1,GT,,Retired
2026-08,52108,GEN3,Valero Energy Port Arthur Refinery,13.7,CT,,Retired
2026-08,52013,GEN3,Valero Refining Texas City,16.2,GT,,Retired
2026-08,3471,3,Webster,410,ST,,Retired
2026-08,3471,GT1,Webster,16.3,GT,,Retired
2026-08,3465,1,Hiram Clarke,16,GT,,Retired
2026-08,3465,2,Hiram Clarke,16,GT,,Retired
2026-08,3465,3,Hiram Clarke,16,GT,,Retired
2026-08,3465,4,Hiram Clarke,16,GT,,Retired
2026-08,3465,5,Hiram Clarke,16,GT,,Retired
2026-08,3465,6,Hiram Clarke,16,GT,,Retired
2026-08,52012,GEN1,Valero Refining Texas Houston,17.1,GT,,Retired
2026-08,3625,1,Whitesboro,1.2,IC,,Retired
2026-08,3625,2,Whitesboro,0.9,IC,,Retired
2026-08,3625,3,Whitesboro,0.5,IC,,Retired
2026-08,3625,4,Whitesboro,1.2,IC,,Retired
2026-08,54248,GEN1,Rock Tenn Dallas Mill,6.2,ST,,Retired
2026-08,3469,2,T H Wharton,247.8,ST,,Retired
2026-08,4266,1,Spencer,12.6,ST,,Retired
2026-08,4266,2,Spencer,12.6,ST,,Retired
2026-08,3461,7,Deepwater,187.8,ST,,Retired
2026-08,55064,UNT2,Black Hawk Station,126.9,GT,,Retired
2026-08,52012,GEN2,Valero Refining Texas Houston,17.1,GT,,Retired
2026-08,54443,GEN1,North Riley,1,IC,,Retired
2026-08,54443,GEN2,North Riley,1,IC,,Retired
2026-08,54443,GEN3,North Riley,1,IC,,Retired
2026-08,54976,1530,Morton Salt Grand Saline,1.5,ST,,Retired
2026-08,52013,GEN2,Valero Refining Texas City,16.2,GT,,Retired
2026-08,54940,GEN1,Austin State Hospital,1,GT,,Retired
2026-08,3517,4,Abilene,15,ST,,Retired
2026-08,3520,2,Fort Stockton,5,GT,,Retired
2026-08,3521,1,Lake Pauline,20,ST,,Retired
2026-08,3521,2,Lake Pauline,20,ST,,Retired
2026-08,3523,1,Oak Creek,75,ST,,Retired
2026-08,3524,1,Paint Creek,34.5,ST,,Retired
2026-08,3524,2,Paint Creek,37.5,ST,,Retired
2026-08,3524,3,Paint Creek,54.4,ST,,Retired
2026-08,3524,4,Paint Creek,115.2,ST,,Retired
2026-08,3526,4,Rio Pecos,5,CT,,Retired
2026-08,3526,5,Rio Pecos,37.5,CA,,Retired
2026-08,3526,6,Rio Pecos,99,ST,,Retired
2026-08,3574,1,C E Newman,7.5,ST,,Retired
2026-08,3574,2,C E Newman,7.5,ST,,Retired
2026-08,3574,3,C E Newman,18.7,ST,,Retired
2026-08,3574,4,C E Newman,18.7,ST,,Retired
2026-08,4266,3,Spencer,22,ST,,Retired
2026-08,10436,GT35,ExxonMobil Baytown Refinery,14.5,GT,,Retired
2026-08,10436,GT36,ExxonMobil Baytown Refinery,15.2,GT,,Retired
2026-08,10436,GT37,ExxonMobil Baytown Refinery,17.2,GT,,Retired
2026-08,50137,GEN2,Texas Gulf Sulphur,12.5,CA,,Retired
2026-08,4938,1,Fort Phantom,156,ST,,Retired
2026-08,4938,2,Fort Phantom,207,ST,,Retired
2026-08,3549,1,Holly Street,100,ST,,Retired
2026-08,3549,2,Holly Street,100,ST,,Retired
2026-08,3566,IC1,Coleman,1.5,IC,,Retired
2026-08,3566,IC2,Coleman,1,IC,,Retired
2026-08,3566,IC3,Coleman,1.3,IC,,Retired
2026-08,3566,IC4,Coleman,1.5,IC,,Retired
2026-08,3566,IC5,Coleman,2.2,IC,,Retired
2026-08,3566,IC6,Coleman,2.5,IC,,Retired
2026-08,3566,IC7,Coleman,1.5,IC,,Retired
2026-08,3566,IC8,Coleman,1.3,IC,,Retired
2026-08,3566,IC9,Coleman,4,IC,,Retired
2026-08,3608,10,Robstown,4.1,IC,,Retired
2026-08,3608,11,Robstown,5,IC,,Retired
2026-08,3608,3,Robstown,2.4,IC,,Retired
2026-08,3608,4,Robstown,2.4,IC,,Retired
2026-08,3608,5,Robstown,2.4,IC,,Retired
2026-08,3608,7,Robstown,1,IC,,Retired
2026-08,3608,8,Robstown,1,IC,,Retired
2026-08,3608,9,Robstown,2.6,IC,,Retired
2026-08,52131,307A,Power Station 3,22,CA,,Retired
2026-08,52131,307B,Power Station 3,22,CA,,Retired
2026-08,52131,307C,Power Station 3,15.6,CT,,Retired
2026-08,52131,307D,Power Station 3,22,CA,,Retired
2026-08,52131,307E,Power Station 3,15.6,CT,,Retired
2026-08,52131,307F,Power Station 3,20.7,CT,,Retired
2026-08,3527,2,San Angelo,101,CA,,Retired
2026-08,3527,1,San Angelo,25,CT,,Retired
2026-08,3455,1,Parkdale,79.6,ST,,Retired
2026-08,3455,2,Parkdale,125,ST,,Retired
2026-08,3455,3,Parkdale,136,ST,,Retired
2026-08,3492,2,Morgan Creek,18.4,ST,,Retired
2026-08,3492,3,Morgan Creek,46,ST,,Retired
2026-08,3492,4,Morgan Creek,75,ST,,Retired
2026-08,3493,4,North Main,81.2,ST,,Retired
2026-08,3503,1,River Crest,112.5,ST,,Retired
2026-08,50471,GEN1,Deer Park Plant,10,CA,,Retired
2026-08,50471,GEN2,Deer Park Plant,10,CA,,Retired
2026-08,50471,GEN3,Deer Park Plant,10,CA,,Retired
2026-08,50471,GEN4,Deer Park Plant,81,CT,,Retired
2026-08,3619,10,Tulia,1.7,IC,,Retired
2026-08,3619,11,Tulia,4.8,IC,,Retired
2026-08,3619,12,Tulia,3,IC,,Retired
2026-08,3619,2,Tulia,0.4,IC,,Retired
2026-08,3619,5,Tulia,1,IC,,Retired
2026-08,3619,6,Tulia,1.1,IC,,Retired
2026-08,3619,7,Tulia,1.1,IC,,Retired
2026-08,3619,8,Tulia,1.8,IC,,Retired
2026-08,3619,9,Tulia,1.8,IC,,Retired
2026-08,52120,G-45,Freeport Energy,119,CT,,Retired
2026-08,3610,3,Mission Road,113.6,ST,,Retired
2026-08,10436,ST33,ExxonMobil Baytown Refinery,7.5,ST,,Retired
2026-08,10136,ENGN,Fort Bend Utilities,0.5,IC,,Retired
2026-08,10136,GEN1,Fort Bend Utilities,2,ST,,Retired
2026-08,10136,GEN2,Fort Bend Utilities,1,ST,,Retired
2026-08,10136,GEN3,Fort Bend Utilities,3,ST,,Retired
2026-08,52120,G-42,Freeport Energy,50,CA,,Retired
2026-08,52120,G-31,Freeport Energy,50,CA,,Retired
2026-08,3436,1,E S Joslin,261,ST,,Retired
2026-08,10243,GEN1,Ticona Polymers Inc,1.4,OT,,Retired
2026-08,10243,GEN2,Ticona Polymers Inc,1.4,OT,,Retired
2026-08,10243,GEN3,Ticona Polymers Inc,1.6,OT,,Retired
2026-08,10243,GEN4,Ticona Polymers Inc,8.2,CA,,Retired
2026-08,3573,2,Floydada,1.2,IC,,Retired
2026-08,3573,3,Floydada,1.2,IC,,Retired
2026-08,3573,4,Floydada,1.2,IC,,Retired
2026-08,3573,5,Floydada,1.2,IC,,Retired
2026-08,3573,6,Floydada,2,IC,,Retired
2026-08,52013,GEN1,Valero Refining Texas City,7.1,GT,,Retired
2026-08,3489,CT1,Eagle Mountain,235.5,CT,,Canceled or Postponed
2026-08,3489,CT2,Eagle Mountain,235.5,CT,,Canceled or Postponed
2026-08,3489,ST1,Eagle Mountain,382.5,CA,,Canceled or Postponed
2026-08,3502,CT1,Lake Creek,235.5,GT,,Canceled or Postponed
2026-08,3506,CT1,Tradinghouse,235.5,GT,,Canceled or Postponed
2026-08,3506,CT2,Tradinghouse,235.5,GT,,Canceled or Postponed
2026-08,7732,1,Turbine,121,GT,,Canceled or Postponed
2026-08,8063,CT5,DeCordova Steam Electric Station,235.5,GT,,Canceled or Postponed
2026-08,8063,CT6,DeCordova Steam Electric Station,235.5,GT,,Canceled or Postponed
2026-08,50229,GT1,Texas Petrochemicals,105,CT,,Canceled or Postponed
2026-08,50229,GT2,Texas Petrochemicals,35,CT,,Canceled or Postponed
2026-08,50229,ST#1,Texas Petrochemicals,420,CA,,Canceled or Postponed
2026-08,55153,CTGP1,Guadalupe Generating Station,160,GT,,Canceled or Postponed
2026-08,55153,CTGP2,Guadalupe Generating Station,160,GT,,Canceled or Postponed
2026-08,55357,CTG3,Jack Fusco Energy Center,200,CT,,Canceled or Postponed
2026-08,55357,CTG4,Jack Fusco Energy Center,200,CT,,Canceled or Postponed
2026-08,55465,CTG1,Amelia Energy Center,180,CT,,Canceled or Postponed
2026-08,55465,CTG2,Amelia Energy Center,180,CT,,Canceled or Postponed
2026-08,55465,CTG3,Amelia Energy Center,180,CT,,Canceled or Postponed
2026-08,55465,STG1,Amelia Energy Center,360,CA,,Canceled or Postponed
2026-08,55708,CTG1,Nacogdoches Power,195,CT,,Canceled or Postponed
2026-08,55708,CTG2,Nacogdoches Power,190,CT,,Canceled or Postponed
2026-08,55708,CTG3,Nacogdoches Power,190,CT,,Canceled or Postponed
2026-08,55708,STG1,Nacogdoches Power,100,CA,,Canceled or Postponed
2026-08,55708,STG2,Nacogdoches Power,114,CA,,Canceled or Postponed
2026-08,55708,STG3,Nacogdoches Power,136,CA,,Canceled or Postponed
2026-08,56152,CTG2,Freeport Energy Center,180,CT,,Canceled or Postponed
2026-08,58895,STAR1,Stargate Point Comfort,250,GT,,Canceled or Postponed
2026-08,58910,CC,CPV Pondera King Energy Center,900,CC,,Canceled or Postponed
2026-08,58930,CA1,FGE Texas II,265.2,CA,,Canceled or Postponed
2026-08,58930,GT1,FGE Texas II,238.9,CT,,Canceled or Postponed
2026-08,58930,GT2,FGE Texas II,238.9,CT,,Canceled or Postponed
2026-08,58931,CA1,FGE Texas I,265.2,CA,,Canceled or Postponed
2026-08,58931,GT1,FGE Texas I,238.9,CT,,Canceled or Postponed
2026-08,58931,GT2,FGE Texas I,238.9,CT,,Canceled or Postponed
2026-08,59048,ABEC1,Apex Bethel Energy Center,158.5,CE,,Canceled or Postponed
2026-08,59048,ABEC2,Apex Bethel Energy Center,158.5,CE,,Canceled or Postponed
2026-08,59298,PCEC1,Pecan Creek Energy Center,171.8,GT,,Canceled or Postponed
2026-08,59298,PCEC2,Pecan Creek Energy Center,171.8,GT,,Canceled or Postponed
2026-08,59615,CTG-1,Clear Springs Energy Center,183,GT,,Canceled or Postponed
2026-08,59615,CTG-2,Clear Springs Energy Center,183,GT,,Canceled or Postponed
2026-08,59615,CTG-3,Clear Springs Energy Center,183,GT,,Canceled or Postponed
2026-08,59616,CTG-1,Union Valley Energy Center,183,GT,,Canceled or Postponed
2026-08,59616,CTG-2,Union Valley Energy Center,183,GT,,Canceled or Postponed
2026-08,59616,CTG-3,Union Valley Energy Center,183,GT,,Canceled or Postponed
2026-08,59617,CTG-1,Van Alstyne Energy Center,183,GT,,Canceled or Postponed
2026-08,59617,CTG-2,Van Alstyne Energy Center,183,GT,,Canceled or Postponed
2026-08,59617,CTG-3,Van Alstyne Energy Center,183,GT,,Canceled or Postponed
2026-08,59716,CTG1,"Neches Station, LLC",232,GT,,Canceled or Postponed
2026-08,59716,CTG2,"Neches Station, LLC",232,GT,,Canceled or Postponed
2026-08,59918,ROCKW,Rockwood Energy Center LLC,1068,CC,,Canceled or Postponed
2026-08,59923,CTG-1,Pinecrest Energy Center,232,CT,,Canceled or Postponed
2026-08,59923,CTG-2,Pinecrest Energy Center,232,CT,,Canceled or Postponed
2026-08,59923,STG,Pinecrest Energy Center,289,CA,,Canceled or Postponed
2026-08,59924,CTG-1,Aegle Power,430,CT,,Canceled or Postponed
2026-08,59924,CTG-2,Aegle Power,430,CT,,Canceled or Postponed
2026-08,59924,STG-1,Aegle Power,422,CA,,Canceled or Postponed
2026-08,60194,CT1,Hill County Generation Facility,232,GT,,Canceled or Postponed
2026-08,60194,CT2,Hill County Generation Facility,232,GT,,Canceled or Postponed
2026-08,60194,CT3,Hill County Generation Facility,232,GT,,Canceled or Postponed
2026-08,60194,CT4,Hill County Generation Facility,232,GT,,Canceled or Postponed
2026-08,60221,TBN1,Halyard Wharton Energy Center,177,GT,,Canceled or Postponed
2026-08,60221,TBN2,Halyard Wharton Energy Center,177,GT,,Canceled or Postponed
2026-08,60268,TBN1,Halyard Henderson Energy Center,232,GT,,Canceled or Postponed
2026-08,60268,TBN2,Halyard Henderson Energy Center,232,GT,,Canceled or Postponed
2026-08,60697,GC-1,Gaines County,225,GT,,Canceled or Postponed
2026-08,60910,NPLPS,NET Power La Porte Station,25.5,GT,,Canceled or Postponed
2026-08,62684,PP-1,Palestine Power Peaking Facility,50,GT,,Canceled or Postponed
2026-08,62684,PP-2,Palestine Power Peaking Facility,50,GT,,Canceled or Postponed
2026-08,62684,PP-3,Palestine Power Peaking Facility,50,GT,,Canceled or Postponed
2026-08,62684,PP-4,Palestine Power Peaking Facility,50,GT,,Canceled or Postponed
2026-08,62685,SP-1,Sealy Power Peaking Facility,50,GT,,Canceled or Postponed
2026-08,62685,SP-2,Sealy Power Peaking Facility,50,GT,,Canceled or Postponed
2026-08,62685,SP-3,Sealy Power Peaking Facility,50,GT,,Canceled or Postponed
2026-08,62685,SP-4,Sealy Power Peaking Facility,50,GT,,Canceled or Postponed
2026-08,63095,JPJDX,John Paul Jones,18.7,IC,,Canceled or Postponed
2026-08,64941,GEN1,WAL4279,0.4,IC,,Canceled or Postponed
2026-08,64941,GEN2,WAL4279,0.4,IC,,Canceled or Postponed
2026-08,64941,GEN3,WAL4279,0.4,IC,,Canceled or Postponed
2026-08,67742,SUGAR,Imperial Power Plant LLC,12,IC,,Canceled or Postponed
2024-12,9,1,Copper,86.9,GT,(OP) Operating,Operating
2024-12,3439,4,Laredo,131.8,GT,(OP) Operating,Operating
2024-12,3439,5,Laredo,131.8,GT,(OP) Operating,Operating
2024-12,3441,7,Nueces Bay,351,CA,(OP) Operating,Operating
2024-12,3441,8,Nueces Bay,189.6,CT,(OP) Operating,Operating
2024-12,3441,9,Nueces Bay,189.6,CT,(OP) Operating,Operating
2024-12,3443,5,Victoria,180,CA,(OP) Operating,Operating
2024-12,3443,7,Victoria,196.9,CT,(OP) Operating,Operating
2024-12,3452,1,Lake Hubbard,396.5,ST,(OP) Operating,Operating
2024-12,3452,2,Lake Hubbard,531,ST,(OP) Operating,Operating
2024-12,3453,6,Mountain Creek,135.7,ST,(OP) Operating,Operating
2024-12,3453,7,Mountain Creek,136,ST,(OP) Operating,Operating
2024-12,3453,8,Mountain Creek,580.5,ST,(OP) Operating,Operating
2024-12,3456,1,Newman,81.6,ST,(OP) Operating,Operating
2024-12,3456,2,Newman,81.6,ST,(OP) Operating,Operating
2024-12,3456,3,Newman,121.8,ST,(OP) Operating,Operating
2024-12,3456,4,Newman,120,CA,(OP) Operating,Operating
2024-12,3456,5CA1,Newman,134,CA,(OP) Operating,Operating
2024-12,3456,5CT1,Newman,86.5,CT,(OP) Operating,Operating
2024-12,3456,5CT2,Newman,86.5,CT,(OP) Operating,Operating
2024-12,3456,6,Newman,227.8,GT,(OP) Operating,Operating
2024-12,3456,CT1,Newman,85,CT,(OP) Operating,Operating
2024-12,3456,CT2,Newman,85,CT,(OP) Operating,Operating
2024-12,3457,1,Lewis Creek,271.4,ST,(OP) Operating,Operating
2024-12,3457,2,Lewis Creek,271.4,ST,(OP) Operating,Operating
2024-12,3459,1,Sabine,239.4,ST,(OP) Operating,Operating
2024-12,3459,3,Sabine,473.4,ST,(OP) Operating,Operating
2024-12,3459,4,Sabine,591.6,ST,(OP) Operating,Operating
2024-12,3459,5,Sabine,507.4,ST,(OP) Operating,Operating
2024-12,3460,1,Cedar Bayou,765,ST,(OP) Operating,Operating
2024-12,3460,2,Cedar Bayou,765,ST,(OP) Operating,Operating
2024-12,3464,73,Greens Bayou,72,GT,(OP) Operating,Operating
2024-12,3464,74,Greens Bayou,72,GT,(OP) Operating,Operating
2024-12,3464,81,Greens Bayou,72,GT,(OP) Operating,Operating
2024-12,3464,82,Greens Bayou,72,GT,(OP) Operating,Operating
2024-12,3464,83,Greens Bayou,72,GT,(OP) Operating,Operating
2024-12,3464,84,Greens Bayou,72,GT,(OP) Operating,Operating
2024-12,3469,3,T H Wharton,113.1,CA,(OP) Operating,Operating
2024-12,3469,31,T H Wharton,54,CT,(OP) Operating,Operating
2024-12,3469,32,T H Wharton,54,CT,(OP) Operating,Operating
2024-12,3469,33,T H Wharton,54,CT,(OP) Operating,Operating
2024-12,3469,34,T H Wharton,54,CT,(OP) Operating,Operating
2024-12,3469,4,T H Wharton,113.1,CA,(OP) Operating,Operating
2024-12,3469,41,T H Wharton,54,CT,(OP) Operating,Operating
2024-12,3469,42,T H Wharton,54,CT,(OP) Operating,Operating
2024-12,3469,43,T H Wharton,56.7,CT,(OP) Operating,Operating
2024-12,3469,44,T H Wharton,56.7,CT,(OP) Operating,Operating
2024-12,3469,51,T H Wharton,85,GT,(OP) Operating,Operating
2024-12,3469,52,T H Wharton,85,GT,(OP) Operating,Operating
2024-12,3469,53,T H Wharton,85,GT,(OP) Operating,Operating
2024-12,3469,54,T H Wharton,85,GT,(OP) Operating,Operating
2024-12,3469,55,T H Wharton,85,GT,(OP) Operating,Operating
2024-12,3469,56,T H Wharton,85,GT,(OP) Operating,Operating
2024-12,3469,GT1,T H Wharton,16.3,GT,(OP) Operating,Operating
2024-12,3470,1,W A Parish,187.8,ST,(OP) Operating,Operating
2024-12,3470,2,W A Parish,187.8,ST,(OP) Operating,Operating
2024-12,3470,3,W A Parish,299.2,ST,(OP) Operating,Operating
2024-12,3470,4,W A Parish,580.5,ST,(OP) Operating,Operating
2024-12,3470,GT1,W A Parish,16.3,GT,(OP) Operating,Operating
2024-12,3476,5,Knox Lee,351,ST,(OP) Operating,Operating
2024-12,3478,1,Wilkes,180,ST,(OP) Operating,Operating
2024-12,3478,2,Wilkes,351,ST,(OP) Operating,Operating
2024-12,3478,3,Wilkes,351,ST,(OP) Operating,Operating
2024-12,3482,1,Jones,247.5,ST,(OP) Operating,Operating
2024-12,3482,2,Jones,247.5,ST,(OP) Operating,Operating
2024-12,3482,3,Jones,182.7,GT,(OP) Operating,Operating
2024-12,3482,4,Jones,182.7,GT,(OP) Operating,Operating
2024-12,3484,1,Nichols,113.6,ST,(OP) Operating,Operating
2024-12,3484,2,Nichols,113.6,ST,(OP) Operating,Operating
2024-12,3484,3,Nichols,247.5,ST,(OP) Operating,Operating
2024-12,3485,1,Plant X,48,ST,(OP) Operating,Operating
2024-12,3485,2,Plant X,98,ST,(OP) Operating,Operating
2024-12,3485,4,Plant X,190.4,ST,(OP) Operating,Operating
2024-12,3490,1,Graham,247.7,ST,(OP) Operating,Operating
2024-12,3490,2,Graham,387,ST,(OP) Operating,Operating
2024-12,3491,3,Handley,404.8,ST,(OP) Operating,Operating
2024-12,3491,4,Handley,455,ST,(OP) Operating,Operating
2024-12,3491,5,Handley,455,ST,(OP) Operating,Operating
2024-12,3494,CT1,Permian Basin,89.4,GT,(OP) Operating,Operating
2024-12,3494,CT2,Permian Basin,89.4,GT,(OP) Operating,Operating
2024-12,3494,CT3,Permian Basin,89.4,GT,(OP) Operating,Operating
2024-12,3494,CT4,Permian Basin,89.4,GT,(OP) Operating,Operating
2024-12,3494,CT5,Permian Basin,89.4,GT,(OP) Operating,Operating
2024-12,3504,ST1,Stryker Creek,176.8,ST,(OP) Operating,Operating
2024-12,3504,ST2,Stryker Creek,526.6,ST,(OP) Operating,Operating
2024-12,3507,6,Trinidad (TX),239.3,ST,(OP) Operating,Operating
2024-12,3548,GT1,Decker Creek,51.5,GT,(OP) Operating,Operating
2024-12,3548,GT2,Decker Creek,51.5,GT,(OP) Operating,Operating
2024-12,3548,GT3,Decker Creek,51.5,GT,(OP) Operating,Operating
2024-12,3548,GT4,Decker Creek,51.5,GT,(OP) Operating,Operating
2024-12,3559,10,Silas Ray,61,GT,(OP) Operating,Operating
2024-12,3559,6,Silas Ray,25,CA,(OP) Operating,Operating
2024-12,3559,9,Silas Ray,50,CT,(OP) Operating,Operating
2024-12,3561,7,Bryan (TX),22,GT,(OP) Operating,Operating
2024-12,3576,1,Ray Olinger,75,ST,(OP) Operating,Operating
2024-12,3576,2,Ray Olinger,113.4,ST,(OP) Operating,Operating
2024-12,3576,3,Ray Olinger,156.6,ST,(OP) Operating,Operating
2024-12,3576,4,Ray Olinger,82.7,GT,(OP) Operating,Operating
2024-12,3601,1,Sim Gideon,136,ST,(OP) Operating,Operating
2024-12,3601,2,Sim Gideon,136,ST,(OP) Operating,Operating
2024-12,3601,3,Sim Gideon,351,ST,(OP) Operating,Operating
2024-12,3602,1,Ty Cooke,44,ST,(OA) Out of service but expected to return to service in next calendar year,Operating
2024-12,3602,2,Ty Cooke,53.6,ST,(OA) Out of service but expected to return to service in next calendar year,Operating
2024-12,3602,GT2,Ty Cooke,18.5,GT,(OP) Operating,Operating
2024-12,3602,GT3,Ty Cooke,22,GT,(OP) Operating,Operating
2024-12,3604,6A,J Robert Massengale,22,CA,(OP) Operating,Operating
2024-12,3604,7,J Robert Massengale,22,CA,(OP) Operating,Operating
2024-12,3604,8,J Robert Massengale,40,CT,(OP) Operating,Operating
2024-12,3609,CGT1,Leon Creek,57.4,GT,(OP) Operating,Operating
2024-12,3609,CGT2,Leon Creek,57.4,GT,(OP) Operating,Operating
2024-12,3609,CGT3,Leon Creek,57.4,GT,(OP) Operating,Operating
2024-12,3609,CGT4,Leon Creek,57.4,GT,(OP) Operating,Operating
2024-12,3611,1,O W Sommers,446,ST,(OP) Operating,Operating
2024-12,3611,2,O W Sommers,446,ST,(OP) Operating,Operating
2024-12,3612,1,V H Braunig,225,ST,(OP) Operating,Operating
2024-12,3612,2,V H Braunig,252,ST,(OP) Operating,Operating
2024-12,3612,3,V H Braunig,417,ST,(OP) Operating,Operating
2024-12,3612,5,V H Braunig,61,GT,(OP) Operating,Operating
2024-12,3612,6,V H Braunig,61,GT,(OP) Operating,Operating
2024-12,3612,7,V H Braunig,61,GT,(OP) Operating,Operating
2024-12,3612,8,V H Braunig,61,GT,(OP) Operating,Operating
2024-12,3628,1,R W Miller,66,ST,(OS) Out of service and NOT expected to return to service in next calendar year,Operating
2024-12,3628,2,R W Miller,100,ST,(OP) Operating,Operating
2024-12,3628,3,R W Miller,200,ST,(OP) Operating,Operating
2024-12,3628,4,R W Miller,118.8,GT,(OP) Operating,Operating
2024-12,3628,5,R W Miller,118.8,GT,(OP) Operating,Operating
2024-12,3630,10A,Pearsall,8.4,IC,(OP) Operating,Operating
2024-12,3630,11A,Pearsall,8.4,IC,(OP) Operating,Operating
2024-12,3630,12A,Pearsall,8.4,IC,(OP) Operating,Operating
2024-12,3630,13A,Pearsall,8.4,IC,(OP) Operating,Operating
2024-12,3630,14A,Pearsall,8.4,IC,(OP) Operating,Operating
2024-12,3630,15A,Pearsall,8.4,IC,(OP) Operating,Operating
2024-12,3630,16A,Pearsall,8.4,IC,(OP) Operating,Operating
2024-12,3630,17A,Pearsall,8.4,IC,(OP) Operating,Operating
2024-12,3630,18A,Pearsall,8.4,IC,(OP) Operating,Operating
2024-12,3630,19A,Pearsall,8.4,IC,(OP) Operating,Operating
2024-12,3630,1A,Pearsall,8.4,IC,(OP) Operating,Operating
2024-12,3630,20A,Pearsall,8.4,IC,(OP) Operating,Operating
2024-12,3630,21A,Pearsall,8.4,IC,(OP) Operating,Operating
2024-12,3630,22A,Pearsall,8.4,IC,(OP) Operating,Operating
2024-12,3630,23A,Pearsall,8.4,IC,(OP) Operating,Operating
2024-12,3630,24A,Pearsall,8.4,IC,(OP) Operating,Operating
2024-12,3630,2A,Pearsall,8.4,IC,(OP) Operating,Operating
2024-12,3630,3A,Pearsall,8.4,IC,(OP) Operating,Operating
2024-12,3630,4A,Pearsall,8.4,IC,(OP) Operating,Operating
2024-12,3630,5A,Pearsall,8.4,IC,(OP) Operating,Operating
2024-12,3630,6A,Pearsall,8.4,IC,(OP) Operating,Operating
2024-12,3630,7A,Pearsall,8.4,IC,(OP) Operating,Operating
2024-12,3630,8A,Pearsall,8.4,IC,(OP) Operating,Operating
2024-12,3630,9A,Pearsall,8.4,IC,(OP) Operating,Operating
2024-12,3631,10,Sam Rayburn,42,CA,(OP) Operating,Operating
2024-12,3631,7,Sam Rayburn,49.2,CT,(OP) Operating,Operating
2024-12,3631,8,Sam Rayburn,49.2,CT,(OP) Operating,Operating
2024-12,3631,9,Sam Rayburn,49.2,CT,(OP) Operating,Operating
2024-12,4195,EP,Powerlane Plant,8.4,IC,(OP) Operating,Operating
2024-12,4195,EP2,Powerlane Plant,8.4,IC,(OP) Operating,Operating
2024-12,4195,EP3,Powerlane Plant,8.4,IC,(OP) Operating,Operating
2024-12,4195,ST1,Powerlane Plant,18.8,ST,(OP) Operating,Operating
2024-12,4266,4,Spencer,61.1,ST,(OP) Operating,Operating
2024-12,4266,5,Spencer,65.4,ST,(OP) Operating,Operating
2024-12,4937,CT-1,Thomas C Ferguson,185.3,CT,(OP) Operating,Operating
2024-12,4937,CT-2,Thomas C Ferguson,185.3,CT,(OP) Operating,Operating
2024-12,4937,STG,Thomas C Ferguson,204,CA,(OP) Operating,Operating
2024-12,4939,1,Barney M Davis,352,ST,(OP) Operating,Operating
2024-12,4939,2,Barney M Davis,351,CA,(OP) Operating,Operating
2024-12,4939,3,Barney M Davis,189.6,CT,(OP) Operating,Operating
2024-12,4939,4,Barney M Davis,189.6,CT,(OP) Operating,Operating
2024-12,6243,1,Dansby,105,ST,(OP) Operating,Operating
2024-12,6243,2,Dansby,49.1,GT,(OP) Operating,Operating
2024-12,6243,3,Dansby,49.1,GT,(OP) Operating,Operating
2024-12,7131,1,Brandon Station,21,GT,(OP) Operating,Operating
2024-12,7325,1,San Jacinto Steam Electric Station,88.2,GT,(OP) Operating,Operating
2024-12,7325,2,San Jacinto Steam Electric Station,88.2,GT,(OP) Operating,Operating
2024-12,7512,1,Arthur Von Rosenberg,187.5,CT,(OP) Operating,Operating
2024-12,7512,2,Arthur Von Rosenberg,187.5,CT,(OP) Operating,Operating
2024-12,7512,3,Arthur Von Rosenberg,200,CA,(OP) Operating,Operating
2024-12,7900,5A,Sand Hill,198,CT,(OP) Operating,Operating
2024-12,7900,5C,Sand Hill,190,CA,(OP) Operating,Operating
2024-12,7900,SH1,Sand Hill,51.4,GT,(OP) Operating,Operating
2024-12,7900,SH2,Sand Hill,51.4,GT,(OP) Operating,Operating
2024-12,7900,SH3,Sand Hill,51.4,GT,(OP) Operating,Operating
2024-12,7900,SH4,Sand Hill,51.4,GT,(OP) Operating,Operating
2024-12,7900,SH6,Sand Hill,51.4,GT,(OP) Operating,Operating
2024-12,7900,SH7,Sand Hill,51.4,GT,(OP) Operating,Operating
2024-12,8063,CT1,DeCordova Steam Electric Station,89.4,GT,(OP) Operating,Operating
2024-12,8063,CT2,DeCordova Steam Electric Station,89.4,GT,(OP) Operating,Operating
2024-12,8063,CT3,DeCordova Steam Electric Station,89.4,GT,(OP) Operating,Operating
2024-12,8063,CT4,DeCordova Steam Electric Station,89.4,GT,(OP) Operating,Operating
2024-12,10154,GEN1,Power Island,41,GT,(OP) Operating,Operating
2024-12,10154,GEN2,Power Island,50,GT,(OP) Operating,Operating
2024-12,10154,GEN3,Power Island,50,GT,(OP) Operating,Operating
2024-12,10184,EG1,Central Utility Plant,6,IC,(SB) Standby/Backup: available for service but not normally used,Operating
2024-12,10184,EG2,Central Utility Plant,6,IC,(SB) Standby/Backup: available for service but not normally used,Operating
2024-12,10184,TG1,Central Utility Plant,2.3,ST,(SB) Standby/Backup: available for service but not normally used,Operating
2024-12,10243,GEN5,Ticona Polymers Inc,44.2,GT,(OP) Operating,Operating
2024-12,10261,GEN3,Enterprise Products Operating,3.4,GT,(OP) Operating,Operating
2024-12,10261,GEN4,Enterprise Products Operating,3.4,GT,(OP) Operating,Operating
2024-12,10261,GEN5,Enterprise Products Operating,3.4,GT,(OP) Operating,Operating
2024-12,10261,GEN6,Enterprise Products Operating,3.5,GT,(OP) Operating,Operating
2024-12,10261,GEN7,Enterprise Products Operating,3.5,GT,(OP) Operating,Operating
2024-12,10261,GEN8,Enterprise Products Operating,3.5,GT,(OP) Operating,Operating
2024-12,10298,GT1,Bayou Cogen Plant,79.6,GT,(OP) Operating,Operating
2024-12,10298,GT2,Bayou Cogen Plant,79.6,GT,(OP) Operating,Operating
2024-12,10298,GT3,Bayou Cogen Plant,79.6,GT,(OP) Operating,Operating
2024-12,10298,GT4,Bayou Cogen Plant,79.6,GT,(OP) Operating,Operating
2024-12,10418,GEN1,Ascend Performance Materials Texas Inc.,6,ST,(OP) Operating,Operating
2024-12,10418,GEN4,Ascend Performance Materials Texas Inc.,46.1,ST,(OP) Operating,Operating
2024-12,10436,GT38,ExxonMobil Baytown Refinery,45.7,GT,(OP) Operating,Operating
2024-12,10436,GT41,ExxonMobil Baytown Refinery,27.6,GT,(OP) Operating,Operating
2024-12,10436,GT42,ExxonMobil Baytown Refinery,27.6,GT,(OP) Operating,Operating
2024-12,10436,GT43,ExxonMobil Baytown Refinery,27.6,GT,(OP) Operating,Operating
2024-12,10436,GT44,ExxonMobil Baytown Refinery,27.6,GT,(OP) Operating,Operating
2024-12,10436,GT45,ExxonMobil Baytown Refinery,45.7,GT,(OP) Operating,Operating
2024-12,10554,3ST1,Formosa Utility Venture Ltd,40,CA,(OP) Operating,Operating
2024-12,10554,3TBG1,Formosa Utility Venture Ltd,102,CT,(OP) Operating,Operating
2024-12,10554,3TBG2,Formosa Utility Venture Ltd,102,CT,(OP) Operating,Operating
2024-12,10554,BO3,Formosa Utility Venture Ltd,36.2,CT,(OP) Operating,Operating
2024-12,10554,ST1,Formosa Utility Venture Ltd,33.5,CA,(OP) Operating,Operating
2024-12,10554,ST2,Formosa Utility Venture Ltd,66.3,CA,(OP) Operating,Operating
2024-12,10554,ST3,Formosa Utility Venture Ltd,55,CA,(OP) Operating,Operating
2024-12,10554,TBG1,Formosa Utility Venture Ltd,82.5,CT,(OP) Operating,Operating
2024-12,10554,TBG2,Formosa Utility Venture Ltd,82.5,CT,(OP) Operating,Operating
2024-12,10554,TBG3,Formosa Utility Venture Ltd,82.5,CT,(OP) Operating,Operating
2024-12,10554,TBG4,Formosa Utility Venture Ltd,82.5,CT,(OP) Operating,Operating
2024-12,10554,TBG5,Formosa Utility Venture Ltd,82.5,CT,(OP) Operating,Operating
2024-12,10554,TBG6,Formosa Utility Venture Ltd,85.9,CT,(OP) Operating,Operating
2024-12,10568,GEN1,Port Arthur Texas Refinery,38.4,GT,(OP) Operating,Operating
2024-12,10692,GEN1,ExxonMobil Baytown Turbine,39.7,GT,(OP) Operating,Operating
2024-12,10692,GEN2,ExxonMobil Baytown Turbine,39.7,GT,(OP) Operating,Operating
2024-12,10692,GEN3,ExxonMobil Baytown Turbine,39.7,GT,(OP) Operating,Operating
2024-12,10692,GEN4,ExxonMobil Baytown Turbine,98.9,GT,(OP) Operating,Operating
2024-12,10692,GEN5,ExxonMobil Baytown Turbine,163.8,GT,(OP) Operating,Operating
2024-12,10789,GEN1,Sabine River Operations,89.9,CT,(OP) Operating,Operating
2024-12,10789,GEN3,Sabine River Operations,6.2,CA,(OS) Out of service and NOT expected to return to service in next calendar year,Operating
2024-12,10789,GT1A,Sabine River Operations,180,CT,(OP) Operating,Operating
2024-12,10789,GT1B,Sabine River Operations,180,CT,(OP) Operating,Operating
2024-12,10789,ST1A,Sabine River Operations,145,CA,(OP) Operating,Operating
2024-12,10790,GEN1,Victoria Texas Plant,102.4,GT,(OP) Operating,Operating
2024-12,50026,FR6,Corpus Refinery,47,GT,(OP) Operating,Operating
2024-12,50043,GT1,Houston Chemical Complex Battleground,104.2,CT,(OP) Operating,Operating
2024-12,50043,GT2,Houston Chemical Complex Battleground,104.2,CT,(OP) Operating,Operating
2024-12,50043,GT3,Houston Chemical Complex Battleground,84.9,CT,(OP) Operating,Operating
2024-12,50043,ST,Houston Chemical Complex Battleground,87.4,CA,(OP) Operating,Operating
2024-12,50054,GEN1,Rice University,3.1,GT,(SB) Standby/Backup: available for service but not normally used,Operating
2024-12,50054,GEN2,Rice University,3.8,GT,(OP) Operating,Operating
2024-12,50109,GEN1,Paris Energy Center,87.8,CT,(OP) Operating,Operating
2024-12,50109,GEN2,Paris Energy Center,87.8,CT,(OP) Operating,Operating
2024-12,50109,GEN3,Paris Energy Center,90,CA,(OP) Operating,Operating
2024-12,50118,GEN10,Hal C Weaver Power Plant,34.4,CT,(OP) Operating,Operating
2024-12,50118,GEN4,Hal C Weaver Power Plant,7.6,CA,(SB) Standby/Backup: available for service but not normally used,Operating
2024-12,50118,GEN5,Hal C Weaver Power Plant,6,CA,(SB) Standby/Backup: available for service but not normally used,Operating
2024-12,50118,GEN7,Hal C Weaver Power Plant,28.8,CA,(SB) Standby/Backup: available for service but not normally used,Operating
2024-12,50118,GEN8,Hal C Weaver Power Plant,48.5,CT,(OP) Operating,Operating
2024-12,50118,GEN9,Hal C Weaver Power Plant,27.2,CA,(OP) Operating,Operating
2024-12,50127,GTA,Signal Hill Generating LLC,20,CT,(OP) Operating,Operating
2024-12,50127,GTB,Signal Hill Generating LLC,20,CT,(OP) Operating,Operating
2024-12,50127,GTC,Signal Hill Generating LLC,20,CT,(OP) Operating,Operating
2024-12,50127,STD,Signal Hill Generating LLC,20,CA,(OS) Out of service and NOT expected to return to service in next calendar year,Operating
2024-12,50137,GEN1,Newgulf Cogen,101.9,GT,(OP) Operating,Operating
2024-12,50150,GE10,Union Carbide Seadrift Cogen,15,ST,(OP) Operating,Operating
2024-12,50150,GE11,Union Carbide Seadrift Cogen,35,GT,(OP) Operating,Operating
2024-12,50150,GEN5,Union Carbide Seadrift Cogen,15,ST,(OP) Operating,Operating
2024-12,50150,GEN6,Union Carbide Seadrift Cogen,35,GT,(OP) Operating,Operating
2024-12,50150,GEN7,Union Carbide Seadrift Cogen,6,ST,(OS) Out of service and NOT expected to return to service in next calendar year,Operating
2024-12,50150,GEN8,Union Carbide Seadrift Cogen,35,GT,(OP) Operating,Operating
2024-12,50150,GEN9,Union Carbide Seadrift Cogen,15,ST,(OP) Operating,Operating
2024-12,50150,IGT,Union Carbide Seadrift Cogen,12,GT,(OP) Operating,Operating
2024-12,50229,TG2,Texas Petrochemicals,35,ST,(OP) Operating,Operating
2024-12,50241,9541,Tenet Hospital,2.1,IC,(OP) Operating,Operating
2024-12,50241,9542,Tenet Hospital,2.1,IC,(OP) Operating,Operating
2024-12,50304,GEN4,Shell Deer Park,88.2,GT,(OP) Operating,Operating
2024-12,50304,GEN5,Shell Deer Park,94,GT,(OP) Operating,Operating
2024-12,50475,GEN1,Corpus Christi,41,GT,(OP) Operating,Operating
2024-12,50625,TG22,ExxonMobil Beaumont Refinery,27.2,ST,(OP) Operating,Operating
2024-12,50625,TG23,ExxonMobil Beaumont Refinery,40.5,ST,(OP) Operating,Operating
2024-12,50625,TG24,ExxonMobil Beaumont Refinery,38.6,GT,(OP) Operating,Operating
2024-12,50625,TG32,ExxonMobil Beaumont Refinery,25,ST,(OP) Operating,Operating
2024-12,50625,TG33,ExxonMobil Beaumont Refinery,20,ST,(OP) Operating,Operating
2024-12,50625,TG34,ExxonMobil Beaumont Refinery,30,ST,(OP) Operating,Operating
2024-12,50625,TG41,ExxonMobil Beaumont Refinery,163,GT,(OP) Operating,Operating
2024-12,50625,TG42,ExxonMobil Beaumont Refinery,163,GT,(OP) Operating,Operating
2024-12,50625,TG43,ExxonMobil Beaumont Refinery,163,GT,(OP) Operating,Operating
2024-12,50815,GEN1,"Odyssey Energy Altura Cogen, LLC",84.9,CT,(OP) Operating,Operating
2024-12,50815,GEN2,"Odyssey Energy Altura Cogen, LLC",84.9,CT,(OP) Operating,Operating
2024-12,50815,GEN3,"Odyssey Energy Altura Cogen, LLC",84.9,CT,(OP) Operating,Operating
2024-12,50815,GEN4,"Odyssey Energy Altura Cogen, LLC",84.9,CT,(OP) Operating,Operating
2024-12,50815,GEN5,"Odyssey Energy Altura Cogen, LLC",84.9,CT,(OP) Operating,Operating
2024-12,50815,GEN6,"Odyssey Energy Altura Cogen, LLC",129.2,CA,(OP) Operating,Operating
2024-12,50815,GEN7,"Odyssey Energy Altura Cogen, LLC",89.9,CT,(OP) Operating,Operating
2024-12,50973,GN34,Motiva Enterprises Port Arthur Refinery,18.8,GT,(OP) Operating,Operating
2024-12,50973,GN35,Motiva Enterprises Port Arthur Refinery,40.5,CT,(OP) Operating,Operating
2024-12,50973,GN41,Motiva Enterprises Port Arthur Refinery,41.6,CT,(OP) Operating,Operating
2024-12,50973,GN42,Motiva Enterprises Port Arthur Refinery,41.6,CT,(OP) Operating,Operating
2024-12,50973,GN43,Motiva Enterprises Port Arthur Refinery,41.6,CT,(OP) Operating,Operating
2024-12,50973,GN44,Motiva Enterprises Port Arthur Refinery,41.6,CT,(OP) Operating,Operating
2024-12,52088,GEN1,Texas City Power Plant,141,CA,(OP) Operating,Operating
2024-12,52088,GEN2,Texas City Power Plant,103,CT,(OP) Operating,Operating
2024-12,52088,GEN3,Texas City Power Plant,103,CT,(OP) Operating,Operating
2024-12,52088,GEN4,Texas City Power Plant,103,CT,(OP) Operating,Operating
2024-12,52120,G-61,Freeport Energy,94.5,CT,(OP) Operating,Operating
2024-12,52120,G-63,Freeport Energy,94.5,CT,(OP) Operating,Operating
2024-12,52120,G-64,Freeport Energy,64.8,CA,(OS) Out of service and NOT expected to return to service in next calendar year,Operating
2024-12,52120,G-65,Freeport Energy,111.3,CA,(OP) Operating,Operating
2024-12,52120,G-66,Freeport Energy,119,CT,(OS) Out of service and NOT expected to return to service in next calendar year,Operating
2024-12,52120,G-67,Freeport Energy,119,CT,(OP) Operating,Operating
2024-12,52122,GEN1,Wasson CO2 Removal Plant,23.4,GT,(OP) Operating,Operating
2024-12,52132,GEN1,Power Station 4,78.2,CT,(OP) Operating,Operating
2024-12,52132,GEN2,Power Station 4,78.2,CT,(OP) Operating,Operating
2024-12,52132,GEN3,Power Station 4,34.7,CA,(OS) Out of service and NOT expected to return to service in next calendar year,Operating
2024-12,52176,GEN1,C R Wing Cogen Plant,77.5,CT,(OP) Operating,Operating
2024-12,52176,GEN2,C R Wing Cogen Plant,77.5,CT,(OP) Operating,Operating
2024-12,52176,GEN3,C R Wing Cogen Plant,75,CA,(OP) Operating,Operating
2024-12,54321,2N80,Goodyear Beaumont Chemical Plant,5,GT,(OP) Operating,Operating
2024-12,54321,3N80,Goodyear Beaumont Chemical Plant,14.8,ST,(OP) Operating,Operating
2024-12,54321,N802,Goodyear Beaumont Chemical Plant,5,GT,(OP) Operating,Operating
2024-12,54321,N803,Goodyear Beaumont Chemical Plant,5,GT,(OP) Operating,Operating
2024-12,54321,N804,Goodyear Beaumont Chemical Plant,5,GT,(OP) Operating,Operating
2024-12,54330,1,Westhollow Technology Center,3.7,GT,(OP) Operating,Operating
2024-12,54520,SD1,Village Creek Water Reclamation Facility,0.9,IC,(SB) Standby/Backup: available for service but not normally used,Operating
2024-12,54520,SD2,Village Creek Water Reclamation Facility,0.9,IC,(SB) Standby/Backup: available for service but not normally used,Operating
2024-12,54520,TG1,Village Creek Water Reclamation Facility,5.3,GT,(OP) Operating,Operating
2024-12,54520,TG2,Village Creek Water Reclamation Facility,5.3,GT,(OP) Operating,Operating
2024-12,54628,2607,Phelps Dodge Refining,3.5,GT,(OS) Out of service and NOT expected to return to service in next calendar year,Operating
2024-12,54628,2608,Phelps Dodge Refining,3.5,GT,(OS) Out of service and NOT expected to return to service in next calendar year,Operating
2024-12,54628,3001,Phelps Dodge Refining,4.2,GT,(OP) Operating,Operating
2024-12,54628,3002,Phelps Dodge Refining,4.2,GT,(OP) Operating,Operating
2024-12,54628,3003,Phelps Dodge Refining,4.2,GT,(OP) Operating,Operating
2024-12,54637,GCG1,JCO Oxides Olefins Plant,36.9,GT,(OP) Operating,Operating
2024-12,54637,GCG2,JCO Oxides Olefins Plant,36.9,GT,(OP) Operating,Operating
2024-12,54676,G81,Oyster Creek Unit VIII,99,CT,(OP) Operating,Operating
2024-12,54676,G82,Oyster Creek Unit VIII,99,CT,(OP) Operating,Operating
2024-12,54676,G83,Oyster Creek Unit VIII,99,CT,(OP) Operating,Operating
2024-12,54676,G84,Oyster Creek Unit VIII,200.9,CA,(OP) Operating,Operating
2024-12,54817,GT-1,Johnson County,178.2,CT,(OP) Operating,Operating
2024-12,54817,ST-1,Johnson County,104.4,CA,(OP) Operating,Operating
2024-12,55015,GEN1,Sweeny Cogen Facility,143,GT,(OP) Operating,Operating
2024-12,55015,GEN2,Sweeny Cogen Facility,143,GT,(OP) Operating,Operating
2024-12,55015,GEN3,Sweeny Cogen Facility,143,GT,(OP) Operating,Operating
2024-12,55015,GEN4,Sweeny Cogen Facility,143,GT,(OP) Operating,Operating
2024-12,55047,CTG1,Pasadena Cogeneration,175,CT,(OP) Operating,Operating
2024-12,55047,CTG2,Pasadena Cogeneration,185,CT,(OP) Operating,Operating
2024-12,55047,CTG3,Pasadena Cogeneration,185,CT,(OP) Operating,Operating
2024-12,55047,STG1,Pasadena Cogeneration,85,CA,(OP) Operating,Operating
2024-12,55047,STG2,Pasadena Cogeneration,185,CA,(OP) Operating,Operating
2024-12,55052,620,Jameson Gas Processing Plant,0.4,IC,(OP) Operating,Operating
2024-12,55052,621,Jameson Gas Processing Plant,0.4,IC,(OP) Operating,Operating
2024-12,55052,622,Jameson Gas Processing Plant,0.5,IC,(OP) Operating,Operating
2024-12,55052,GN410,Jameson Gas Processing Plant,0.5,IC,(OP) Operating,Operating
2024-12,55053,14,Bridgeport Gas Processing Plant,0.8,IC,(OP) Operating,Operating
2024-12,55053,15,Bridgeport Gas Processing Plant,0.8,IC,(OP) Operating,Operating
2024-12,55053,16,Bridgeport Gas Processing Plant,0.8,IC,(OP) Operating,Operating
2024-12,55053,17,Bridgeport Gas Processing Plant,0.8,IC,(OP) Operating,Operating
2024-12,55053,2723,Bridgeport Gas Processing Plant,0.8,IC,(OP) Operating,Operating
2024-12,55053,654,Bridgeport Gas Processing Plant,0.8,IC,(OP) Operating,Operating
2024-12,55053,655,Bridgeport Gas Processing Plant,0.8,IC,(OP) Operating,Operating
2024-12,55053,656,Bridgeport Gas Processing Plant,0.8,IC,(OP) Operating,Operating
2024-12,55053,657,Bridgeport Gas Processing Plant,0.8,IC,(OP) Operating,Operating
2024-12,55053,658,Bridgeport Gas Processing Plant,0.8,IC,(OP) Operating,Operating
2024-12,55053,666,Bridgeport Gas Processing Plant,0.8,IC,(OP) Operating,Operating
2024-12,55053,667,Bridgeport Gas Processing Plant,0.8,IC,(OP) Operating,Operating
2024-12,55053,671,Bridgeport Gas Processing Plant,0.8,IC,(OP) Operating,Operating
2024-12,55062,GTG1,Tenaska Frontier Generation Station,183.2,CT,(OP) Operating,Operating
2024-12,55062,GTG2,Tenaska Frontier Generation Station,183.2,CT,(OP) Operating,Operating
2024-12,55062,GTG3,Tenaska Frontier Generation Station,183.2,CT,(OP) Operating,Operating
2024-12,55062,STG1,Tenaska Frontier Generation Station,390.1,CA,(OP) Operating,Operating
2024-12,55064,UNT1,Black Hawk Station,126.9,GT,(OP) Operating,Operating
2024-12,55064,UNT2B,Black Hawk Station,117,GT,(OP) Operating,Operating
2024-12,55065,GEN1,Mustang Station,174.2,CT,(OP) Operating,Operating
2024-12,55065,GEN2,Mustang Station,174.2,CT,(OP) Operating,Operating
2024-12,55065,GEN3,Mustang Station,172.6,CA,(OP) Operating,Operating
2024-12,55086,GT1A,Gregory Power Plant,166,CT,(OP) Operating,Operating
2024-12,55086,GT1B,Gregory Power Plant,166,CT,(OP) Operating,Operating
2024-12,55086,STG,Gregory Power Plant,100,CA,(OP) Operating,Operating
2024-12,55091,STK1,Midlothian Energy Facility,289,CS,(OP) Operating,Operating
2024-12,55091,STK2,Midlothian Energy Facility,289,CS,(OP) Operating,Operating
2024-12,55091,STK3,Midlothian Energy Facility,289,CS,(OP) Operating,Operating
2024-12,55091,STK4,Midlothian Energy Facility,289,CS,(OP) Operating,Operating
2024-12,55091,STK5,Midlothian Energy Facility,289,CS,(OP) Operating,Operating
2024-12,55091,STK6,Midlothian Energy Facility,289,CS,(OP) Operating,Operating
2024-12,55097,CTG1,Lamar Power Project,176,CT,(OP) Operating,Operating
2024-12,55097,CTG2,Lamar Power Project,176,CT,(OP) Operating,Operating
2024-12,55097,CTG3,Lamar Power Project,176,CT,(OP) Operating,Operating
2024-12,55097,CTG4,Lamar Power Project,176,CT,(OP) Operating,Operating
2024-12,55097,STG1,Lamar Power Project,204.3,CA,(OP) Operating,Operating
2024-12,55097,STG2,Lamar Power Project,204.3,CA,(OP) Operating,Operating
2024-12,55098,GEN1,Frontera Energy Center,172,CT,(OP) Operating,Operating
2024-12,55098,GEN2,Frontera Energy Center,172,CT,(OP) Operating,Operating
2024-12,55098,GEN3,Frontera Energy Center,185,CA,(OP) Operating,Operating
2024-12,55122,UN1,NAFTA Region Olefins Complex Cogen Fac,41.6,GT,(OP) Operating,Operating
2024-12,55122,UN2,NAFTA Region Olefins Complex Cogen Fac,41.6,GT,(OP) Operating,Operating
2024-12,55123,CTG1,Magic Valley Generating Station,267,CT,(OP) Operating,Operating
2024-12,55123,CTG2,Magic Valley Generating Station,267,CT,(OP) Operating,Operating
2024-12,55123,STG,Magic Valley Generating Station,267,CA,(OP) Operating,Operating
2024-12,55132,GTG1,Tenaska Gateway Generating Station,183.2,CT,(OP) Operating,Operating
2024-12,55132,GTG2,Tenaska Gateway Generating Station,183.2,CT,(OP) Operating,Operating
2024-12,55132,GTG3,Tenaska Gateway Generating Station,183.2,CT,(OP) Operating,Operating
2024-12,55132,STG1,Tenaska Gateway Generating Station,390,CA,(OP) Operating,Operating
2024-12,55137,CTG1,Rio Nogales Power Project,189,CT,(OP) Operating,Operating
2024-12,55137,CTG2,Rio Nogales Power Project,189,CT,(OP) Operating,Operating
2024-12,55137,CTG3,Rio Nogales Power Project,189,CT,(OP) Operating,Operating
2024-12,55137,STG1,Rio Nogales Power Project,373.2,CA,(OP) Operating,Operating
2024-12,55139,CTG1,Wolf Hollow I LP,243.9,CT,(OP) Operating,Operating
2024-12,55139,CTG2,Wolf Hollow I LP,243.9,CT,(OP) Operating,Operating
2024-12,55139,ST,Wolf Hollow I LP,300.6,CA,(OP) Operating,Operating
2024-12,55144,U1,Hays Energy Project,241.7,CS,(OP) Operating,Operating
2024-12,55144,U2,Hays Energy Project,241.7,CS,(OP) Operating,Operating
2024-12,55144,U3,Hays Energy Project,252.8,CS,(OP) Operating,Operating
2024-12,55144,U4,Hays Energy Project,252.8,CS,(OP) Operating,Operating
2024-12,55153,CTG1,Guadalupe Generating Station,171.1,CT,(OP) Operating,Operating
2024-12,55153,CTG2,Guadalupe Generating Station,171.1,CT,(OP) Operating,Operating
2024-12,55153,CTG3,Guadalupe Generating Station,171.1,CT,(OP) Operating,Operating
2024-12,55153,CTG4,Guadalupe Generating Station,171.1,CT,(OP) Operating,Operating
2024-12,55153,STG1,Guadalupe Generating Station,201.9,CA,(OP) Operating,Operating
2024-12,55153,STG2,Guadalupe Generating Station,201.9,CA,(OP) Operating,Operating
2024-12,55154,CTA,Lost Pines 1 Power Project,202.5,CT,(OP) Operating,Operating
2024-12,55154,CTB,Lost Pines 1 Power Project,202.5,CT,(OP) Operating,Operating
2024-12,55154,ST,Lost Pines 1 Power Project,204,CA,(OP) Operating,Operating
2024-12,55168,0001,Bastrop Energy Center,188.2,CT,(OP) Operating,Operating
2024-12,55168,0002,Bastrop Energy Center,188.2,CT,(OP) Operating,Operating
2024-12,55168,0003,Bastrop Energy Center,242.3,CA,(OP) Operating,Operating
2024-12,55172,GT-1,Thad Hill Energy Center,154,CT,(OP) Operating,Operating
2024-12,55172,GT-2,Thad Hill Energy Center,154,CT,(OP) Operating,Operating
2024-12,55172,GT-3,Thad Hill Energy Center,154,CT,(OP) Operating,Operating
2024-12,55172,ST-4,Thad Hill Energy Center,95,CA,(OP) Operating,Operating
2024-12,55172,ST-5,Thad Hill Energy Center,250,CA,(OP) Operating,Operating
2024-12,55176,GEN1,Eastman Cogeneration Facility,170,CT,(OP) Operating,Operating
2024-12,55176,GEN2,Eastman Cogeneration Facility,170,CT,(OP) Operating,Operating
2024-12,55176,GEN3,Eastman Cogeneration Facility,127.7,CA,(OP) Operating,Operating
2024-12,55187,GT1,Channelview Cogeneration Plant,192.1,CT,(OP) Operating,Operating
2024-12,55187,GT2,Channelview Cogeneration Plant,192.1,CT,(OP) Operating,Operating
2024-12,55187,GT3,Channelview Cogeneration Plant,192.1,CT,(OP) Operating,Operating
2024-12,55187,GT4,Channelview Cogeneration Plant,192.1,CT,(OP) Operating,Operating
2024-12,55187,ST1,Channelview Cogeneration Plant,149.9,CA,(OP) Operating,Operating
2024-12,55206,CT1,Corpus Christi Energy Center,198.9,CT,(OP) Operating,Operating
2024-12,55206,CT2,Corpus Christi Energy Center,198.9,CT,(OP) Operating,Operating
2024-12,55206,ST1,Corpus Christi Energy Center,195.5,CA,(OP) Operating,Operating
2024-12,55215,CTG1,Odessa-Ector Power Plant,176,CT,(OP) Operating,Operating
2024-12,55215,CTG2,Odessa-Ector Power Plant,176,CT,(OP) Operating,Operating
2024-12,55215,CTG3,Odessa-Ector Power Plant,176,CT,(OP) Operating,Operating
2024-12,55215,CTG4,Odessa-Ector Power Plant,176,CT,(OP) Operating,Operating
2024-12,55215,STG1,Odessa-Ector Power Plant,224.4,CA,(OP) Operating,Operating
2024-12,55215,STG2,Odessa-Ector Power Plant,224.4,CA,(OP) Operating,Operating
2024-12,55223,GT1,Ennis Power Company LLC,285,CT,(OP) Operating,Operating
2024-12,55223,ST1,Ennis Power Company LLC,133,CA,(OP) Operating,Operating
2024-12,55226,GT1,Freestone Energy Center,166.7,CT,(OP) Operating,Operating
2024-12,55226,GT2,Freestone Energy Center,166.7,CT,(OP) Operating,Operating
2024-12,55226,GT3,Freestone Energy Center,166.7,CT,(OP) Operating,Operating
2024-12,55226,GT4,Freestone Energy Center,166.7,CT,(OP) Operating,Operating
2024-12,55226,ST3,Freestone Energy Center,184.6,CA,(OP) Operating,Operating
2024-12,55226,ST6,Freestone Energy Center,184.6,CA,(OP) Operating,Operating
2024-12,55230,CT1,Jack County,170,CT,(OP) Operating,Operating
2024-12,55230,CT2,Jack County,170,CT,(OP) Operating,Operating
2024-12,55230,CT3,Jack County,170,CT,(OP) Operating,Operating
2024-12,55230,CT4,Jack County,170,CT,(OP) Operating,Operating
2024-12,55230,ST1,Jack County,300,CA,(OP) Operating,Operating
2024-12,55230,ST2,Jack County,300,CA,(OP) Operating,Operating
2024-12,55299,CTG1,Channel Energy Center LLC,215,CT,(OP) Operating,Operating
2024-12,55299,CTG2,Channel Energy Center LLC,215,CT,(OP) Operating,Operating
2024-12,55299,CTG3,Channel Energy Center LLC,208.8,CT,(OP) Operating,Operating
2024-12,55299,ST-1,Channel Energy Center LLC,285,CA,(OP) Operating,Operating
2024-12,55309,GEN 5,Air Products Port Arthur,32.8,GT,(OP) Operating,Operating
2024-12,55309,GEN1,Air Products Port Arthur,37.6,GT,(OP) Operating,Operating
2024-12,55311,GEN1,BASF Freeport Works,81,GT,(OP) Operating,Operating
2024-12,55313,CTG1,Ingleside Cogeneration,170.1,CT,(OP) Operating,Operating
2024-12,55313,CTG2,Ingleside Cogeneration,170.1,CT,(OP) Operating,Operating
2024-12,55313,STG,Ingleside Cogeneration,176.8,CA,(OP) Operating,Operating
2024-12,55320,GT1,Wise County Power LLC,261,CT,(OP) Operating,Operating
2024-12,55320,GT2,Wise County Power LLC,261,CT,(OP) Operating,Operating
2024-12,55320,ST1,Wise County Power LLC,299.7,CA,(OP) Operating,Operating
2024-12,55327,CTG1,Baytown Energy Center,219.3,CT,(OP) Operating,Operating
2024-12,55327,CTG2,Baytown Energy Center,219.3,CT,(OP) Operating,Operating
2024-12,55327,CTG3,Baytown Energy Center,219.3,CT,(OP) Operating,Operating
2024-12,55327,STG1,Baytown Energy Center,275,CA,(OP) Operating,Operating
2024-12,55357,CTG1,Jack Fusco Energy Center,200,CT,(OP) Operating,Operating
2024-12,55357,CTG2,Jack Fusco Energy Center,200,CT,(OP) Operating,Operating
2024-12,55357,STG1,Jack Fusco Energy Center,275.6,CA,(OP) Operating,Operating
2024-12,55358,CT1,Cottonwood Energy Project,198.9,CT,(OP) Operating,Operating
2024-12,55358,CT2,Cottonwood Energy Project,198.9,CT,(OP) Operating,Operating
2024-12,55358,CT3,Cottonwood Energy Project,198.9,CT,(OP) Operating,Operating
2024-12,55358,CT4,Cottonwood Energy Project,198.9,CT,(OP) Operating,Operating
2024-12,55358,ST1,Cottonwood Energy Project,159.5,CA,(OP) Operating,Operating
2024-12,55358,ST2,Cottonwood Energy Project,159.5,CA,(OP) Operating,Operating
2024-12,55358,ST3,Cottonwood Energy Project,159.5,CA,(OP) Operating,Operating
2024-12,55358,ST4,Cottonwood Energy Project,159.5,CA,(OP) Operating,Operating
2024-12,55365,GT1,Exelon LaPorte Generating Station,59,GT,(OP) Operating,Operating
2024-12,55365,GT2,Exelon LaPorte Generating Station,59,GT,(OP) Operating,Operating
2024-12,55365,GT3,Exelon LaPorte Generating Station,59,GT,(OP) Operating,Operating
2024-12,55365,GT4,Exelon LaPorte Generating Station,59,GT,(OP) Operating,Operating
2024-12,55464,CTG1,Deer Park Energy Center,180,CT,(OP) Operating,Operating
2024-12,55464,CTG2,Deer Park Energy Center,180,CT,(OP) Operating,Operating
2024-12,55464,CTG3,Deer Park Energy Center,180,CT,(OP) Operating,Operating
2024-12,55464,CTG4,Deer Park Energy Center,180,CT,(OP) Operating,Operating
2024-12,55464,CTG6,Deer Park Energy Center,180,CT,(OP) Operating,Operating
2024-12,55464,STG1,Deer Park Energy Center,276,CA,(OP) Operating,Operating
2024-12,55470,ST1,Green Power 2,110,CA,(OP) Operating,Operating
2024-12,55470,ST805,Green Power 2,250,CA,(OS) Out of service and NOT expected to return to service in next calendar year,Operating
2024-12,55470,TR1,Green Power 2,167,CT,(OP) Operating,Operating
2024-12,55470,TR2,Green Power 2,167,CT,(OP) Operating,Operating
2024-12,55470,TR3,Green Power 2,167,CT,(OP) Operating,Operating
2024-12,55480,ST1,Forney Energy Center,382.5,CA,(OP) Operating,Operating
2024-12,55480,ST2,Forney Energy Center,382.5,CA,(OP) Operating,Operating
2024-12,55480,U1,Forney Energy Center,188.2,CT,(OP) Operating,Operating
2024-12,55480,U2,Forney Energy Center,188.2,CT,(OP) Operating,Operating
2024-12,55480,U3,Forney Energy Center,188.2,CT,(OP) Operating,Operating
2024-12,55480,U4,Forney Energy Center,188.2,CT,(OP) Operating,Operating
2024-12,55480,U5,Forney Energy Center,188.2,CT,(OP) Operating,Operating
2024-12,55480,U6,Forney Energy Center,188.2,CT,(OP) Operating,Operating
2024-12,55545,CTG1,Hidalgo Energy Center,176.6,CT,(OP) Operating,Operating
2024-12,55545,CTG2,Hidalgo Energy Center,176.6,CT,(OP) Operating,Operating
2024-12,55545,STG1,Hidalgo Energy Center,198.1,CA,(OP) Operating,Operating
2024-12,55664,GT-1,Harrison County Power Project,170,CT,(OP) Operating,Operating
2024-12,55664,GT-2,Harrison County Power Project,170,CT,(OP) Operating,Operating
2024-12,55664,ST-1,Harrison County Power Project,230,CA,(OP) Operating,Operating
2024-12,56152,CTG1,Freeport Energy Center,180,CT,(OP) Operating,Operating
2024-12,56152,STG1,Freeport Energy Center,80,CA,(OP) Operating,Operating
2024-12,56233,CT02,EG178 Facility,60.5,CT,(OP) Operating,Operating
2024-12,56233,CTG1,EG178 Facility,60.5,CT,(OP) Operating,Operating
2024-12,56233,STG,EG178 Facility,32.9,CA,(OP) Operating,Operating
2024-12,56326,GEN1,Mustang Station Unit 4,153,GT,(OP) Operating,Operating
2024-12,56326,GEN2,Mustang Station Unit 4,153,GT,(OP) Operating,Operating
2024-12,56326,GEN3,Mustang Station Unit 4,166.1,GT,(OP) Operating,Operating
2024-12,56349,CT1A,Quail Run Energy Center,90.6,CT,(OP) Operating,Operating
2024-12,56349,CT1B,Quail Run Energy Center,90.6,CT,(OP) Operating,Operating
2024-12,56349,CT2A,Quail Run Energy Center,86.5,CT,(OP) Operating,Operating
2024-12,56349,CT2B,Quail Run Energy Center,86.5,CT,(OP) Operating,Operating
2024-12,56349,ST1,Quail Run Energy Center,98.1,CA,(OP) Operating,Operating
2024-12,56349,ST2,Quail Run Energy Center,98.1,CA,(OP) Operating,Operating
2024-12,56350,CT1A,Colorado Bend Energy Center,90,CT,(OP) Operating,Operating
2024-12,56350,CT1B,Colorado Bend Energy Center,90,CT,(OP) Operating,Operating
2024-12,56350,CT2A,Colorado Bend Energy Center,90,CT,(OP) Operating,Operating
2024-12,56350,CT2B,Colorado Bend Energy Center,90,CT,(OP) Operating,Operating
2024-12,56350,CT4A,Colorado Bend Energy Center,37,GT,(OP) Operating,Operating
2024-12,56350,CT4B,Colorado Bend Energy Center,37,GT,(OP) Operating,Operating
2024-12,56350,ST1,Colorado Bend Energy Center,105.1,CA,(OP) Operating,Operating
2024-12,56350,ST2,Colorado Bend Energy Center,115,CA,(OP) Operating,Operating
2024-12,56374,CT1,Robert Mueller Energy Center,4.6,GT,(OP) Operating,Operating
2024-12,56603,SJC1,San Jacinto County Peaking Facility,85,GT,(OP) Operating,Operating
2024-12,56603,SJC2,San Jacinto County Peaking Facility,85,GT,(OP) Operating,Operating
2024-12,56604,HC1,Hardin County Peaking Facility,86.5,GT,(OP) Operating,Operating
2024-12,56604,HC2,Hardin County Peaking Facility,86.5,GT,(OP) Operating,Operating
2024-12,56674,CGT1,Winchester Power Park,60.5,GT,(OP) Operating,Operating
2024-12,56674,CGT2,Winchester Power Park,60.5,GT,(OP) Operating,Operating
2024-12,56674,CGT3,Winchester Power Park,60.5,GT,(OP) Operating,Operating
2024-12,56674,CGT4,Winchester Power Park,60.5,GT,(OP) Operating,Operating
2024-12,56708,G2101,CFB Power Plant,155,ST,(OP) Operating,Operating
2024-12,56708,G2201,CFB Power Plant,155,ST,(OP) Operating,Operating
2024-12,56806,4,Cedar Bayou 4,178.5,CA,(OP) Operating,Operating
2024-12,56806,41,Cedar Bayou 4,178.5,CT,(OP) Operating,Operating
2024-12,56806,42,Cedar Bayou 4,178.5,CT,(OP) Operating,Operating
2024-12,57322,GT01,Mont Belvieu Cogeneration Unit,15,GT,(OP) Operating,Operating
2024-12,57504,CHP1,TECO CHP-1,48,GT,(OP) Operating,Operating
2024-12,57504,GTG2,TECO CHP-1,50,GT,(OP) Operating,Operating
2024-12,57865,E01,Antelope Station,9.3,IC,(OP) Operating,Operating
2024-12,57865,E02,Antelope Station,9.3,IC,(OP) Operating,Operating
2024-12,57865,E03,Antelope Station,9.3,IC,(OP) Operating,Operating
2024-12,57865,E04,Antelope Station,9.3,IC,(OP) Operating,Operating
2024-12,57865,E05,Antelope Station,9.3,IC,(OP) Operating,Operating
2024-12,57865,E06,Antelope Station,9.3,IC,(OP) Operating,Operating
2024-12,57865,E07,Antelope Station,9.3,IC,(OP) Operating,Operating
2024-12,57865,E08,Antelope Station,9.3,IC,(OP) Operating,Operating
2024-12,57865,E09,Antelope Station,9.3,IC,(OP) Operating,Operating
2024-12,57865,E10,Antelope Station,9.3,IC,(OP) Operating,Operating
2024-12,57865,E11,Antelope Station,9.3,IC,(OP) Operating,Operating
2024-12,57865,E12,Antelope Station,9.3,IC,(OP) Operating,Operating
2024-12,57865,E13,Antelope Station,9.3,IC,(OP) Operating,Operating
2024-12,57865,E14,Antelope Station,9.3,IC,(OP) Operating,Operating
2024-12,57865,E15,Antelope Station,9.3,IC,(OP) Operating,Operating
2024-12,57865,E16,Antelope Station,9.3,IC,(OP) Operating,Operating
2024-12,57865,E17,Antelope Station,9.3,IC,(OP) Operating,Operating
2024-12,57865,E18,Antelope Station,9.3,IC,(OP) Operating,Operating
2024-12,58001,CTG-1,Temple Power Station,232,CT,(OP) Operating,Operating
2024-12,58001,CTG-2,Temple Power Station,232,CT,(OP) Operating,Operating
2024-12,58001,CTG-3,Temple Power Station,232,CT,(OP) Operating,Operating
2024-12,58001,CTG-4,Temple Power Station,232,CT,(OP) Operating,Operating
2024-12,58001,STG-1,Temple Power Station,339.2,CA,(OP) Operating,Operating
2024-12,58001,STG-2,Temple Power Station,339.2,CA,(OP) Operating,Operating
2024-12,58005,CTG-1,Rayburn Energy Station LLC,232,CT,(OP) Operating,Operating
2024-12,58005,CTG-2,Rayburn Energy Station LLC,232,CT,(OP) Operating,Operating
2024-12,58005,STG-1,Rayburn Energy Station LLC,339.2,CA,(OP) Operating,Operating
2024-12,58151,GTG01,Central Utility Plant - Texas A&M,34.1,CT,(OP) Operating,Operating
2024-12,58151,STG02,Central Utility Plant - Texas A&M,11,CA,(OP) Operating,Operating
2024-12,58378,GT2,Petra Nova Carbon Capture Cogen,82.2,GT,(OA) Out of service but expected to return to service in next calendar year,Operating
2024-12,58471,CTG1,Ector County Energy Center,179.4,GT,(OP) Operating,Operating
2024-12,58471,CTG2,Ector County Energy Center,179.4,GT,(OP) Operating,Operating
2024-12,58562,GT-1,Montana Power Station,131.8,GT,(OP) Operating,Operating
2024-12,58562,GT-2,Montana Power Station,131.8,GT,(OP) Operating,Operating
2024-12,58562,GT-3,Montana Power Station,131.8,GT,(OP) Operating,Operating
2024-12,58562,GT-4,Montana Power Station,131.8,GT,(OP) Operating,Operating
2024-12,58835,ELK1,Elk Station,199.8,GT,(OP) Operating,Operating
2024-12,58835,ELK2,Elk Station,199.8,GT,(OP) Operating,Operating
2024-12,58835,ELK3,Elk Station,199.8,GT,(OP) Operating,Operating
2024-12,59145,65GTG,Freeport LP Pretreatment Facility,87,GT,(OP) Operating,Operating
2024-12,59381,GT-1,"The Methodist Hospital, Gas Turbine",5,GT,(OP) Operating,Operating
2024-12,59391,ENG01,Red Gate Power Plant,18.7,IC,(OP) Operating,Operating
2024-12,59391,ENG02,Red Gate Power Plant,18.7,IC,(OP) Operating,Operating
2024-12,59391,ENG03,Red Gate Power Plant,18.7,IC,(OP) Operating,Operating
2024-12,59391,ENG04,Red Gate Power Plant,18.7,IC,(OP) Operating,Operating
2024-12,59391,ENG05,Red Gate Power Plant,18.7,IC,(OP) Operating,Operating
2024-12,59391,ENG06,Red Gate Power Plant,18.7,IC,(OP) Operating,Operating
2024-12,59391,ENG07,Red Gate Power Plant,18.7,IC,(OP) Operating,Operating
2024-12,59391,ENG08,Red Gate Power Plant,18.7,IC,(OP) Operating,Operating
2024-12,59391,ENG09,Red Gate Power Plant,18.7,IC,(OP) Operating,Operating
2024-12,59391,ENG10,Red Gate Power Plant,18.7,IC,(OP) Operating,Operating
2024-12,59391,ENG11,Red Gate Power Plant,18.7,IC,(OP) Operating,Operating
2024-12,59391,ENG12,Red Gate Power Plant,18.7,IC,(OP) Operating,Operating
2024-12,59812,CGT4,Wolf Hollow II,360,CT,(OP) Operating,Operating
2024-12,59812,CGT5,Wolf Hollow II,360,CT,(OP) Operating,Operating
2024-12,59812,STG6,Wolf Hollow II,511.2,CA,(OP) Operating,Operating
2024-12,59938,UNIT1,Sky Global Power One,8.5,IC,(OP) Operating,Operating
2024-12,59938,UNIT2,Sky Global Power One,8.5,IC,(OP) Operating,Operating
2024-12,59938,UNIT3,Sky Global Power One,8.5,IC,(OP) Operating,Operating
2024-12,59938,UNIT4,Sky Global Power One,8.5,IC,(OP) Operating,Operating
2024-12,59938,UNIT5,Sky Global Power One,8.5,IC,(OP) Operating,Operating
2024-12,59938,UNIT6,Sky Global Power One,8.5,IC,(OP) Operating,Operating
2024-12,60122,CT7,Colorado Bend II,360.9,CT,(OP) Operating,Operating
2024-12,60122,CT8,Colorado Bend II,360.9,CT,(OP) Operating,Operating
2024-12,60122,STG9,Colorado Bend II,508.5,CA,(OP) Operating,Operating
2024-12,60264,BCGT1,Bacliff,71.2,GT,(OP) Operating,Operating
2024-12,60264,BCGT2,Bacliff,71.2,GT,(OP) Operating,Operating
2024-12,60264,BCGT3,Bacliff,71.2,GT,(OP) Operating,Operating
2024-12,60264,BCGT4,Bacliff,71.2,GT,(OP) Operating,Operating
2024-12,60264,BCGT5,Bacliff,71.2,GT,(OP) Operating,Operating
2024-12,60264,BCGT6,Bacliff,71.2,GT,(OP) Operating,Operating
2024-12,60459,PC1,Port Comfort Power LLC,60.5,GT,(OP) Operating,Operating
2024-12,60459,PC2,Port Comfort Power LLC,60.5,GT,(OP) Operating,Operating
2024-12,60460,CH1,Chamon Power LLC,60.5,GT,(OP) Operating,Operating
2024-12,60460,CH2,Chamon Power LLC,60.5,GT,(OP) Operating,Operating
2024-12,60468,GT-1,Friendswood Energy,121.5,GT,(OP) Operating,Operating
2024-12,60925,1A,Montgomery County,250,CT,(OP) Operating,Operating
2024-12,60925,1B,Montgomery County,250,CT,(OP) Operating,Operating
2024-12,60925,1C,Montgomery County,500,CA,(OP) Operating,Operating
2024-12,61241,VC-1,Tres City Power LLC,50,GT,(OP) Operating,Operating
2024-12,61241,VC-2,Tres City Power LLC,50,GT,(OP) Operating,Operating
2024-12,61242,VP-1,"Tres Port Power, LLC",50,GT,(OP) Operating,Operating
2024-12,61242,VP-2,"Tres Port Power, LLC",50,GT,(OP) Operating,Operating
2024-12,61643,DEC1,Denton Energy Center,18.8,IC,(OP) Operating,Operating
2024-12,61643,DEC10,Denton Energy Center,18.8,IC,(OP) Operating,Operating
2024-12,61643,DEC11,Denton Energy Center,18.8,IC,(OP) Operating,Operating
2024-12,61643,DEC12,Denton Energy Center,18.8,IC,(OP) Operating,Operating
2024-12,61643,DEC2,Denton Energy Center,18.8,IC,(OP) Operating,Operating
2024-12,61643,DEC3,Denton Energy Center,18.8,IC,(OP) Operating,Operating
2024-12,61643,DEC4,Denton Energy Center,18.8,IC,(OP) Operating,Operating
2024-12,61643,DEC5,Denton Energy Center,18.8,IC,(OP) Operating,Operating
2024-12,61643,DEC6,Denton Energy Center,18.8,IC,(OP) Operating,Operating
2024-12,61643,DEC7,Denton Energy Center,18.8,IC,(OP) Operating,Operating
2024-12,61643,DEC8,Denton Energy Center,18.8,IC,(OP) Operating,Operating
2024-12,61643,DEC9,Denton Energy Center,18.8,IC,(OP) Operating,Operating
2024-12,61966,VP2-1,Victoria Port Power II LLC,50,GT,(OP) Operating,Operating
2024-12,61966,VP2-2,Victoria Port Power II LLC,50,GT,(OP) Operating,Operating
2024-12,62548,SJ-1,SJRR Power LLC,50,GT,(OP) Operating,Operating
2024-12,62548,SJ-2,SJRR Power LLC,50,GT,(OP) Operating,Operating
2024-12,62762,CTG-1,NASA Johnson Space Center CHP,5.6,GT,(OP) Operating,Operating
2024-12,62762,CTG-2,NASA Johnson Space Center CHP,5.6,GT,(OP) Operating,Operating
2024-12,63335,CTG-1,HO Clarke Generating,60.5,GT,(OP) Operating,Operating
2024-12,63335,CTG-2,HO Clarke Generating,60.5,GT,(OP) Operating,Operating
2024-12,63335,CTG-3,HO Clarke Generating,60.5,GT,(OP) Operating,Operating
2024-12,63335,CTG-4,HO Clarke Generating,60.5,GT,(OP) Operating,Operating
2024-12,63335,CTG-5,HO Clarke Generating,60.5,GT,(OP) Operating,Operating
2024-12,63335,CTG-6,HO Clarke Generating,60.5,GT,(OP) Operating,Operating
2024-12,63335,CTG-7,HO Clarke Generating,60.5,GT,(OP) Operating,Operating
2024-12,63335,CTG-8,HO Clarke Generating,60.5,GT,(OP) Operating,Operating
2024-12,63688,CTG-1,Topaz Generating,60.5,GT,(OP) Operating,Operating
2024-12,63688,CTG-2,Topaz Generating,60.5,GT,(OP) Operating,Operating
2024-12,63688,CTG-3,Topaz Generating,60.5,GT,(OP) Operating,Operating
2024-12,63688,CTG-4,Topaz Generating,60.5,GT,(OP) Operating,Operating
2024-12,63688,CTG-5,Topaz Generating,60.5,GT,(OP) Operating,Operating
2024-12,63688,CTG-6,Topaz Generating,60.5,GT,(OP) Operating,Operating
2024-12,63688,CTG-7,Topaz Generating,60.5,GT,(OP) Operating,Operating
2024-12,63688,CTG-8,Topaz Generating,60.5,GT,(OP) Operating,Operating
2024-12,63688,CTG-9,Topaz Generating,60.5,GT,(OP) Operating,Operating
2024-12,63688,CTG10,Topaz Generating,60.5,GT,(OP) Operating,Operating
2024-12,64383,CTG-1,Braes Bayou Plant,60.5,GT,(OP) Operating,Operating
2024-12,64383,CTG-2,Braes Bayou Plant,60.5,GT,(OP) Operating,Operating
2024-12,64383,CTG-3,Braes Bayou Plant,60.5,GT,(OP) Operating,Operating
2024-12,64383,CTG-4,Braes Bayou Plant,60.5,GT,(OP) Operating,Operating
2024-12,64383,CTG-5,Braes Bayou Plant,60.5,GT,(OP) Operating,Operating
2024-12,64383,CTG-6,Braes Bayou Plant,60.5,GT,(OP) Operating,Operating
2024-12,64383,CTG-7,Braes Bayou Plant,60.5,GT,(OP) Operating,Operating
2024-12,64383,CTG-8,Braes Bayou Plant,60.5,GT,(OP) Operating,Operating
2024-12,64769,GEN1,WAL194,0.4,IC,(OP) Operating,Operating
2024-12,64769,GEN2,WAL194,0.4,IC,(OP) Operating,Operating
2024-12,64769,GEN3,WAL194,0.4,IC,(OP) Operating,Operating
2024-12,64771,GEN1,WAL266,0.4,IC,(OP) Operating,Operating
2024-12,64771,GEN2,WAL266,0.4,IC,(OP) Operating,Operating
2024-12,64771,GEN3,WAL266,0.4,IC,(OP) Operating,Operating
2024-12,64772,GEN1,WAL284,0.4,IC,(OP) Operating,Operating
2024-12,64772,GEN2,WAL284,0.4,IC,(OP) Operating,Operating
2024-12,64772,GEN3,WAL284,0.4,IC,(OP) Operating,Operating
2024-12,64773,GEN1,WAL407,0.4,IC,(OP) Operating,Operating
2024-12,64773,GEN2,WAL407,0.4,IC,(OP) Operating,Operating
2024-12,64773,GEN3,WAL407,0.4,IC,(OP) Operating,Operating
2024-12,64774,GEN1,WAL414,0.4,IC,(OP) Operating,Operating
2024-12,64774,GEN2,WAL414,0.4,IC,(OP) Operating,Operating
2024-12,64774,GEN3,WAL414,0.4,IC,(OP) Operating,Operating
2024-12,64775,GEN1,WAL447,0.4,IC,(OP) Operating,Operating
2024-12,64775,GEN2,WAL447,0.4,IC,(OP) Operating,Operating
2024-12,64775,GEN3,WAL447,0.4,IC,(OP) Operating,Operating
2024-12,64776,GEN1,WAL452,0.4,IC,(OP) Operating,Operating
2024-12,64776,GEN2,WAL452,0.4,IC,(OP) Operating,Operating
2024-12,64776,GEN3,WAL452,0.4,IC,(OP) Operating,Operating
2024-12,64777,GEN1,WAL456,0.4,IC,(OP) Operating,Operating
2024-12,64777,GEN2,WAL456,0.4,IC,(OP) Operating,Operating
2024-12,64777,GEN3,WAL456,0.4,IC,(OP) Operating,Operating
2024-12,64778,GEN1,WAL461,0.4,IC,(OP) Operating,Operating
2024-12,64778,GEN2,WAL461,0.4,IC,(OP) Operating,Operating
2024-12,64778,GEN3,WAL461,0.4,IC,(OP) Operating,Operating
2024-12,64791,GEN1,WAL462,1.3,IC,(OP) Operating,Operating
2024-12,64792,GEN1,WAL504,0.4,IC,(OP) Operating,Operating
2024-12,64792,GEN2,WAL504,0.4,IC,(OP) Operating,Operating
2024-12,64792,GEN3,WAL504,0.4,IC,(OP) Operating,Operating
2024-12,64793,GEN1,WAL522,0.4,IC,(OP) Operating,Operating
2024-12,64793,GEN2,WAL522,0.4,IC,(OP) Operating,Operating
2024-12,64793,GEN3,WAL522,0.4,IC,(OP) Operating,Operating
2024-12,64794,GEN1,WAL529,1.3,IC,(OP) Operating,Operating
2024-12,64795,GEN1,WAL536,0.4,IC,(OP) Operating,Operating
2024-12,64795,GEN2,WAL536,0.4,IC,(OP) Operating,Operating
2024-12,64795,GEN3,WAL536,0.4,IC,(OP) Operating,Operating
2024-12,64796,GEN1,WAL537,0.4,IC,(OP) Operating,Operating
2024-12,64796,GEN2,WAL537,0.4,IC,(OP) Operating,Operating
2024-12,64796,GEN3,WAL537,0.4,IC,(OP) Operating,Operating
2024-12,64797,GEN1,WAL546,0.4,IC,(OP) Operating,Operating
2024-12,64797,GEN2,WAL546,0.4,IC,(OP) Operating,Operating
2024-12,64797,GEN3,WAL546,0.4,IC,(OP) Operating,Operating
2024-12,64798,GEN1,WAL565,0.4,IC,(OP) Operating,Operating
2024-12,64798,GEN2,WAL565,0.4,IC,(OP) Operating,Operating
2024-12,64798,GEN3,WAL565,0.4,IC,(OP) Operating,Operating
2024-12,64799,GEN1,WAL602,0.4,IC,(OP) Operating,Operating
2024-12,64799,GEN2,WAL602,0.4,IC,(OP) Operating,Operating
2024-12,64799,GEN3,WAL602,0.4,IC,(OP) Operating,Operating
2024-12,64800,GEN1,WAL744,0.4,IC,(OP) Operating,Operating
2024-12,64800,GEN2,WAL744,0.4,IC,(OP) Operating,Operating
2024-12,64800,GEN3,WAL744,0.4,IC,(OP) Operating,Operating
2024-12,64801,GEN1,WAL752,0.4,IC,(OP) Operating,Operating
2024-12,64801,GEN2,WAL752,0.4,IC,(OP) Operating,Operating
2024-12,64801,GEN3,WAL752,0.4,IC,(OP) Operating,Operating
2024-12,64802,GEN1,WAL768,0.4,IC,(OP) Operating,Operating
2024-12,64802,GEN2,WAL768,0.4,IC,(OP) Operating,Operating
2024-12,64802,GEN3,WAL768,0.4,IC,(OP) Operating,Operating
2024-12,64803,GEN1,WAL772,0.4,IC,(OP) Operating,Operating
2024-12,64803,GEN2,WAL772,0.4,IC,(OP) Operating,Operating
2024-12,64803,GEN3,WAL772,0.4,IC,(OP) Operating,Operating
2024-12,64804,GEN1,WAL791,0.4,IC,(OP) Operating,Operating
2024-12,64804,GEN2,WAL791,0.4,IC,(OP) Operating,Operating
2024-12,64804,GEN3,WAL791,0.4,IC,(OP) Operating,Operating
2024-12,64805,GEN1,WAL849,0.4,IC,(OP) Operating,Operating
2024-12,64805,GEN2,WAL849,0.4,IC,(OP) Operating,Operating
2024-12,64805,GEN3,WAL849,0.4,IC,(OP) Operating,Operating
2024-12,64806,GEN1,WAL872,0.4,IC,(OP) Operating,Operating
2024-12,64806,GEN2,WAL872,0.4,IC,(OP) Operating,Operating
2024-12,64806,GEN3,WAL872,0.4,IC,(OP) Operating,Operating
2024-12,64807,GEN1,WAL896,0.4,IC,(OP) Operating,Operating
2024-12,64807,GEN2,WAL896,0.4,IC,(OP) Operating,Operating
2024-12,64807,GEN3,WAL896,0.4,IC,(OP) Operating,Operating
2024-12,64808,GEN1,WAL897,1.3,IC,(OP) Operating,Operating
2024-12,64809,GEN1,WAL940,0.4,IC,(OP) Operating,Operating
2024-12,64809,GEN2,WAL940,0.4,IC,(OP) Operating,Operating
2024-12,64809,GEN3,WAL940,0.4,IC,(OP) Operating,Operating
2024-12,64810,GEN1,WAL947,0.4,IC,(OP) Operating,Operating
2024-12,64810,GEN2,WAL947,0.4,IC,(OP) Operating,Operating
2024-12,64810,GEN3,WAL947,0.4,IC,(OP) Operating,Operating
2024-12,64812,GEN1,WAL972,0.4,IC,(OP) Operating,Operating
2024-12,64812,GEN2,WAL972,0.4,IC,(OP) Operating,Operating
2024-12,64812,GEN3,WAL972,0.4,IC,(OP) Operating,Operating
2024-12,64813,GEN1,WAL1040,0.4,IC,(OP) Operating,Operating
2024-12,64813,GEN2,WAL1040,0.4,IC,(OP) Operating,Operating
2024-12,64813,GEN3,WAL1040,0.4,IC,(OP) Operating,Operating
2024-12,64814,GEN1,WAL1062,0.4,IC,(OP) Operating,Operating
2024-12,64814,GEN2,WAL1062,0.4,IC,(OP) Operating,Operating
2024-12,64814,GEN3,WAL1062,0.4,IC,(OP) Operating,Operating
2024-12,64815,GEN1,WAL1103,0.4,IC,(OP) Operating,Operating
2024-12,64815,GEN2,WAL1103,0.4,IC,(OP) Operating,Operating
2024-12,64815,GEN3,WAL1103,0.4,IC,(OP) Operating,Operating
2024-12,64816,GEN1,WAL1232,0.4,IC,(OP) Operating,Operating
2024-12,64816,GEN2,WAL1232,0.4,IC,(OP) Operating,Operating
2024-12,64816,GEN3,WAL1232,0.4,IC,(OP) Operating,Operating
2024-12,64829,GEN1,WAL1272,0.4,IC,(OP) Operating,Operating
2024-12,64829,GEN2,WAL1272,0.4,IC,(OP) Operating,Operating
2024-12,64829,GEN3,WAL1272,0.4,IC,(OP) Operating,Operating
2024-12,64883,GEN1,WAL1455,0.4,IC,(OP) Operating,Operating
2024-12,64883,GEN2,WAL1455,0.4,IC,(OP) Operating,Operating
2024-12,64883,GEN3,WAL1455,0.4,IC,(OP) Operating,Operating
2024-12,64884,GEN1,WAL1801,0.4,IC,(OP) Operating,Operating
2024-12,64884,GEN2,WAL1801,0.4,IC,(OP) Operating,Operating
2024-12,64884,GEN3,WAL1801,0.4,IC,(OP) Operating,Operating
2024-12,64885,GEN1,WAL2257,0.4,IC,(OP) Operating,Operating
2024-12,64885,GEN2,WAL2257,0.4,IC,(OP) Operating,Operating
2024-12,64885,GEN3,WAL2257,0.4,IC,(OP) Operating,Operating
2024-12,64886,GEN1,WAL2439,0.4,IC,(OP) Operating,Operating
2024-12,64886,GEN2,WAL2439,0.4,IC,(OP) Operating,Operating
2024-12,64886,GEN3,WAL2439,0.4,IC,(OP) Operating,Operating
2024-12,64887,GEN1,WAL2667,0.4,IC,(OP) Operating,Operating
2024-12,64887,GEN2,WAL2667,0.4,IC,(OP) Operating,Operating
2024-12,64887,GEN3,WAL2667,0.4,IC,(OP) Operating,Operating
2024-12,64888,GEN1,WAL2724,0.4,IC,(OP) Operating,Operating
2024-12,64888,GEN2,WAL2724,0.4,IC,(OP) Operating,Operating
2024-12,64888,GEN3,WAL2724,0.4,IC,(OP) Operating,Operating
2024-12,64889,GEN1,WAL2883,0.4,IC,(OP) Operating,Operating
2024-12,64889,GEN2,WAL2883,0.4,IC,(OP) Operating,Operating
2024-12,64889,GEN3,WAL2883,0.4,IC,(OP) Operating,Operating
2024-12,64890,GEN1,WAL2980,0.4,IC,(OP) Operating,Operating
2024-12,64890,GEN2,WAL2980,0.4,IC,(OP) Operating,Operating
2024-12,64890,GEN3,WAL2980,0.4,IC,(OP) Operating,Operating
2024-12,64891,GEN1,WAL2993,0.4,IC,(OP) Operating,Operating
2024-12,64891,GEN2,WAL2993,0.4,IC,(OP) Operating,Operating
2024-12,64891,GEN3,WAL2993,0.4,IC,(OP) Operating,Operating
2024-12,64893,GEN1,WAL3224,0.4,IC,(OP) Operating,Operating
2024-12,64893,GEN2,WAL3224,0.4,IC,(OP) Operating,Operating
2024-12,64893,GEN3,WAL3224,0.4,IC,(OP) Operating,Operating
2024-12,64895,GEN1,WAL3226,0.4,IC,(OP) Operating,Operating
2024-12,64895,GEN2,WAL3226,0.4,IC,(OP) Operating,Operating
2024-12,64895,GEN3,WAL3226,0.4,IC,(OP) Operating,Operating
2024-12,64896,GEN1,WAL3284,0.4,IC,(OP) Operating,Operating
2024-12,64896,GEN2,WAL3284,0.4,IC,(OP) Operating,Operating
2024-12,64896,GEN3,WAL3284,0.4,IC,(OP) Operating,Operating
2024-12,64897,GEN1,WAL3285,0.4,IC,(OP) Operating,Operating
2024-12,64897,GEN2,WAL3285,0.4,IC,(OP) Operating,Operating
2024-12,64897,GEN3,WAL3285,0.4,IC,(OP) Operating,Operating
2024-12,64898,GEN1,WAL3297,0.4,IC,(OP) Operating,Operating
2024-12,64898,GEN2,WAL3297,0.4,IC,(OP) Operating,Operating
2024-12,64898,GEN3,WAL3297,0.4,IC,(OP) Operating,Operating
2024-12,64899,GEN1,WAL3298,0.4,IC,(OP) Operating,Operating
2024-12,64899,GEN2,WAL3298,0.4,IC,(OP) Operating,Operating
2024-12,64899,GEN3,WAL3298,0.4,IC,(OP) Operating,Operating
2024-12,64900,GEN1,WAL3302,0.4,IC,(OP) Operating,Operating
2024-12,64900,GEN2,WAL3302,0.4,IC,(OP) Operating,Operating
2024-12,64900,GEN3,WAL3302,0.4,IC,(OP) Operating,Operating
2024-12,64901,GEN1,WAL3320,0.4,IC,(OP) Operating,Operating
2024-12,64901,GEN2,WAL3320,0.4,IC,(OP) Operating,Operating
2024-12,64901,GEN3,WAL3320,0.4,IC,(OP) Operating,Operating
2024-12,64902,GEN1,WAL3390,0.4,IC,(OP) Operating,Operating
2024-12,64902,GEN2,WAL3390,0.4,IC,(OP) Operating,Operating
2024-12,64902,GEN3,WAL3390,0.4,IC,(OP) Operating,Operating
2024-12,64922,GEN1,WAL3406,0.4,IC,(OP) Operating,Operating
2024-12,64922,GEN2,WAL3406,0.4,IC,(OP) Operating,Operating
2024-12,64922,GEN3,WAL3406,0.4,IC,(OP) Operating,Operating
2024-12,64923,GEN1,WAL3425,0.4,IC,(OP) Operating,Operating
2024-12,64923,GEN2,WAL3425,0.4,IC,(OP) Operating,Operating
2024-12,64923,GEN3,WAL3425,0.4,IC,(OP) Operating,Operating
2024-12,64924,GEN1,WAL3432,0.4,IC,(OP) Operating,Operating
2024-12,64924,GEN2,WAL3432,0.4,IC,(OP) Operating,Operating
2024-12,64924,GEN3,WAL3432,0.4,IC,(OP) Operating,Operating
2024-12,64925,GEN1,WAL3500,0.4,IC,(OP) Operating,Operating
2024-12,64925,GEN2,WAL3500,0.4,IC,(OP) Operating,Operating
2024-12,64925,GEN3,WAL3500,0.4,IC,(OP) Operating,Operating
2024-12,64926,GEN1,WAL3510,1.3,IC,(OP) Operating,Operating
2024-12,64933,GEN1,WAL3518,0.4,IC,(OP) Operating,Operating
2024-12,64933,GEN2,WAL3518,0.4,IC,(OP) Operating,Operating
2024-12,64933,GEN3,WAL3518,0.4,IC,(OP) Operating,Operating
2024-12,64934,GEN1,WAL3572,1.3,IC,(OP) Operating,Operating
2024-12,64935,GEN1,WAL3584,0.4,IC,(OP) Operating,Operating
2024-12,64935,GEN2,WAL3584,0.4,IC,(OP) Operating,Operating
2024-12,64935,GEN3,WAL3584,0.4,IC,(OP) Operating,Operating
2024-12,64936,GEN1,WAL3631,0.4,IC,(OP) Operating,Operating
2024-12,64936,GEN2,WAL3631,0.4,IC,(OP) Operating,Operating
2024-12,64936,GEN3,WAL3631,0.4,IC,(OP) Operating,Operating
2024-12,64937,GEN1,WAL3773,0.4,IC,(OP) Operating,Operating
2024-12,64937,GEN2,WAL3773,0.4,IC,(OP) Operating,Operating
2024-12,64937,GEN3,WAL3773,0.4,IC,(OP) Operating,Operating
2024-12,64939,GEN1,WAL3827,0.4,IC,(OP) Operating,Operating
2024-12,64939,GEN2,WAL3827,0.4,IC,(OP) Operating,Operating
2024-12,64939,GEN3,WAL3827,0.4,IC,(OP) Operating,Operating
2024-12,64940,GEN1,WAL3886,0.4,IC,(OP) Operating,Operating
2024-12,64940,GEN2,WAL3886,0.4,IC,(OP) Operating,Operating
2024-12,64940,GEN3,WAL3886,0.4,IC,(OP) Operating,Operating
2024-12,64942,GEN1,WAL4298,0.4,IC,(OP) Operating,Operating
2024-12,64942,GEN2,WAL4298,0.4,IC,(OP) Operating,Operating
2024-12,64942,GEN3,WAL4298,0.4,IC,(OP) Operating,Operating
2024-12,64943,GEN1,WAL4509,0.4,IC,(OP) Operating,Operating
2024-12,64943,GEN2,WAL4509,0.4,IC,(OP) Operating,Operating
2024-12,64943,GEN3,WAL4509,0.4,IC,(OP) Operating,Operating
2024-12,64944,GEN1,WAL4512,0.4,IC,(OP) Operating,Operating
2024-12,64944,GEN2,WAL4512,0.4,IC,(OP) Operating,Operating
2024-12,64944,GEN3,WAL4512,0.4,IC,(OP) Operating,Operating
2024-12,64945,GEN1,WAL4526,0.4,IC,(OP) Operating,Operating
2024-12,64945,GEN2,WAL4526,0.4,IC,(OP) Operating,Operating
2024-12,64945,GEN3,WAL4526,0.4,IC,(OP) Operating,Operating
2024-12,64946,GEN1,WAL4538,0.4,IC,(OP) Operating,Operating
2024-12,64946,GEN2,WAL4538,0.4,IC,(OP) Operating,Operating
2024-12,64946,GEN3,WAL4538,0.4,IC,(OP) Operating,Operating
2024-12,64947,GEN1,WAL5045,0.4,IC,(OP) Operating,Operating
2024-12,64947,GEN2,WAL5045,0.4,IC,(OP) Operating,Operating
2024-12,64947,GEN3,WAL5045,0.4,IC,(OP) Operating,Operating
2024-12,64948,GEN1,WAL5080,0.4,IC,(OP) Operating,Operating
2024-12,64948,GEN2,WAL5080,0.4,IC,(OP) Operating,Operating
2024-12,64948,GEN3,WAL5080,0.4,IC,(OP) Operating,Operating
2024-12,64949,GEN1,WAL5091,0.4,IC,(OP) Operating,Operating
2024-12,64949,GEN2,WAL5091,0.4,IC,(OP) Operating,Operating
2024-12,64949,GEN3,WAL5091,0.4,IC,(OP) Operating,Operating
2024-12,64950,GEN1,WAL5116,0.4,IC,(OP) Operating,Operating
2024-12,64950,GEN2,WAL5116,0.4,IC,(OP) Operating,Operating
2024-12,64950,GEN3,WAL5116,0.4,IC,(OP) Operating,Operating
2024-12,64951,GEN1,WAL5165,0.4,IC,(OP) Operating,Operating
2024-12,64951,GEN2,WAL5165,0.4,IC,(OP) Operating,Operating
2024-12,64951,GEN3,WAL5165,0.4,IC,(OP) Operating,Operating
2024-12,64953,GE N3,WAL5287,0.4,IC,(OP) Operating,Operating
2024-12,64953,GEN1,WAL5287,0.4,IC,(OP) Operating,Operating
2024-12,64953,GEN2,WAL5287,0.4,IC,(OP) Operating,Operating
2024-12,64955,GEN1,WAL5312,0.4,IC,(OP) Operating,Operating
2024-12,64955,GEN2,WAL5312,0.4,IC,(OP) Operating,Operating
2024-12,64955,GEN3,WAL5312,0.4,IC,(OP) Operating,Operating
2024-12,64956,GEN1,WAL5316,0.4,IC,(OP) Operating,Operating
2024-12,64956,GEN2,WAL5316,0.4,IC,(OP) Operating,Operating
2024-12,64956,GEN3,WAL5316,0.4,IC,(OP) Operating,Operating
2024-12,64957,GEN1,WAL5388,1.3,IC,(OP) Operating,Operating
2024-12,64958,GEN1,WAL5479,0.4,IC,(OP) Operating,Operating
2024-12,64958,GEN2,WAL5479,0.4,IC,(OP) Operating,Operating
2024-12,64958,GEN3,WAL5479,0.4,IC,(OP) Operating,Operating
2024-12,64959,GEN1,WAL5480,0.4,IC,(OP) Operating,Operating
2024-12,64959,GEN2,WAL5480,0.4,IC,(OP) Operating,Operating
2024-12,64959,GEN3,WAL5480,0.4,IC,(OP) Operating,Operating
2024-12,64960,GEN1,WAL5612,0.4,IC,(OP) Operating,Operating
2024-12,64960,GEN2,WAL5612,0.4,IC,(OP) Operating,Operating
2024-12,64960,GEN3,WAL5612,0.4,IC,(OP) Operating,Operating
2024-12,64961,GEN1,WAL5713,0.4,IC,(OP) Operating,Operating
2024-12,64961,GEN2,WAL5713,0.4,IC,(OP) Operating,Operating
2024-12,64961,GEN3,WAL5713,0.4,IC,(OP) Operating,Operating
2024-12,64962,GEN1,WAL5764,0.4,IC,(OP) Operating,Operating
2024-12,64962,GEN2,WAL5764,0.4,IC,(OP) Operating,Operating
2024-12,64962,GEN3,WAL5764,0.4,IC,(OP) Operating,Operating
2024-12,64963,GEN1,WAL6929,0.4,IC,(OP) Operating,Operating
2024-12,64963,GEN2,WAL6929,0.4,IC,(OP) Operating,Operating
2024-12,64963,GEN3,WAL6929,0.4,IC,(OP) Operating,Operating
2024-12,65026,H2921,HEB00292,0.4,IC,(OP) Operating,Operating
2024-12,65026,H2922,HEB00292,0.4,IC,(OP) Operating,Operating
2024-12,65026,H2923,HEB00292,0.4,IC,(OP) Operating,Operating
2024-12,65261,H0201,HEB00020,0.4,IC,(OP) Operating,Operating
2024-12,65261,H0202,HEB00020,0.4,IC,(OP) Operating,Operating
2024-12,65261,H0203,HEB00020,0.4,IC,(OP) Operating,Operating
2024-12,65262,H0281,HEB00028,0.4,IC,(OP) Operating,Operating
2024-12,65262,H0282,HEB00028,0.4,IC,(OP) Operating,Operating
2024-12,65262,H0283,HEB00028,0.4,IC,(OP) Operating,Operating
2024-12,65263,H0381,HEB00038,0.4,IC,(OP) Operating,Operating
2024-12,65263,H0382,HEB00038,0.4,IC,(OP) Operating,Operating
2024-12,65263,H0383,HEB00038,0.4,IC,(OP) Operating,Operating
2024-12,65264,H0541,HEB00054,0.4,IC,(OP) Operating,Operating
2024-12,65264,H0542,HEB00054,0.4,IC,(OP) Operating,Operating
2024-12,65264,H0543,HEB00054,0.4,IC,(OP) Operating,Operating
2024-12,65265,H0571,HEB00057,0.4,IC,(OP) Operating,Operating
2024-12,65265,H0572,HEB00057,0.4,IC,(OP) Operating,Operating
2024-12,65265,H0573,HEB00057,0.4,IC,(OP) Operating,Operating
2024-12,65266,H0701,HEB00070,0.4,IC,(OP) Operating,Operating
2024-12,65266,H0702,HEB00070,0.4,IC,(OP) Operating,Operating
2024-12,65266,H0703,HEB00070,0.4,IC,(OP) Operating,Operating
2024-12,65267,H0991,HEB00099,0.4,IC,(OP) Operating,Operating
2024-12,65267,H0992,HEB00099,0.4,IC,(OP) Operating,Operating
2024-12,65267,H0993,HEB00099,0.4,IC,(OP) Operating,Operating
2024-12,65268,H1091,HEB00109,0.4,IC,(OP) Operating,Operating
2024-12,65268,H1092,HEB00109,0.4,IC,(OP) Operating,Operating
2024-12,65268,H1093,HEB00109,0.4,IC,(OP) Operating,Operating
2024-12,65269,H1101,HEB00110,0.4,IC,(OP) Operating,Operating
2024-12,65269,H1102,HEB00110,0.4,IC,(OP) Operating,Operating
2024-12,65269,H1103,HEB00110,0.4,IC,(OP) Operating,Operating
2024-12,65274,H1821,HEB00182,0.4,IC,(OP) Operating,Operating
2024-12,65274,H1822,HEB00182,0.4,IC,(OP) Operating,Operating
2024-12,65274,H1823,HEB00182,0.4,IC,(OP) Operating,Operating
2024-12,65372,CTG-1,Mark One Power Station,60.5,GT,(OP) Operating,Operating
2024-12,65372,CTG-2,Mark One Power Station,60.5,GT,(OP) Operating,Operating
2024-12,65372,CTG-3,Mark One Power Station,60.5,GT,(OP) Operating,Operating
2024-12,65372,CTG-4,Mark One Power Station,60.5,GT,(OP) Operating,Operating
2024-12,65372,CTG-5,Mark One Power Station,60.5,GT,(OP) Operating,Operating
2024-12,65372,CTG-6,Mark One Power Station,60.5,GT,(OP) Operating,Operating
2024-12,65373,CTG-1,Brotman Power Station,60.5,GT,(OP) Operating,Operating
2024-12,65373,CTG-2,Brotman Power Station,60.5,GT,(OP) Operating,Operating
2024-12,65373,CTG-3,Brotman Power Station,60.5,GT,(OP) Operating,Operating
2024-12,65373,CTG-4,Brotman Power Station,60.5,GT,(OP) Operating,Operating
2024-12,65373,CTG-5,Brotman Power Station,60.5,GT,(OP) Operating,Operating
2024-12,65373,CTG-6,Brotman Power Station,60.5,GT,(OP) Operating,Operating
2024-12,65373,CTG-7,Brotman Power Station,60.5,GT,(OP) Operating,Operating
2024-12,65373,CTG-8,Brotman Power Station,60.5,GT,(OP) Operating,Operating
2024-12,66549,H0631,HEB00063,0.4,IC,(OP) Operating,Operating
2024-12,66549,H0632,HEB00063,0.4,IC,(OP) Operating,Operating
2024-12,66549,H0633,HEB00063,0.4,IC,(OP) Operating,Operating
2024-12,66549,H0634,HEB00063,0.4,IC,(OP) Operating,Operating
2024-12,66550,H0691,HEB00069,0.4,IC,(OP) Operating,Operating
2024-12,66550,H0692,HEB00069,0.4,IC,(OP) Operating,Operating
2024-12,66550,H0693,HEB00069,0.4,IC,(OP) Operating,Operating
2024-12,66550,H0694,HEB00069,0.4,IC,(OP) Operating,Operating
2024-12,66561,B0401,BUC00040,0.4,IC,(OP) Operating,Operating
2024-12,66561,B0402,BUC00040,0.4,IC,(OP) Operating,Operating
2024-12,66561,B0403,BUC00040,0.4,IC,(OP) Operating,Operating
2024-12,66561,B0404,BUC00040,0.4,IC,(OP) Operating,Operating
2024-12,66562,H5911,HEB00591,0.4,IC,(OP) Operating,Operating
2024-12,66562,H5912,HEB00591,0.4,IC,(OP) Operating,Operating
2024-12,66562,H5913,HEB00591,0.4,IC,(OP) Operating,Operating
2024-12,66562,H5914,HEB00591,0.4,IC,(OP) Operating,Operating
2024-12,66563,H0921,HEB00092,0.4,IC,(OP) Operating,Operating
2024-12,66563,H0922,HEB00092,0.4,IC,(OP) Operating,Operating
2024-12,66563,H0923,HEB00092,0.4,IC,(OP) Operating,Operating
2024-12,66563,H0924,HEB00092,0.4,IC,(OP) Operating,Operating
2024-12,66564,H0951,HEB00095,0.4,IC,(OP) Operating,Operating
2024-12,66564,H0952,HEB00095,0.4,IC,(OP) Operating,Operating
2024-12,66564,H0953,HEB00095,0.4,IC,(OP) Operating,Operating
2024-12,66564,H0954,HEB00095,0.4,IC,(OP) Operating,Operating
2024-12,66565,HCCB1,HEBCCBakery,0.4,IC,(OP) Operating,Operating
2024-12,66565,HCCB2,HEBCCBakery,0.4,IC,(OP) Operating,Operating
2024-12,66565,HCCB3,HEBCCBakery,0.4,IC,(OP) Operating,Operating
2024-12,66565,HCCB4,HEBCCBakery,0.4,IC,(OP) Operating,Operating
2024-12,66565,HCCB5,HEBCCBakery,0.4,IC,(OP) Operating,Operating
2024-12,66565,HCCB6,HEBCCBakery,0.4,IC,(OP) Operating,Operating
2024-12,66565,HCCB7,HEBCCBakery,0.4,IC,(OP) Operating,Operating
2024-12,66565,HCCB8,HEBCCBakery,0.4,IC,(OP) Operating,Operating
2024-12,66566,HSNP1,HEBSnackPlant,0.4,IC,(OP) Operating,Operating
2024-12,66566,HSNP2,HEBSnackPlant,0.4,IC,(OP) Operating,Operating
2024-12,66566,HSNP3,HEBSnackPlant,0.4,IC,(OP) Operating,Operating
2024-12,66566,HSNP4,HEBSnackPlant,0.4,IC,(OP) Operating,Operating
2024-12,66567,HDC10,HEBHoustonDistributionCenter,0.4,IC,(OP) Operating,Operating
2024-12,66567,HDC11,HEBHoustonDistributionCenter,0.4,IC,(OP) Operating,Operating
2024-12,66567,HDC12,HEBHoustonDistributionCenter,0.4,IC,(OP) Operating,Operating
2024-12,66567,HDC13,HEBHoustonDistributionCenter,0.4,IC,(OP) Operating,Operating
2024-12,66567,HDC14,HEBHoustonDistributionCenter,0.4,IC,(OP) Operating,Operating
2024-12,66567,HDC15,HEBHoustonDistributionCenter,0.4,IC,(OP) Operating,Operating
2024-12,66567,HDC16,HEBHoustonDistributionCenter,0.4,IC,(OP) Operating,Operating
2024-12,66567,HDC17,HEBHoustonDistributionCenter,0.4,IC,(OP) Operating,Operating
2024-12,66567,HDC18,HEBHoustonDistributionCenter,0.4,IC,(OP) Operating,Operating
2024-12,66567,HDC19,HEBHoustonDistributionCenter,0.4,IC,(OP) Operating,Operating
2024-12,66567,HDC20,HEBHoustonDistributionCenter,0.4,IC,(OP) Operating,Operating
2024-12,66567,HDC21,HEBHoustonDistributionCenter,0.4,IC,(OP) Operating,Operating
2024-12,66567,HDC22,HEBHoustonDistributionCenter,0.4,IC,(OP) Operating,Operating
2024-12,66567,HDC23,HEBHoustonDistributionCenter,0.4,IC,(OP) Operating,Operating
2024-12,66567,HDC24,HEBHoustonDistributionCenter,0.4,IC,(OP) Operating,Operating
2024-12,66567,HDC25,HEBHoustonDistributionCenter,0.4,IC,(OP) Operating,Operating
2024-12,66567,HDC26,HEBHoustonDistributionCenter,0.4,IC,(OP) Operating,Operating
2024-12,66567,HDC27,HEBHoustonDistributionCenter,0.4,IC,(OP) Operating,Operating
2024-12,66567,HDC28,HEBHoustonDistributionCenter,0.4,IC,(OP) Operating,Operating
2024-12,66567,HDC29,HEBHoustonDistributionCenter,0.4,IC,(OP) Operating,Operating
2024-12,66567,HDC30,HEBHoustonDistributionCenter,0.4,IC,(OP) Operating,Operating
2024-12,66567,HDC31,HEBHoustonDistributionCenter,0.4,IC,(OP) Operating,Operating
2024-12,66567,HDC32,HEBHoustonDistributionCenter,0.4,IC,(OP) Operating,Operating
2024-12,66567,HHDC1,HEBHoustonDistributionCenter,0.4,IC,(OP) Operating,Operating
2024-12,66567,HHDC2,HEBHoustonDistributionCenter,0.4,IC,(OP) Operating,Operating
2024-12,66567,HHDC3,HEBHoustonDistributionCenter,0.4,IC,(OP) Operating,Operating
2024-12,66567,HHDC4,HEBHoustonDistributionCenter,0.4,IC,(OP) Operating,Operating
2024-12,66567,HHDC5,HEBHoustonDistributionCenter,0.4,IC,(OP) Operating,Operating
2024-12,66567,HHDC6,HEBHoustonDistributionCenter,0.4,IC,(OP) Operating,Operating
2024-12,66567,HHDC7,HEBHoustonDistributionCenter,0.4,IC,(OP) Operating,Operating
2024-12,66567,HHDC8,HEBHoustonDistributionCenter,0.4,IC,(OP) Operating,Operating
2024-12,66567,HHDC9,HEBHoustonDistributionCenter,0.4,IC,(OP) Operating,Operating
2024-12,66593,H0481,HEB00048,0.4,IC,(OP) Operating,Operating
2024-12,66593,H0482,HEB00048,0.4,IC,(OP) Operating,Operating
2024-12,66593,H0483,HEB00048,0.4,IC,(OP) Operating,Operating
2024-12,66594,H5941,HEB00594,0.4,IC,(OP) Operating,Operating
2024-12,66594,H5942,HEB00594,0.4,IC,(OP) Operating,Operating
2024-12,66594,H5943,HEB00594,0.4,IC,(OP) Operating,Operating
2024-12,66595,FLD10,FTBLID2,0.4,IC,(OP) Operating,Operating
2024-12,66595,FLD11,FTBLID2,0.4,IC,(OP) Operating,Operating
2024-12,66595,FLD12,FTBLID2,0.4,IC,(OP) Operating,Operating
2024-12,66595,FLD13,FTBLID2,0.4,IC,(OP) Operating,Operating
2024-12,66595,FLD14,FTBLID2,0.4,IC,(OP) Operating,Operating
2024-12,66595,FLD15,FTBLID2,0.4,IC,(OP) Operating,Operating
2024-12,66595,FLD16,FTBLID2,0.4,IC,(OP) Operating,Operating
2024-12,66595,FLD17,FTBLID2,0.4,IC,(OP) Operating,Operating
2024-12,66595,FLD18,FTBLID2,0.4,IC,(OP) Operating,Operating
2024-12,66595,FLD19,FTBLID2,0.4,IC,(OP) Operating,Operating
2024-12,66595,FLD20,FTBLID2,0.4,IC,(OP) Operating,Operating
2024-12,66595,FLD21,FTBLID2,0.4,IC,(OP) Operating,Operating
2024-12,66595,FLD22,FTBLID2,0.4,IC,(OP) Operating,Operating
2024-12,66595,FLD23,FTBLID2,0.4,IC,(OP) Operating,Operating
2024-12,66595,FLD24,FTBLID2,0.4,IC,(OP) Operating,Operating
2024-12,66595,FLD25,FTBLID2,0.4,IC,(OP) Operating,Operating
2024-12,66595,FLD26,FTBLID2,0.4,IC,(OP) Operating,Operating
2024-12,66595,FLD27,FTBLID2,0.4,IC,(OP) Operating,Operating
2024-12,66595,FLD28,FTBLID2,0.4,IC,(OP) Operating,Operating
2024-12,66595,FLID1,FTBLID2,0.4,IC,(OP) Operating,Operating
2024-12,66595,FLID2,FTBLID2,0.4,IC,(OP) Operating,Operating
2024-12,66595,FLID3,FTBLID2,0.4,IC,(OP) Operating,Operating
2024-12,66595,FLID4,FTBLID2,0.4,IC,(OP) Operating,Operating
2024-12,66595,FLID5,FTBLID2,0.4,IC,(OP) Operating,Operating
2024-12,66595,FLID6,FTBLID2,0.4,IC,(OP) Operating,Operating
2024-12,66595,FLID7,FTBLID2,0.4,IC,(OP) Operating,Operating
2024-12,66595,FLID8,FTBLID2,0.4,IC,(OP) Operating,Operating
2024-12,66595,FLID9,FTBLID2,0.4,IC,(OP) Operating,Operating
2024-12,66596,PRAX1,Praxair,0.4,IC,(OP) Operating,Operating
2024-12,66596,PRAX2,Praxair,0.4,IC,(OP) Operating,Operating
2024-12,66596,PRAX3,Praxair,0.4,IC,(OP) Operating,Operating
2024-12,66597,RAVC1,RavenChem,0.4,IC,(OP) Operating,Operating
2024-12,66597,RAVC2,RavenChem,0.4,IC,(OP) Operating,Operating
2024-12,66597,RAVC3,RavenChem,0.4,IC,(OP) Operating,Operating
2024-12,66597,RAVC4,RavenChem,0.4,IC,(OP) Operating,Operating
2024-12,66597,RAVC5,RavenChem,0.4,IC,(OP) Operating,Operating
2024-12,66597,RAVC6,RavenChem,0.4,IC,(OP) Operating,Operating
2024-12,66597,RAVC7,RavenChem,0.4,IC,(OP) Operating,Operating
2024-12,66597,RAVC8,RavenChem,0.4,IC,(OP) Operating,Operating
2024-12,66604,CTG-1,Remy Jade Power Station,60.5,GT,(OP) Operating,Operating
2024-12,66604,CTG-2,Remy Jade Power Station,60.5,GT,(OP) Operating,Operating
2024-12,66604,CTG-3,Remy Jade Power Station,60.5,GT,(OP) Operating,Operating
2024-12,66604,CTG-4,Remy Jade Power Station,60.5,GT,(OP) Operating,Operating
2024-12,66604,CTG-5,Remy Jade Power Station,60.5,GT,(OP) Operating,Operating
2024-12,66604,CTG-6,Remy Jade Power Station,60.5,GT,(OP) Operating,Operating
2024-12,66604,CTG-7,Remy Jade Power Station,60.5,GT,(OP) Operating,Operating
2024-12,66604,CTG-8,Remy Jade Power Station,60.5,GT,(OP) Operating,Operating
2024-12,66612,H0851,HEB_CPS00085,0.4,IC,(OP) Operating,Operating
2024-12,66612,H0852,HEB_CPS00085,0.4,IC,(OP) Operating,Operating
2024-12,66612,H0853,HEB_CPS00085,0.4,IC,(OP) Operating,Operating
2024-12,66612,H0854,HEB_CPS00085,0.4,IC,(OP) Operating,Operating
2024-12,66613,SAD10,HEB_CPSSADC,0.4,IC,(OP) Operating,Operating
2024-12,66613,SAD11,HEB_CPSSADC,0.4,IC,(OP) Operating,Operating
2024-12,66613,SAD12,HEB_CPSSADC,0.4,IC,(OP) Operating,Operating
2024-12,66613,SAD13,HEB_CPSSADC,0.4,IC,(OP) Operating,Operating
2024-12,66613,SAD14,HEB_CPSSADC,0.4,IC,(OP) Operating,Operating
2024-12,66613,SAD15,HEB_CPSSADC,0.4,IC,(OP) Operating,Operating
2024-12,66613,SAD16,HEB_CPSSADC,0.4,IC,(OP) Operating,Operating
2024-12,66613,SADC1,HEB_CPSSADC,0.4,IC,(OP) Operating,Operating
2024-12,66613,SADC2,HEB_CPSSADC,0.4,IC,(OP) Operating,Operating
2024-12,66613,SADC3,HEB_CPSSADC,0.4,IC,(OP) Operating,Operating
2024-12,66613,SADC4,HEB_CPSSADC,0.4,IC,(OP) Operating,Operating
2024-12,66613,SADC5,HEB_CPSSADC,0.4,IC,(OP) Operating,Operating
2024-12,66613,SADC6,HEB_CPSSADC,0.4,IC,(OP) Operating,Operating
2024-12,66613,SADC7,HEB_CPSSADC,0.4,IC,(OP) Operating,Operating
2024-12,66613,SADC8,HEB_CPSSADC,0.4,IC,(OP) Operating,Operating
2024-12,66613,SADC9,HEB_CPSSADC,0.4,IC,(OP) Operating,Operating
2024-12,66614,CTZH1,OTHERCitizensHospital,0.4,IC,(OP) Operating,Operating
2024-12,66614,CTZH2,OTHERCitizensHospital,0.4,IC,(OP) Operating,Operating
2024-12,66614,CTZH3,OTHERCitizensHospital,0.4,IC,(OP) Operating,Operating
2024-12,66614,CTZH4,OTHERCitizensHospital,0.4,IC,(OP) Operating,Operating
2024-12,66614,CTZH5,OTHERCitizensHospital,0.4,IC,(OP) Operating,Operating
2024-12,66614,CTZH6,OTHERCitizensHospital,0.4,IC,(OP) Operating,Operating
2024-12,66614,CTZH7,OTHERCitizensHospital,0.4,IC,(OP) Operating,Operating
2024-12,67308,AB1,AbbVie Waco,0.4,IC,(OP) Operating,Operating
2024-12,67308,AB10,AbbVie Waco,0.4,IC,(OP) Operating,Operating
2024-12,67308,AB11,AbbVie Waco,0.4,IC,(OP) Operating,Operating
2024-12,67308,AB12,AbbVie Waco,0.4,IC,(OP) Operating,Operating
2024-12,67308,AB13,AbbVie Waco,0.4,IC,(OP) Operating,Operating
2024-12,67308,AB14,AbbVie Waco,0.4,IC,(OP) Operating,Operating
2024-12,67308,AB2,AbbVie Waco,0.4,IC,(OP) Operating,Operating
2024-12,67308,AB3,AbbVie Waco,0.4,IC,(OP) Operating,Operating
2024-12,67308,AB4,AbbVie Waco,0.4,IC,(OP) Operating,Operating
2024-12,67308,AB5,AbbVie Waco,0.4,IC,(OP) Operating,Operating
2024-12,67308,AB6,AbbVie Waco,0.4,IC,(OP) Operating,Operating
2024-12,67308,AB7,AbbVie Waco,0.4,IC,(OP) Operating,Operating
2024-12,67308,AB8,AbbVie Waco,0.4,IC,(OP) Operating,Operating
2024-12,67308,AB9,AbbVie Waco,0.4,IC,(OP) Operating,Operating
2024-12,67309,BEK1,OTHERBenEKDallas,0.4,IC,(OP) Operating,Operating
2024-12,67309,BEK2,OTHERBenEKDallas,0.4,IC,(OP) Operating,Operating
2024-12,67309,BEK3,OTHERBenEKDallas,0.4,IC,(OP) Operating,Operating
2024-12,67309,BEK4,OTHERBenEKDallas,0.4,IC,(OP) Operating,Operating
2024-12,67310,H0551,HEB00055,0.4,IC,(OP) Operating,Operating
2024-12,67310,H0552,HEB00055,0.4,IC,(OP) Operating,Operating
2024-12,67310,H0553,HEB00055,0.4,IC,(OP) Operating,Operating
2024-12,67311,H7601,HEB00760,0.4,IC,(OP) Operating,Operating
2024-12,67311,H7602,HEB00760,0.4,IC,(OP) Operating,Operating
2024-12,67311,H7603,HEB00760,0.4,IC,(OP) Operating,Operating
2024-12,67312,H7761,HEB00776,0.4,IC,(OP) Operating,Operating
2024-12,67312,H7762,HEB00776,0.4,IC,(OP) Operating,Operating
2024-12,67312,H7763,HEB00776,0.4,IC,(OP) Operating,Operating
2024-12,67313,H7891,HEB00789,0.4,IC,(OP) Operating,Operating
2024-12,67313,H7892,HEB00789,0.4,IC,(OP) Operating,Operating
2024-12,67313,H7893,HEB00789,0.4,IC,(OP) Operating,Operating
2024-12,67314,H7901,HEB00790,0.4,IC,(OP) Operating,Operating
2024-12,67314,H7902,HEB00790,0.4,IC,(OP) Operating,Operating
2024-12,67314,H7903,HEB00790,0.4,IC,(OP) Operating,Operating
2024-12,67315,H7961,HEB00796,0.4,IC,(OP) Operating,Operating
2024-12,67315,H7962,HEB00796,0.4,IC,(OP) Operating,Operating
2024-12,67315,H7963,HEB00796,0.4,IC,(OP) Operating,Operating
2024-12,67316,NFB1,OTHERNFBWA,0.4,IC,(OP) Operating,Operating
2024-12,67316,NFB2,OTHERNFBWA,0.4,IC,(OP) Operating,Operating
2024-12,67316,NFB3,OTHERNFBWA,0.4,IC,(OP) Operating,Operating
2024-12,67316,NFB4,OTHERNFBWA,0.4,IC,(OP) Operating,Operating
2024-12,67316,NFB5,OTHERNFBWA,0.4,IC,(OP) Operating,Operating
2024-12,67316,NFB6,OTHERNFBWA,0.4,IC,(OP) Operating,Operating
2024-12,67317,HTE10,HEBTEMDistCenter,0.4,IC,(OP) Operating,Operating
2024-12,67317,HTE11,HEBTEMDistCenter,0.4,IC,(OP) Operating,Operating
2024-12,67317,HTE12,HEBTEMDistCenter,0.4,IC,(OP) Operating,Operating
2024-12,67317,HTEM1,HEBTEMDistCenter,0.4,IC,(OP) Operating,Operating
2024-12,67317,HTEM2,HEBTEMDistCenter,0.4,IC,(OP) Operating,Operating
2024-12,67317,HTEM3,HEBTEMDistCenter,0.4,IC,(OP) Operating,Operating
2024-12,67317,HTEM4,HEBTEMDistCenter,0.4,IC,(OP) Operating,Operating
2024-12,67317,HTEM5,HEBTEMDistCenter,0.4,IC,(OP) Operating,Operating
2024-12,67317,HTEM6,HEBTEMDistCenter,0.4,IC,(OP) Operating,Operating
2024-12,67317,HTEM7,HEBTEMDistCenter,0.4,IC,(OP) Operating,Operating
2024-12,67317,HTEM8,HEBTEMDistCenter,0.4,IC,(OP) Operating,Operating
2024-12,67317,HTEM9,HEBTEMDistCenter,0.4,IC,(OP) Operating,Operating
2024-12,67318,TAM10,OTHERTexasA&M,0.4,IC,(OP) Operating,Operating
2024-12,67318,TAM11,OTHERTexasA&M,0.4,IC,(OP) Operating,Operating
2024-12,67318,TAM12,OTHERTexasA&M,0.4,IC,(OP) Operating,Operating
2024-12,67318,TAM13,OTHERTexasA&M,0.4,IC,(OP) Operating,Operating
2024-12,67318,TAM14,OTHERTexasA&M,0.4,IC,(OP) Operating,Operating
2024-12,67318,TAM15,OTHERTexasA&M,0.4,IC,(OP) Operating,Operating
2024-12,67318,TAM16,OTHERTexasA&M,0.4,IC,(OP) Operating,Operating
2024-12,67318,TAM17,OTHERTexasA&M,0.4,IC,(OP) Operating,Operating
2024-12,67318,TAM18,OTHERTexasA&M,0.4,IC,(OP) Operating,Operating
2024-12,67318,TAM19,OTHERTexasA&M,0.4,IC,(OP) Operating,Operating
2024-12,67318,TAM20,OTHERTexasA&M,0.4,IC,(OP) Operating,Operating
2024-12,67318,TAM21,OTHERTexasA&M,0.4,IC,(OP) Operating,Operating
2024-12,67318,TAM22,OTHERTexasA&M,0.4,IC,(OP) Operating,Operating
2024-12,67318,TAM23,OTHERTexasA&M,0.4,IC,(OP) Operating,Operating
2024-12,67318,TAM24,OTHERTexasA&M,0.4,IC,(OP) Operating,Operating
2024-12,67318,TAMU1,OTHERTexasA&M,0.4,IC,(OP) Operating,Operating
2024-12,67318,TAMU2,OTHERTexasA&M,0.4,IC,(OP) Operating,Operating
2024-12,67318,TAMU3,OTHERTexasA&M,0.4,IC,(OP) Operating,Operating
2024-12,67318,TAMU4,OTHERTexasA&M,0.4,IC,(OP) Operating,Operating
2024-12,67318,TAMU5,OTHERTexasA&M,0.4,IC,(OP) Operating,Operating
2024-12,67318,TAMU6,OTHERTexasA&M,0.4,IC,(OP) Operating,Operating
2024-12,67318,TAMU7,OTHERTexasA&M,0.4,IC,(OP) Operating,Operating
2024-12,67318,TAMU8,OTHERTexasA&M,0.4,IC,(OP) Operating,Operating
2024-12,67318,TAMU9,OTHERTexasA&M,0.4,IC,(OP) Operating,Operating
2024-12,67319,H7691,HEB00769,0.4,IC,(OP) Operating,Operating
2024-12,67319,H7692,HEB00769,0.4,IC,(OP) Operating,Operating
2024-12,67319,H7693,HEB00769,0.4,IC,(OP) Operating,Operating
2024-12,67381,CLFK1,OTHERTraditionClearfork,0.4,IC,(OP) Operating,Operating
2024-12,67381,CLFK2,OTHERTraditionClearfork,0.4,IC,(OP) Operating,Operating
2024-12,67381,CLFK3,OTHERTraditionClearfork,0.4,IC,(OP) Operating,Operating
2024-12,67433,H7941,HEB00794,0.4,IC,(OP) Operating,Operating
2024-12,67433,H7942,HEB00794,0.4,IC,(OP) Operating,Operating
2024-12,67433,H7943,HEB00794,0.4,IC,(OP) Operating,Operating
2024-12,67434,H7671,HEB00767,0.4,IC,(OP) Operating,Operating
2024-12,67434,H7672,HEB00767,0.4,IC,(OP) Operating,Operating
2024-12,67434,H7673,HEB00767,0.4,IC,(OP) Operating,Operating
2024-12,66335,G1,Maxwell Peaker Plant,18,IC,"(V) Under construction, more than 50 percent complete",Planned
2024-12,66335,G10,Maxwell Peaker Plant,18,IC,"(V) Under construction, more than 50 percent complete",Planned
2024-12,66335,G2,Maxwell Peaker Plant,18,IC,"(V) Under construction, more than 50 percent complete",Planned
2024-12,66335,G3,Maxwell Peaker Plant,18,IC,"(V) Under construction, more than 50 percent complete",Planned
2024-12,66335,G4,Maxwell Peaker Plant,18,IC,"(V) Under construction, more than 50 percent complete",Planned
2024-12,66335,G5,Maxwell Peaker Plant,18,IC,"(V) Under construction, more than 50 percent complete",Planned
2024-12,66335,G6,Maxwell Peaker Plant,18,IC,"(V) Under construction, more than 50 percent complete",Planned
2024-12,66335,G7,Maxwell Peaker Plant,18,IC,"(V) Under construction, more than 50 percent complete",Planned
2024-12,66335,G8,Maxwell Peaker Plant,18,IC,"(V) Under construction, more than 50 percent complete",Planned
2024-12,66335,G9,Maxwell Peaker Plant,18,IC,"(V) Under construction, more than 50 percent complete",Planned
2024-12,60910,NPLPS,NET Power La Porte Station,25.5,GT,(OT) Other,Planned
2024-12,66601,GT61,NRG THW GT Electric Generating Station,188.7,GT,"(U) Under construction, less than or equal to 50 percent complete",Planned
2024-12,66601,GT62,NRG THW GT Electric Generating Station,188.7,GT,"(U) Under construction, less than or equal to 50 percent complete",Planned
2024-12,66621,1A,Orange County Advanced Power Station,453,CT,(T) Regulatory approvals received. Not under construction,Planned
2024-12,66621,1B,Orange County Advanced Power Station,453,CT,(T) Regulatory approvals received. Not under construction,Planned
2024-12,66621,1C,Orange County Advanced Power Station,400,CA,(T) Regulatory approvals received. Not under construction,Planned
2024-12,67500,GT5,"FPEC, LLC",222,GT,(L) Regulatory approvals pending. Not under construction,Planned
2024-12,67500,GT6,"FPEC, LLC",222,GT,(L) Regulatory approvals pending. Not under construction,Planned
2024-12,58151,STG03,Central Utility Plant - Texas A&M,5,CA,"(P) Planned for installation, but regulatory approvals not initiated",Planned
2024-12,67742,SUGAR,Imperial Power Plant LLC,148,IC,"(P) Planned for installation, but regulatory approvals not initiated",Planned
2024-12,58930,CA1,FGE Texas II,265.2,CA,(T) Regulatory approvals received. Not under construction,Planned
2024-12,58930,GT1,FGE Texas II,238.9,CT,(T) Regulatory approvals received. Not under construction,Planned
2024-12,58930,GT2,FGE Texas II,238.9,CT,(T) Regulatory approvals received. Not under construction,Planned
2024-12,58931,CA1,FGE Texas I,265.2,CA,(T) Regulatory approvals received. Not under construction,Planned
2024-12,58931,GT1,FGE Texas I,238.9,CT,(T) Regulatory approvals received. Not under construction,Planned
2024-12,58931,GT2,FGE Texas I,238.9,CT,(T) Regulatory approvals received. Not under construction,Planned
2024-12,68417,1,Hallsville,225,GT,"(P) Planned for installation, but regulatory approvals not initiated",Planned
2024-12,68417,2,Hallsville,225,GT,"(P) Planned for installation, but regulatory approvals not initiated",Planned
2024-12,59924,CTG-1,Aegle Power,430,CT,"(P) Planned for installation, but regulatory approvals not initiated",Planned
2024-12,59924,CTG-2,Aegle Power,430,CT,"(P) Planned for installation, but regulatory approvals not initiated",Planned
2024-12,59924,STG-1,Aegle Power,422,CA,"(P) Planned for installation, but regulatory approvals not initiated",Planned
2024-12,68053,LEG,Legend Power Station,754,CC,(L) Regulatory approvals pending. Not under construction,Planned
2024-12,68273,1,Naples Power Plant,450,GT,"(P) Planned for installation, but regulatory approvals not initiated",Planned
2024-12,68273,2,Naples Power Plant,450,GT,"(P) Planned for installation, but regulatory approvals not initiated",Planned
2024-12,54748,G1,Port Neches Plant,38,GT,,Retired
2024-12,52120,G-37,Freeport Energy,75,GT,,Retired
2024-12,3485,3,Plant X,98,ST,,Retired
2024-12,3548,2,Decker Creek,405,ST,,Retired
2024-12,58151,STG04,Central Utility Plant - Texas A&M,5,CA,,Retired
2024-12,3631,1,Sam Rayburn,11.2,GT,,Retired
2024-12,3631,2,Sam Rayburn,11.2,GT,,Retired
2024-12,3548,1,Decker Creek,321,ST,,Retired
2024-12,3476,2,Knox Lee,38,ST,,Retired
2024-12,3476,3,Knox Lee,38,ST,,Retired
2024-12,3477,1,Lone Star,40,ST,,Retired
2024-12,55104,CTG1,Sabine Cogen,37.4,CT,,Retired
2024-12,55104,CTG2,Sabine Cogen,37.4,CT,,Retired
2024-12,55104,STG,Sabine Cogen,31.7,CA,,Retired
2024-12,57952,GEN1,Woodall Gas Plant,1,IC,,Retired
2024-12,57952,GEN2,Woodall Gas Plant,1,IC,,Retired
2024-12,57952,GEN3,Woodall Gas Plant,1,IC,,Retired
2024-12,52069,GEN1,Point Comfort Operations,16,ST,,Retired
2024-12,52069,GEN2,Point Comfort Operations,16,ST,,Retired
2024-12,52069,GEN3,Point Comfort Operations,16,ST,,Retired
2024-12,52069,GEN4,Point Comfort Operations,15.1,ST,,Retired
2024-12,54607,GEN1,University of Texas at Dallas,3.5,IC,,Retired
2024-12,55025,GEN2,Yates Gas Plant,2.8,GT,,Retired
2024-12,55025,GEN1,Yates Gas Plant,2.8,GT,,Retired
2024-12,3468,ST1,Sam Bertron,187.8,ST,,Retired
2024-12,3468,ST2,Sam Bertron,187.8,ST,,Retired
2024-12,10261,GEN1,Enterprise Products Operating,2.5,GT,,Retired
2024-12,10261,GEN2,Enterprise Products Operating,2.5,GT,,Retired
2024-12,3476,4,Knox Lee,74,ST,,Retired
2024-12,3464,5,Greens Bayou,446.4,ST,,Retired
2024-12,3468,3,Sam Bertron,225.3,ST,,Retired
2024-12,3468,4,Sam Bertron,225.3,ST,,Retired
2024-12,3468,GT2,Sam Bertron,16.3,GT,,Retired
2024-12,54458,BG3A,Benedum Plant,1,IC,,Retired
2024-12,54458,BG6,Benedum Plant,1,IC,,Retired
2024-12,59378,GEN1,Helios Plaza CHP Plant,4.6,GT,,Retired
2024-12,3630,1,Pearsall,22,ST,,Retired
2024-12,3630,2,Pearsall,22,ST,,Retired
2024-12,3630,3,Pearsall,22,ST,,Retired
2024-12,10741,G102,Clear Lake Cogeneration Ltd,129,CT,,Retired
2024-12,10741,G103,Clear Lake Cogeneration Ltd,129,CT,,Retired
2024-12,10741,G104,Clear Lake Cogeneration Ltd,129,CT,,Retired
2024-12,10741,S101,Clear Lake Cogeneration Ltd,51.9,CA,,Retired
2024-12,10741,S102,Clear Lake Cogeneration Ltd,14.3,CA,,Retired
2024-12,3459,2,Sabine,239.4,ST,,Retired
2024-12,54606,GEN1,University of Texas at San Antonio,3.4,IC,,Retired
2024-12,3559,5,Silas Ray,24,ST,,Retired
2024-12,3494,5,Permian Basin,114.9,ST,,Retired
2024-12,3494,6,Permian Basin,535.5,ST,,Retired
2024-12,3604,4,J Robert Massengale,11.5,ST,,Retired
2024-12,3604,5,J Robert Massengale,11.5,ST,,Retired
2024-12,3508,1,Valley (TX),198.9,ST,,Retired
2024-12,3508,2,Valley (TX),580.5,ST,,Retired
2024-12,3508,3,Valley (TX),396,ST,,Retired
2024-12,10298,GEN2,Bayou Cogen Plant,75,GT,,Retired
2024-12,10298,GEN4,Bayou Cogen Plant,79.6,GT,,Retired
2024-12,3502,ST1,Lake Creek,79.6,ST,,Retired
2024-12,3502,ST2,Lake Creek,236,ST,,Retired
2024-12,3627,1,North Texas,16.5,ST,,Retired
2024-12,3627,2,North Texas,16.5,ST,,Retired
2024-12,50153,GTG,Texas City Plant Union Carbide,40,GT,,Retired
2024-12,52108,GEN1,Valero Energy Port Arthur Refinery,17.2,CT,,Retired
2024-12,52108,GEN2,Valero Energy Port Arthur Refinery,13.7,GT,,Retired
2024-12,10298,GEN3,Bayou Cogen Plant,75,GT,,Retired
2024-12,3561,3,Bryan (TX),13,ST,,Retired
2024-12,3561,4,Bryan (TX),24,ST,,Retired
2024-12,3561,5,Bryan (TX),25,ST,,Retired
2024-12,3561,6,Bryan (TX),54,ST,,Retired
2024-12,10298,GEN1,Bayou Cogen Plant,75,GT,,Retired
2024-12,8063,1,DeCordova Steam Electric Station,799.2,ST,,Retired
2024-12,3483,3,Moore County,49,ST,,Retired
2024-12,4937,1,Thomas C Ferguson,446,ST,,Retired
2024-12,3609,3,Leon Creek,75,ST,,Retired
2024-12,3609,4,Leon Creek,113.7,ST,,Retired
2024-12,56373,DOMG1,Domain Integrated Energy System,5,GT,,Retired
2024-12,50263,GEN1,Southwest Texas State University,6,IC,,Retired
2024-12,10638,GEN1,Pasadena,6.5,GT,,Retired
2024-12,3487,6,Riverview,28.6,GT,,Retired
2024-12,3489,1,Eagle Mountain,122.5,ST,,Retired
2024-12,3489,2,Eagle Mountain,187.5,ST,,Retired
2024-12,3489,3,Eagle Mountain,396.1,ST,,Retired
2024-12,3602,GT1,Ty Cooke,12.5,GT,,Retired
2024-12,3631,3,Sam Rayburn,25,ST,,Retired
2024-12,50615,GT01,TXU Sweetwater Generating Plant,45,CT,,Retired
2024-12,50615,GT02,TXU Sweetwater Generating Plant,99,CT,,Retired
2024-12,50615,GT03,TXU Sweetwater Generating Plant,99,CT,,Retired
2024-12,55309,GEN2,Air Products Port Arthur,3,CA,,Retired
2024-12,3492,5,Morgan Creek,170.4,ST,,Retired
2024-12,3492,6,Morgan Creek,517.5,ST,,Retired
2024-12,50973,GN26,Motiva Enterprises Port Arthur Refinery,18.8,CS,,Retired
2024-12,52120,G-62,Freeport Energy,94.5,CT,,Retired
2024-12,3613,1,W B Tuttle,75,ST,,Retired
2024-12,3613,3,W B Tuttle,113.6,ST,,Retired
2024-12,3613,4,W B Tuttle,191.7,ST,,Retired
2024-12,3574,5,C E Newman,44,ST,,Retired
2024-12,50973,GN27,Motiva Enterprises Port Arthur Refinery,21.3,CA,,Retired
2024-12,3440,3,Lon C Hill,163.2,ST,,Retired
2024-12,3500,1,Collin,156.2,ST,,Retired
2024-12,10203,GEN1,Valero Refinery Corpus Christi East,20,GT,,Retired
2024-12,10203,GEN2,Valero Refinery Corpus Christi East,20,GT,,Retired
2024-12,3491,1,Handley,43.7,ST,,Retired
2024-12,3491,2,Handley,74.8,ST,,Retired
2024-12,50253,TG1,CalTex Holdings LP,33,ST,,Retired
2024-12,50253,TG4,CalTex Holdings LP,46.2,ST,,Retired
2024-12,54459,1,Midkiff Plant,1.2,IC,,Retired
2024-12,54459,2,Midkiff Plant,1.2,IC,,Retired
2024-12,54459,3,Midkiff Plant,1.2,IC,,Retired
2024-12,52120,G-35,Freeport Energy,119,CT,,Retired
2024-12,3466,1,P H Robinson,484.5,ST,,Retired
2024-12,3466,2,P H Robinson,484.5,ST,,Retired
2024-12,3466,3,P H Robinson,580.5,ST,,Retired
2024-12,3466,4,P H Robinson,765,ST,,Retired
2024-12,52120,G-36,Freeport Energy,119,CT,,Retired
2024-12,3443,4,Victoria,75,ST,,Retired
2024-12,50615,STG1,TXU Sweetwater Generating Plant,101,CA,,Retired
2024-12,3454,1,North Lake,176.8,ST,,Retired
2024-12,3454,2,North Lake,170.4,ST,,Retired
2024-12,3454,3,North Lake,361.3,ST,,Retired
2024-12,3468,GT1,Sam Bertron,32.6,GT,,Retired
2024-12,3453,2,Mountain Creek,31.2,ST,,Retired
2024-12,3453,3,Mountain Creek,74.9,ST,,Retired
2024-12,3627,3,North Texas,38,ST,,Retired
2024-12,3443,6,Victoria,261,ST,,Retired
2024-12,54253,GEN1,S&L Cogeneration,55,GT,,Retired
2024-12,3438,1,J L Bates,75,ST,,Retired
2024-12,3438,2,J L Bates,113.7,ST,,Retired
2024-12,3439,1,Laredo,34.5,ST,,Retired
2024-12,3439,2,Laredo,37.5,ST,,Retired
2024-12,3439,3,Laredo,115.2,ST,,Retired
2024-12,3558,GT1,Brownfield,6.5,GT,,Retired
2024-12,10789,GEN4,Sabine River Operations,6.2,CA,,Retired
2024-12,10317,1,Baylor University Cogen,3.4,GT,,Retired
2024-12,3441,5,Nueces Bay,32.5,ST,,Retired
2024-12,3441,6,Nueces Bay,180,ST,,Retired
2024-12,3558,1,Brownfield,2,IC,,Retired
2024-12,3558,3,Brownfield,3.1,IC,,Retired
2024-12,3558,4,Brownfield,2.7,IC,,Retired
2024-12,3558,5,Brownfield,3.6,IC,,Retired
2024-12,50118,GEN6,Hal C Weaver Power Plant,12.5,CT,,Retired
2024-12,50249,GEN2,Abitibi Consolidated Lufkin,7.5,ST,,Retired
2024-12,50249,GEN3,Abitibi Consolidated Lufkin,12.5,ST,,Retired
2024-12,50249,GEN4,Abitibi Consolidated Lufkin,12.5,ST,,Retired
2024-12,50249,GEN5,Abitibi Consolidated Lufkin,15.6,ST,,Retired
2024-12,50249,GEN6,Abitibi Consolidated Lufkin,15.6,ST,,Retired
2024-12,50249,GEN7,Abitibi Consolidated Lufkin,21.1,ST,,Retired
2024-12,3613,2,W B Tuttle,113.6,ST,,Retired
2024-12,3549,3,Holly Street,165,ST,,Retired
2024-12,3549,4,Holly Street,193,ST,,Retired
2024-12,3460,3,Cedar Bayou,765,ST,,Retired
2024-12,50253,TG3,CalTex Holdings LP,18,GT,,Retired
2024-12,54962,UN73,ExxonMobil Hawkins Gas Plant,3,IC,,Retired
2024-12,54962,UN74,ExxonMobil Hawkins Gas Plant,3.4,IC,,Retired
2024-12,54962,UN75,ExxonMobil Hawkins Gas Plant,2.5,IC,,Retired
2024-12,54962,UN76,ExxonMobil Hawkins Gas Plant,0.1,IC,,Retired
2024-12,54962,UN77,ExxonMobil Hawkins Gas Plant,0.5,IC,,Retired
2024-12,54962,UN78,ExxonMobil Hawkins Gas Plant,0.5,IC,,Retired
2024-12,54962,UN79,ExxonMobil Hawkins Gas Plant,0.5,IC,,Retired
2024-12,3442,4,La Palma,23,ST,,Retired
2024-12,3442,5,La Palma,23,ST,,Retired
2024-12,3442,6,La Palma,163.2,ST,,Retired
2024-12,52120,G-33,Freeport Energy,49,CA,,Retired
2024-12,3440,1,Lon C Hill,75,ST,,Retired
2024-12,3440,2,Lon C Hill,75,ST,,Retired
2024-12,3440,4,Lon C Hill,261,ST,,Retired
2024-12,3442,7,La Palma,49.1,GT,,Retired
2024-12,52108,GEN3,Valero Energy Port Arthur Refinery,13.7,CT,,Retired
2024-12,52013,GEN3,Valero Refining Texas City,16.2,GT,,Retired
2024-12,3471,3,Webster,410,ST,,Retired
2024-12,3471,GT1,Webster,16.3,GT,,Retired
2024-12,3465,1,Hiram Clarke,16,GT,,Retired
2024-12,3465,2,Hiram Clarke,16,GT,,Retired
2024-12,3465,3,Hiram Clarke,16,GT,,Retired
2024-12,3465,4,Hiram Clarke,16,GT,,Retired
2024-12,3465,5,Hiram Clarke,16,GT,,Retired
2024-12,3465,6,Hiram Clarke,16,GT,,Retired
2024-12,52012,GEN1,Valero Refining Texas Houston,17.1,GT,,Retired
2024-12,3625,1,Whitesboro,1.2,IC,,Retired
2024-12,3625,2,Whitesboro,0.9,IC,,Retired
2024-12,3625,3,Whitesboro,0.5,IC,,Retired
2024-12,3625,4,Whitesboro,1.2,IC,,Retired
2024-12,54248,GEN1,Rock Tenn Dallas Mill,6.2,ST,,Retired
2024-12,3469,2,T H Wharton,247.8,ST,,Retired
2024-12,4266,1,Spencer,12.6,ST,,Retired
2024-12,4266,2,Spencer,12.6,ST,,Retired
2024-12,3461,7,Deepwater,187.8,ST,,Retired
2024-12,55064,UNT2,Black Hawk Station,126.9,GT,,Retired
2024-12,52012,GEN2,Valero Refining Texas Houston,17.1,GT,,Retired
2024-12,54443,GEN1,North Riley,1,IC,,Retired
2024-12,54443,GEN2,North Riley,1,IC,,Retired
2024-12,54443,GEN3,North Riley,1,IC,,Retired
2024-12,54976,1530,Morton Salt Grand Saline,1.5,ST,,Retired
2024-12,52013,GEN2,Valero Refining Texas City,16.2,GT,,Retired
2024-12,54940,GEN1,Austin State Hospital,1,GT,,Retired
2024-12,3517,4,Abilene,15,ST,,Retired
2024-12,3520,2,Fort Stockton,5,GT,,Retired
2024-12,3521,1,Lake Pauline,20,ST,,Retired
2024-12,3521,2,Lake Pauline,20,ST,,Retired
2024-12,3523,1,Oak Creek,75,ST,,Retired
2024-12,3524,1,Paint Creek,34.5,ST,,Retired
2024-12,3524,2,Paint Creek,37.5,ST,,Retired
2024-12,3524,3,Paint Creek,54.4,ST,,Retired
2024-12,3524,4,Paint Creek,115.2,ST,,Retired
2024-12,3526,4,Rio Pecos,5,CT,,Retired
2024-12,3526,5,Rio Pecos,37.5,CA,,Retired
2024-12,3526,6,Rio Pecos,99,ST,,Retired
2024-12,3574,1,C E Newman,7.5,ST,,Retired
2024-12,3574,2,C E Newman,7.5,ST,,Retired
2024-12,3574,3,C E Newman,18.7,ST,,Retired
2024-12,3574,4,C E Newman,18.7,ST,,Retired
2024-12,4266,3,Spencer,22,ST,,Retired
2024-12,10436,GT35,ExxonMobil Baytown Refinery,14.5,GT,,Retired
2024-12,10436,GT36,ExxonMobil Baytown Refinery,15.2,GT,,Retired
2024-12,10436,GT37,ExxonMobil Baytown Refinery,17.2,GT,,Retired
2024-12,50137,GEN2,Newgulf Cogen,12.5,CA,,Retired
2024-12,4938,1,Fort Phantom,156,ST,,Retired
2024-12,4938,2,Fort Phantom,207,ST,,Retired
2024-12,3549,1,Holly Street,100,ST,,Retired
2024-12,3549,2,Holly Street,100,ST,,Retired
2024-12,3566,IC1,Coleman,1.5,IC,,Retired
2024-12,3566,IC2,Coleman,1,IC,,Retired
2024-12,3566,IC3,Coleman,1.3,IC,,Retired
2024-12,3566,IC4,Coleman,1.5,IC,,Retired
2024-12,3566,IC5,Coleman,2.2,IC,,Retired
2024-12,3566,IC6,Coleman,2.5,IC,,Retired
2024-12,3566,IC7,Coleman,1.5,IC,,Retired
2024-12,3566,IC8,Coleman,1.3,IC,,Retired
2024-12,3566,IC9,Coleman,4,IC,,Retired
2024-12,3608,10,Robstown,4.1,IC,,Retired
2024-12,3608,11,Robstown,5,IC,,Retired
2024-12,3608,3,Robstown,2.4,IC,,Retired
2024-12,3608,4,Robstown,2.4,IC,,Retired
2024-12,3608,5,Robstown,2.4,IC,,Retired
2024-12,3608,7,Robstown,1,IC,,Retired
2024-12,3608,8,Robstown,1,IC,,Retired
2024-12,3608,9,Robstown,2.6,IC,,Retired
2024-12,52131,307A,Power Station 3,22,CA,,Retired
2024-12,52131,307B,Power Station 3,22,CA,,Retired
2024-12,52131,307C,Power Station 3,15.6,CT,,Retired
2024-12,52131,307D,Power Station 3,22,CA,,Retired
2024-12,52131,307E,Power Station 3,15.6,CT,,Retired
2024-12,52131,307F,Power Station 3,20.7,CT,,Retired
2024-12,3527,2,San Angelo,101,CA,,Retired
2024-12,3527,1,San Angelo,25,CT,,Retired
2024-12,3455,1,Parkdale,79.6,ST,,Retired
2024-12,3455,2,Parkdale,125,ST,,Retired
2024-12,3455,3,Parkdale,136,ST,,Retired
2024-12,3492,2,Morgan Creek,18.4,ST,,Retired
2024-12,3492,3,Morgan Creek,46,ST,,Retired
2024-12,3492,4,Morgan Creek,75,ST,,Retired
2024-12,3493,4,North Main,81.2,ST,,Retired
2024-12,3503,1,River Crest,112.5,ST,,Retired
2024-12,50471,GEN1,Deer Park Plant,10,CA,,Retired
2024-12,50471,GEN2,Deer Park Plant,10,CA,,Retired
2024-12,50471,GEN3,Deer Park Plant,10,CA,,Retired
2024-12,50471,GEN4,Deer Park Plant,81,CT,,Retired
2024-12,3619,10,Tulia,1.7,IC,,Retired
2024-12,3619,11,Tulia,4.8,IC,,Retired
2024-12,3619,12,Tulia,3,IC,,Retired
2024-12,3619,2,Tulia,0.4,IC,,Retired
2024-12,3619,5,Tulia,1,IC,,Retired
2024-12,3619,6,Tulia,1.1,IC,,Retired
2024-12,3619,7,Tulia,1.1,IC,,Retired
2024-12,3619,8,Tulia,1.8,IC,,Retired
2024-12,3619,9,Tulia,1.8,IC,,Retired
2024-12,52120,G-45,Freeport Energy,119,CT,,Retired
2024-12,3610,3,Mission Road,113.6,ST,,Retired
2024-12,10436,ST33,ExxonMobil Baytown Refinery,7.5,ST,,Retired
2024-12,10136,ENGN,Fort Bend Utilities,0.5,IC,,Retired
2024-12,10136,GEN1,Fort Bend Utilities,2,ST,,Retired
2024-12,10136,GEN2,Fort Bend Utilities,1,ST,,Retired
2024-12,10136,GEN3,Fort Bend Utilities,3,ST,,Retired
2024-12,52120,G-42,Freeport Energy,50,CA,,Retired
2024-12,52120,G-31,Freeport Energy,50,CA,,Retired
2024-12,3436,1,E S Joslin,261,ST,,Retired
2024-12,10243,GEN1,Ticona Polymers Inc,1.4,OT,,Retired
2024-12,10243,GEN2,Ticona Polymers Inc,1.4,OT,,Retired
2024-12,10243,GEN3,Ticona Polymers Inc,1.6,OT,,Retired
2024-12,10243,GEN4,Ticona Polymers Inc,8.2,CA,,Retired
2024-12,3573,2,Floydada,1.2,IC,,Retired
2024-12,3573,3,Floydada,1.2,IC,,Retired
2024-12,3573,4,Floydada,1.2,IC,,Retired
2024-12,3573,5,Floydada,1.2,IC,,Retired
2024-12,3573,6,Floydada,2,IC,,Retired
2024-12,52013,GEN1,Valero Refining Texas City,7.1,GT,,Retired
2024-12,3489,CT1,Eagle Mountain,235.5,CT,,Canceled or Postponed
2024-12,3489,CT2,Eagle Mountain,235.5,CT,,Canceled or Postponed
2024-12,3489,ST1,Eagle Mountain,382.5,CA,,Canceled or Postponed
2024-12,3502,CT1,Lake Creek,235.5,GT,,Canceled or Postponed
2024-12,3506,CT1,Tradinghouse,235.5,GT,,Canceled or Postponed
2024-12,3506,CT2,Tradinghouse,235.5,GT,,Canceled or Postponed
2024-12,7732,1,Turbine,121,GT,,Canceled or Postponed
2024-12,8063,CT5,DeCordova Steam Electric Station,235.5,GT,,Canceled or Postponed
2024-12,8063,CT6,DeCordova Steam Electric Station,235.5,GT,,Canceled or Postponed
2024-12,50229,GT1,Texas Petrochemicals,105,CT,,Canceled or Postponed
2024-12,50229,GT2,Texas Petrochemicals,35,CT,,Canceled or Postponed
2024-12,50229,ST#1,Texas Petrochemicals,420,CA,,Canceled or Postponed
2024-12,55153,CTGP1,Guadalupe Generating Station,160,GT,,Canceled or Postponed
2024-12,55153,CTGP2,Guadalupe Generating Station,160,GT,,Canceled or Postponed
2024-12,55357,CTG3,Jack Fusco Energy Center,200,CT,,Canceled or Postponed
2024-12,55357,CTG4,Jack Fusco Energy Center,200,CT,,Canceled or Postponed
2024-12,55465,CTG1,Amelia Energy Center,180,CT,,Canceled or Postponed
2024-12,55465,CTG2,Amelia Energy Center,180,CT,,Canceled or Postponed
2024-12,55465,CTG3,Amelia Energy Center,180,CT,,Canceled or Postponed
2024-12,55465,STG1,Amelia Energy Center,360,CA,,Canceled or Postponed
2024-12,55708,CTG1,Nacogdoches Power,195,CT,,Canceled or Postponed
2024-12,55708,CTG2,Nacogdoches Power,190,CT,,Canceled or Postponed
2024-12,55708,CTG3,Nacogdoches Power,190,CT,,Canceled or Postponed
2024-12,55708,STG1,Nacogdoches Power,100,CA,,Canceled or Postponed
2024-12,55708,STG2,Nacogdoches Power,114,CA,,Canceled or Postponed
2024-12,55708,STG3,Nacogdoches Power,136,CA,,Canceled or Postponed
2024-12,56152,CTG2,Freeport Energy Center,180,CT,,Canceled or Postponed
2024-12,58895,STAR1,Stargate Point Comfort,250,GT,,Canceled or Postponed
2024-12,58910,CC,CPV Pondera King Energy Center,900,CC,,Canceled or Postponed
2024-12,59048,ABEC1,Apex Bethel Energy Center,158.5,CE,,Canceled or Postponed
2024-12,59048,ABEC2,Apex Bethel Energy Center,158.5,CE,,Canceled or Postponed
2024-12,59298,PCEC1,Pecan Creek Energy Center,171.8,GT,,Canceled or Postponed
2024-12,59298,PCEC2,Pecan Creek Energy Center,171.8,GT,,Canceled or Postponed
2024-12,59615,CTG-1,Clear Springs Energy Center,183,GT,,Canceled or Postponed
2024-12,59615,CTG-2,Clear Springs Energy Center,183,GT,,Canceled or Postponed
2024-12,59615,CTG-3,Clear Springs Energy Center,183,GT,,Canceled or Postponed
2024-12,59616,CTG-1,Union Valley Energy Center,183,GT,,Canceled or Postponed
2024-12,59616,CTG-2,Union Valley Energy Center,183,GT,,Canceled or Postponed
2024-12,59616,CTG-3,Union Valley Energy Center,183,GT,,Canceled or Postponed
2024-12,59617,CTG-1,Van Alstyne Energy Center,183,GT,,Canceled or Postponed
2024-12,59617,CTG-2,Van Alstyne Energy Center,183,GT,,Canceled or Postponed
2024-12,59617,CTG-3,Van Alstyne Energy Center,183,GT,,Canceled or Postponed
2024-12,59716,CTG1,"Neches Station, LLC",232,GT,,Canceled or Postponed
2024-12,59716,CTG2,"Neches Station, LLC",232,GT,,Canceled or Postponed
2024-12,59918,ROCKW,Rockwood Energy Center LLC,1068,CC,,Canceled or Postponed
2024-12,59923,CTG-1,Pinecrest Energy Center,232,CT,,Canceled or Postponed
2024-12,59923,CTG-2,Pinecrest Energy Center,232,CT,,Canceled or Postponed
2024-12,59923,STG,Pinecrest Energy Center,289,CA,,Canceled or Postponed
2024-12,60194,CT1,Hill County Generation Facility,232,GT,,Canceled or Postponed
2024-12,60194,CT2,Hill County Generation Facility,232,GT,,Canceled or Postponed
2024-12,60194,CT3,Hill County Generation Facility,232,GT,,Canceled or Postponed
2024-12,60194,CT4,Hill County Generation Facility,232,GT,,Canceled or Postponed
2024-12,60221,TBN1,Halyard Wharton Energy Center,177,GT,,Canceled or Postponed
2024-12,60221,TBN2,Halyard Wharton Energy Center,177,GT,,Canceled or Postponed
2024-12,60268,TBN1,Halyard Henderson Energy Center,232,GT,,Canceled or Postponed
2024-12,60268,TBN2,Halyard Henderson Energy Center,232,GT,,Canceled or Postponed
2024-12,60697,GC-1,Gaines County,225,GT,,Canceled or Postponed
2024-12,62684,PP-1,Palestine Power Peaking Facility,50,GT,,Canceled or Postponed
2024-12,62684,PP-2,Palestine Power Peaking Facility,50,GT,,Canceled or Postponed
2024-12,62684,PP-3,Palestine Power Peaking Facility,50,GT,,Canceled or Postponed
2024-12,62684,PP-4,Palestine Power Peaking Facility,50,GT,,Canceled or Postponed
2024-12,62685,SP-1,Sealy Power Peaking Facility,50,GT,,Canceled or Postponed
2024-12,62685,SP-2,Sealy Power Peaking Facility,50,GT,,Canceled or Postponed
2024-12,62685,SP-3,Sealy Power Peaking Facility,50,GT,,Canceled or Postponed
2024-12,62685,SP-4,Sealy Power Peaking Facility,50,GT,,Canceled or Postponed
2024-12,63095,JPJDX,John Paul Jones,18.7,IC,,Canceled or Postponed
2024-12,64941,GEN1,WAL4279,0.4,IC,,Canceled or Postponed
2024-12,64941,GEN2,WAL4279,0.4,IC,,Canceled or Postponed
2024-12,64941,GEN3,WAL4279,0.4,IC,,Canceled or Postponed
2025-12,9,1,Copper,86.9,GT,(OP) Operating,Operating
2025-12,3439,4,Laredo,131.8,GT,(OP) Operating,Operating
2025-12,3439,5,Laredo,131.8,GT,(OP) Operating,Operating
2025-12,3441,7,Nueces Bay,351,CA,(OP) Operating,Operating
2025-12,3441,8,Nueces Bay,189.6,CT,(OP) Operating,Operating
2025-12,3441,9,Nueces Bay,189.6,CT,(OP) Operating,Operating
2025-12,3443,5,Victoria,180,CA,(OP) Operating,Operating
2025-12,3443,7,Victoria,196.9,CT,(OP) Operating,Operating
2025-12,3452,1,Lake Hubbard,396.5,ST,(OP) Operating,Operating
2025-12,3452,2,Lake Hubbard,531,ST,(OP) Operating,Operating
2025-12,3453,6,Mountain Creek,135.7,ST,(OP) Operating,Operating
2025-12,3453,7,Mountain Creek,136,ST,(OP) Operating,Operating
2025-12,3453,8,Mountain Creek,580.5,ST,(OP) Operating,Operating
2025-12,3456,1,Newman,81.6,ST,(OP) Operating,Operating
2025-12,3456,2,Newman,81.6,ST,(OP) Operating,Operating
2025-12,3456,3,Newman,121.8,ST,(OP) Operating,Operating
2025-12,3456,4,Newman,120,CA,(OP) Operating,Operating
2025-12,3456,5CA1,Newman,134,CA,(OP) Operating,Operating
2025-12,3456,5CT1,Newman,86.5,CT,(OP) Operating,Operating
2025-12,3456,5CT2,Newman,86.5,CT,(OP) Operating,Operating
2025-12,3456,6,Newman,227.8,GT,(OP) Operating,Operating
2025-12,3456,CT1,Newman,85,CT,(OP) Operating,Operating
2025-12,3456,CT2,Newman,85,CT,(OP) Operating,Operating
2025-12,3457,1,Lewis Creek,271.4,ST,(OP) Operating,Operating
2025-12,3457,2,Lewis Creek,271.4,ST,(OP) Operating,Operating
2025-12,3459,1,Sabine,239.4,ST,(OP) Operating,Operating
2025-12,3459,3,Sabine,473.4,ST,(OP) Operating,Operating
2025-12,3459,4,Sabine,591.6,ST,(OP) Operating,Operating
2025-12,3459,5,Sabine,507.4,ST,(OP) Operating,Operating
2025-12,3460,1,Cedar Bayou,765,ST,(OP) Operating,Operating
2025-12,3460,2,Cedar Bayou,765,ST,(OP) Operating,Operating
2025-12,3464,73,Greens Bayou,72,GT,(OP) Operating,Operating
2025-12,3464,74,Greens Bayou,72,GT,(OP) Operating,Operating
2025-12,3464,81,Greens Bayou,72,GT,(OP) Operating,Operating
2025-12,3464,82,Greens Bayou,72,GT,(OP) Operating,Operating
2025-12,3464,83,Greens Bayou,72,GT,(OP) Operating,Operating
2025-12,3464,84,Greens Bayou,72,GT,(OP) Operating,Operating
2025-12,3469,3,T H Wharton,113.1,CA,(OP) Operating,Operating
2025-12,3469,31,T H Wharton,54,CT,(OP) Operating,Operating
2025-12,3469,32,T H Wharton,54,CT,(OP) Operating,Operating
2025-12,3469,33,T H Wharton,54,CT,(OP) Operating,Operating
2025-12,3469,34,T H Wharton,54,CT,(OP) Operating,Operating
2025-12,3469,4,T H Wharton,113.1,CA,(OP) Operating,Operating
2025-12,3469,41,T H Wharton,54,CT,(OP) Operating,Operating
2025-12,3469,42,T H Wharton,54,CT,(OP) Operating,Operating
2025-12,3469,43,T H Wharton,56.7,CT,(OP) Operating,Operating
2025-12,3469,44,T H Wharton,56.7,CT,(OP) Operating,Operating
2025-12,3469,51,T H Wharton,85,GT,(OP) Operating,Operating
2025-12,3469,52,T H Wharton,85,GT,(OP) Operating,Operating
2025-12,3469,53,T H Wharton,85,GT,(OP) Operating,Operating
2025-12,3469,54,T H Wharton,85,GT,(OP) Operating,Operating
2025-12,3469,55,T H Wharton,85,GT,(OP) Operating,Operating
2025-12,3469,56,T H Wharton,85,GT,(OP) Operating,Operating
2025-12,3469,GT1,T H Wharton,16.3,GT,(OP) Operating,Operating
2025-12,3470,1,W A Parish,187.8,ST,(OP) Operating,Operating
2025-12,3470,2,W A Parish,187.8,ST,(OP) Operating,Operating
2025-12,3470,3,W A Parish,299.2,ST,(OP) Operating,Operating
2025-12,3470,4,W A Parish,580.5,ST,(OP) Operating,Operating
2025-12,3470,GT1,W A Parish,16.3,GT,(OP) Operating,Operating
2025-12,3476,5,Knox Lee,351,ST,(OP) Operating,Operating
2025-12,3478,1,Wilkes,180,ST,(OP) Operating,Operating
2025-12,3478,2,Wilkes,351,ST,(OP) Operating,Operating
2025-12,3478,3,Wilkes,351,ST,(OP) Operating,Operating
2025-12,3482,1,Jones,247.5,ST,(OP) Operating,Operating
2025-12,3482,2,Jones,247.5,ST,(OP) Operating,Operating
2025-12,3482,3,Jones,182.7,GT,(OP) Operating,Operating
2025-12,3482,4,Jones,182.7,GT,(OP) Operating,Operating
2025-12,3484,1,Nichols,113.6,ST,(OP) Operating,Operating
2025-12,3484,2,Nichols,113.6,ST,(OP) Operating,Operating
2025-12,3484,3,Nichols,247.5,ST,(OP) Operating,Operating
2025-12,3485,4,Plant X,190.4,ST,(OP) Operating,Operating
2025-12,3490,1,Graham,247.7,ST,(OP) Operating,Operating
2025-12,3490,2,Graham,387,ST,(OP) Operating,Operating
2025-12,3491,3,Handley,404.8,ST,(OP) Operating,Operating
2025-12,3491,4,Handley,455,ST,(OP) Operating,Operating
2025-12,3491,5,Handley,455,ST,(OP) Operating,Operating
2025-12,3494,CT1,Permian Basin,89.4,GT,(OP) Operating,Operating
2025-12,3494,CT2,Permian Basin,89.4,GT,(OP) Operating,Operating
2025-12,3494,CT3,Permian Basin,89.4,GT,(OP) Operating,Operating
2025-12,3494,CT4,Permian Basin,89.4,GT,(OP) Operating,Operating
2025-12,3494,CT5,Permian Basin,89.4,GT,(OP) Operating,Operating
2025-12,3504,ST1,Stryker Creek,176.8,ST,(OP) Operating,Operating
2025-12,3504,ST2,Stryker Creek,526.6,ST,(OP) Operating,Operating
2025-12,3507,6,Trinidad (TX),239.3,ST,(OP) Operating,Operating
2025-12,3548,GT1,Decker Creek,51.5,GT,(OP) Operating,Operating
2025-12,3548,GT2,Decker Creek,51.5,GT,(OP) Operating,Operating
2025-12,3548,GT3,Decker Creek,51.5,GT,(OP) Operating,Operating
2025-12,3548,GT4,Decker Creek,51.5,GT,(OP) Operating,Operating
2025-12,3559,10,Silas Ray,61,GT,(OP) Operating,Operating
2025-12,3559,6,Silas Ray,25,CA,(OP) Operating,Operating
2025-12,3559,9,Silas Ray,50,CT,(OP) Operating,Operating
2025-12,3561,7,Bryan (TX),22,GT,(OP) Operating,Operating
2025-12,3576,1,Ray Olinger,75,ST,(OP) Operating,Operating
2025-12,3576,2,Ray Olinger,113.4,ST,(OP) Operating,Operating
2025-12,3576,3,Ray Olinger,156.6,ST,(OP) Operating,Operating
2025-12,3576,4,Ray Olinger,82.7,GT,(OP) Operating,Operating
2025-12,3601,1,Sim Gideon,136,ST,(OP) Operating,Operating
2025-12,3601,2,Sim Gideon,136,ST,(OP) Operating,Operating
2025-12,3601,3,Sim Gideon,351,ST,(OP) Operating,Operating
2025-12,3609,CGT1,Leon Creek,57.4,GT,(OP) Operating,Operating
2025-12,3609,CGT2,Leon Creek,57.4,GT,(OP) Operating,Operating
2025-12,3609,CGT3,Leon Creek,57.4,GT,(OP) Operating,Operating
2025-12,3609,CGT4,Leon Creek,57.4,GT,(OP) Operating,Operating
2025-12,3611,1,O W Sommers,446,ST,(OP) Operating,Operating
2025-12,3611,2,O W Sommers,446,ST,(OP) Operating,Operating
2025-12,3612,1,V H Braunig,225,ST,(OP) Operating,Operating
2025-12,3612,2,V H Braunig,252,ST,(OP) Operating,Operating
2025-12,3612,3,V H Braunig,417,ST,(OP) Operating,Operating
2025-12,3612,5,V H Braunig,61,GT,(OP) Operating,Operating
2025-12,3612,6,V H Braunig,61,GT,(OP) Operating,Operating
2025-12,3612,7,V H Braunig,61,GT,(OP) Operating,Operating
2025-12,3612,8,V H Braunig,61,GT,(OP) Operating,Operating
2025-12,3628,1,R W Miller,66,ST,(OS) Out of service and NOT expected to return to service in next calendar year,Operating
2025-12,3628,2,R W Miller,100,ST,(OP) Operating,Operating
2025-12,3628,3,R W Miller,200,ST,(OP) Operating,Operating
2025-12,3628,4,R W Miller,118.8,GT,(OP) Operating,Operating
2025-12,3628,5,R W Miller,118.8,GT,(OP) Operating,Operating
2025-12,3630,10A,Pearsall,8.4,IC,(OP) Operating,Operating
2025-12,3630,11A,Pearsall,8.4,IC,(OP) Operating,Operating
2025-12,3630,12A,Pearsall,8.4,IC,(OP) Operating,Operating
2025-12,3630,13A,Pearsall,8.4,IC,(OP) Operating,Operating
2025-12,3630,14A,Pearsall,8.4,IC,(OP) Operating,Operating
2025-12,3630,15A,Pearsall,8.4,IC,(OP) Operating,Operating
2025-12,3630,16A,Pearsall,8.4,IC,(OP) Operating,Operating
2025-12,3630,17A,Pearsall,8.4,IC,(OP) Operating,Operating
2025-12,3630,18A,Pearsall,8.4,IC,(OP) Operating,Operating
2025-12,3630,19A,Pearsall,8.4,IC,(OP) Operating,Operating
2025-12,3630,1A,Pearsall,8.4,IC,(OP) Operating,Operating
2025-12,3630,20A,Pearsall,8.4,IC,(OP) Operating,Operating
2025-12,3630,21A,Pearsall,8.4,IC,(OP) Operating,Operating
2025-12,3630,22A,Pearsall,8.4,IC,(OP) Operating,Operating
2025-12,3630,23A,Pearsall,8.4,IC,(OP) Operating,Operating
2025-12,3630,24A,Pearsall,8.4,IC,(OP) Operating,Operating
2025-12,3630,2A,Pearsall,8.4,IC,(OP) Operating,Operating
2025-12,3630,3A,Pearsall,8.4,IC,(OP) Operating,Operating
2025-12,3630,4A,Pearsall,8.4,IC,(OP) Operating,Operating
2025-12,3630,5A,Pearsall,8.4,IC,(OP) Operating,Operating
2025-12,3630,6A,Pearsall,8.4,IC,(OP) Operating,Operating
2025-12,3630,7A,Pearsall,8.4,IC,(OP) Operating,Operating
2025-12,3630,8A,Pearsall,8.4,IC,(OP) Operating,Operating
2025-12,3630,9A,Pearsall,8.4,IC,(OP) Operating,Operating
2025-12,3631,10,Sam Rayburn,42,CA,(OP) Operating,Operating
2025-12,3631,7,Sam Rayburn,49.2,CT,(OP) Operating,Operating
2025-12,3631,8,Sam Rayburn,49.2,CT,(OP) Operating,Operating
2025-12,3631,9,Sam Rayburn,49.2,CT,(OP) Operating,Operating
2025-12,4195,EP,Powerlane Plant,8.4,IC,(OP) Operating,Operating
2025-12,4195,EP2,Powerlane Plant,8.4,IC,(OP) Operating,Operating
2025-12,4195,EP3,Powerlane Plant,8.4,IC,(OP) Operating,Operating
2025-12,4195,ST1,Powerlane Plant,18.8,ST,(OP) Operating,Operating
2025-12,4266,4,Spencer,61.1,ST,(OP) Operating,Operating
2025-12,4266,5,Spencer,65.4,ST,(OP) Operating,Operating
2025-12,4937,CT-1,Thomas C Ferguson,185.3,CT,(OP) Operating,Operating
2025-12,4937,CT-2,Thomas C Ferguson,185.3,CT,(OP) Operating,Operating
2025-12,4937,STG,Thomas C Ferguson,204,CA,(OP) Operating,Operating
2025-12,4939,1,Barney M Davis,352,ST,(OP) Operating,Operating
2025-12,4939,2,Barney M Davis,351,CA,(OP) Operating,Operating
2025-12,4939,3,Barney M Davis,189.6,CT,(OP) Operating,Operating
2025-12,4939,4,Barney M Davis,189.6,CT,(OP) Operating,Operating
2025-12,6193,1,Harrington,360,ST,(OP) Operating,Operating
2025-12,6193,2,Harrington,360,ST,(OP) Operating,Operating
2025-12,6193,3,Harrington,360,ST,(OP) Operating,Operating
2025-12,6243,1,Dansby,105,ST,(OP) Operating,Operating
2025-12,6243,2,Dansby,49.1,GT,(OP) Operating,Operating
2025-12,6243,3,Dansby,49.1,GT,(OP) Operating,Operating
2025-12,7325,1,San Jacinto Steam Electric Station,88.2,GT,(OP) Operating,Operating
2025-12,7325,2,San Jacinto Steam Electric Station,88.2,GT,(OP) Operating,Operating
2025-12,7512,1,Arthur Von Rosenberg,187.5,CT,(OP) Operating,Operating
2025-12,7512,2,Arthur Von Rosenberg,187.5,CT,(OP) Operating,Operating
2025-12,7512,3,Arthur Von Rosenberg,200,CA,(OP) Operating,Operating
2025-12,7900,5A,Sand Hill,198,CT,(OP) Operating,Operating
2025-12,7900,5C,Sand Hill,190,CA,(OP) Operating,Operating
2025-12,7900,SH1,Sand Hill,51.4,GT,(OP) Operating,Operating
2025-12,7900,SH2,Sand Hill,51.4,GT,(OP) Operating,Operating
2025-12,7900,SH3,Sand Hill,51.4,GT,(OP) Operating,Operating
2025-12,7900,SH4,Sand Hill,51.4,GT,(OP) Operating,Operating
2025-12,7900,SH6,Sand Hill,51.4,GT,(OP) Operating,Operating
2025-12,7900,SH7,Sand Hill,51.4,GT,(OP) Operating,Operating
2025-12,8063,CT1,DeCordova Steam Electric Station,89.4,GT,(OP) Operating,Operating
2025-12,8063,CT2,DeCordova Steam Electric Station,89.4,GT,(OP) Operating,Operating
2025-12,8063,CT3,DeCordova Steam Electric Station,89.4,GT,(OP) Operating,Operating
2025-12,8063,CT4,DeCordova Steam Electric Station,89.4,GT,(OP) Operating,Operating
2025-12,10154,GEN1,Power Island,41,GT,(OP) Operating,Operating
2025-12,10154,GEN2,Power Island,50,GT,(OP) Operating,Operating
2025-12,10154,GEN3,Power Island,50,GT,(OP) Operating,Operating
2025-12,10184,EG1,Central Utility Plant,6,IC,(SB) Standby/Backup: available for service but not normally used,Operating
2025-12,10184,EG2,Central Utility Plant,6,IC,(SB) Standby/Backup: available for service but not normally used,Operating
2025-12,10184,TG1,Central Utility Plant,2.3,ST,(SB) Standby/Backup: available for service but not normally used,Operating
2025-12,10243,GEN5,Ticona Polymers Inc,44.2,GT,(OP) Operating,Operating
2025-12,10261,GEN3,Enterprise Products Operating,3.4,GT,(OP) Operating,Operating
2025-12,10261,GEN4,Enterprise Products Operating,3.4,GT,(OP) Operating,Operating
2025-12,10261,GEN5,Enterprise Products Operating,3.4,GT,(OP) Operating,Operating
2025-12,10261,GEN6,Enterprise Products Operating,3.5,GT,(OP) Operating,Operating
2025-12,10261,GEN7,Enterprise Products Operating,3.5,GT,(OP) Operating,Operating
2025-12,10261,GEN8,Enterprise Products Operating,3.5,GT,(OP) Operating,Operating
2025-12,10298,GT1,Bayou Cogen Plant,79.6,GT,(OP) Operating,Operating
2025-12,10298,GT2,Bayou Cogen Plant,79.6,GT,(OP) Operating,Operating
2025-12,10298,GT3,Bayou Cogen Plant,79.6,GT,(OP) Operating,Operating
2025-12,10298,GT4,Bayou Cogen Plant,79.6,GT,(OP) Operating,Operating
2025-12,10418,GEN1,Ascend Performance Materials Texas Inc.,6,ST,(OP) Operating,Operating
2025-12,10418,GEN4,Ascend Performance Materials Texas Inc.,46.1,ST,(OP) Operating,Operating
2025-12,10436,GT38,ExxonMobil Baytown Refinery,45.7,GT,(OP) Operating,Operating
2025-12,10436,GT41,ExxonMobil Baytown Refinery,27.6,GT,(OP) Operating,Operating
2025-12,10436,GT42,ExxonMobil Baytown Refinery,27.6,GT,(OP) Operating,Operating
2025-12,10436,GT43,ExxonMobil Baytown Refinery,27.6,GT,(OP) Operating,Operating
2025-12,10436,GT44,ExxonMobil Baytown Refinery,27.6,GT,(OP) Operating,Operating
2025-12,10436,GT45,ExxonMobil Baytown Refinery,45.7,GT,(OP) Operating,Operating
2025-12,10554,3ST1,Formosa Utility Venture Ltd,40,CA,(OP) Operating,Operating
2025-12,10554,3TBG1,Formosa Utility Venture Ltd,102,CT,(OP) Operating,Operating
2025-12,10554,3TBG2,Formosa Utility Venture Ltd,102,CT,(OP) Operating,Operating
2025-12,10554,BO3,Formosa Utility Venture Ltd,36.2,CT,(OP) Operating,Operating
2025-12,10554,ST1,Formosa Utility Venture Ltd,33.5,CA,(OP) Operating,Operating
2025-12,10554,ST2,Formosa Utility Venture Ltd,66.3,CA,(OP) Operating,Operating
2025-12,10554,ST3,Formosa Utility Venture Ltd,55,CA,(OP) Operating,Operating
2025-12,10554,TBG1,Formosa Utility Venture Ltd,82.5,CT,(OP) Operating,Operating
2025-12,10554,TBG2,Formosa Utility Venture Ltd,82.5,CT,(OP) Operating,Operating
2025-12,10554,TBG3,Formosa Utility Venture Ltd,82.5,CT,(OP) Operating,Operating
2025-12,10554,TBG4,Formosa Utility Venture Ltd,82.5,CT,(OP) Operating,Operating
2025-12,10554,TBG5,Formosa Utility Venture Ltd,82.5,CT,(OP) Operating,Operating
2025-12,10554,TBG6,Formosa Utility Venture Ltd,85.9,CT,(OP) Operating,Operating
2025-12,10568,GEN1,Port Arthur Texas Refinery,38.4,GT,(OP) Operating,Operating
2025-12,10692,GEN1,ExxonMobil Baytown Turbine,39.7,GT,(OP) Operating,Operating
2025-12,10692,GEN2,ExxonMobil Baytown Turbine,39.7,GT,(OP) Operating,Operating
2025-12,10692,GEN3,ExxonMobil Baytown Turbine,39.7,GT,(OP) Operating,Operating
2025-12,10692,GEN4,ExxonMobil Baytown Turbine,98.9,GT,(OP) Operating,Operating
2025-12,10692,GEN5,ExxonMobil Baytown Turbine,163.8,GT,(OP) Operating,Operating
2025-12,10789,GEN1,Sabine River Operations,89.9,CT,(OP) Operating,Operating
2025-12,10789,GT1A,Sabine River Operations,180,CT,(OP) Operating,Operating
2025-12,10789,GT1B,Sabine River Operations,180,CT,(OP) Operating,Operating
2025-12,10789,ST1A,Sabine River Operations,145,CA,(OP) Operating,Operating
2025-12,10790,GEN1,Victoria Texas Plant,102.4,GT,(OP) Operating,Operating
2025-12,50026,FR6,Corpus Refinery,47,GT,(OP) Operating,Operating
2025-12,50043,GT1,Houston Chemical Complex Battleground,104.2,CT,(OP) Operating,Operating
2025-12,50043,GT2,Houston Chemical Complex Battleground,104.2,CT,(OP) Operating,Operating
2025-12,50043,GT3,Houston Chemical Complex Battleground,84.9,CT,(OP) Operating,Operating
2025-12,50043,ST,Houston Chemical Complex Battleground,87.4,CA,(OP) Operating,Operating
2025-12,50054,GEN1,Rice University,3.1,GT,(SB) Standby/Backup: available for service but not normally used,Operating
2025-12,50054,GEN2,Rice University,3.8,GT,(OP) Operating,Operating
2025-12,50109,GEN1,Paris Energy Center,87.8,CT,(OP) Operating,Operating
2025-12,50109,GEN2,Paris Energy Center,87.8,CT,(OP) Operating,Operating
2025-12,50109,GEN3,Paris Energy Center,90,CA,(OP) Operating,Operating
2025-12,50118,GEN10,Hal C Weaver Power Plant,34.4,CT,(OP) Operating,Operating
2025-12,50118,GEN4,Hal C Weaver Power Plant,7.6,CA,(OS) Out of service and NOT expected to return to service in next calendar year,Operating
2025-12,50118,GEN5,Hal C Weaver Power Plant,6,CA,(SB) Standby/Backup: available for service but not normally used,Operating
2025-12,50118,GEN7,Hal C Weaver Power Plant,28.8,CA,(OP) Operating,Operating
2025-12,50118,GEN8,Hal C Weaver Power Plant,48.5,CT,(OP) Operating,Operating
2025-12,50118,GEN9,Hal C Weaver Power Plant,27.2,CA,(OP) Operating,Operating
2025-12,50127,GTA,Signal Hill Generating LLC,20,CT,(OP) Operating,Operating
2025-12,50127,GTB,Signal Hill Generating LLC,20,CT,(OP) Operating,Operating
2025-12,50127,GTC,Signal Hill Generating LLC,20,CT,(OP) Operating,Operating
2025-12,50127,STD,Signal Hill Generating LLC,20,CA,(OP) Operating,Operating
2025-12,50137,GEN1,Newgulf Cogen,101.9,GT,(OP) Operating,Operating
2025-12,50150,GE10,Union Carbide Seadrift Cogen,15,ST,(OP) Operating,Operating
2025-12,50150,GE11,Union Carbide Seadrift Cogen,35,GT,(OP) Operating,Operating
2025-12,50150,GEN5,Union Carbide Seadrift Cogen,15,ST,(OP) Operating,Operating
2025-12,50150,GEN6,Union Carbide Seadrift Cogen,35,GT,(OP) Operating,Operating
2025-12,50150,GEN7,Union Carbide Seadrift Cogen,6,ST,(OS) Out of service and NOT expected to return to service in next calendar year,Operating
2025-12,50150,GEN8,Union Carbide Seadrift Cogen,35,GT,(OP) Operating,Operating
2025-12,50150,GEN9,Union Carbide Seadrift Cogen,15,ST,(OP) Operating,Operating
2025-12,50150,IGT,Union Carbide Seadrift Cogen,12,GT,(OP) Operating,Operating
2025-12,50229,TG2,Texas Petrochemicals,35,ST,(OP) Operating,Operating
2025-12,50241,9541,Tenet Hospital,2.1,IC,(OP) Operating,Operating
2025-12,50241,9542,Tenet Hospital,2.1,IC,(OP) Operating,Operating
2025-12,50304,GEN4,Shell Deer Park,88.2,GT,(OP) Operating,Operating
2025-12,50304,GEN5,Shell Deer Park,94,GT,(OP) Operating,Operating
2025-12,50475,GEN1,Corpus Christi,41,GT,(OP) Operating,Operating
2025-12,50625,TG22,ExxonMobil Beaumont Refinery,27.2,ST,(OP) Operating,Operating
2025-12,50625,TG23,ExxonMobil Beaumont Refinery,40.5,ST,(OP) Operating,Operating
2025-12,50625,TG24,ExxonMobil Beaumont Refinery,38.6,GT,(OP) Operating,Operating
2025-12,50625,TG32,ExxonMobil Beaumont Refinery,25,ST,(OP) Operating,Operating
2025-12,50625,TG33,ExxonMobil Beaumont Refinery,20,ST,(OP) Operating,Operating
2025-12,50625,TG34,ExxonMobil Beaumont Refinery,30,ST,(OP) Operating,Operating
2025-12,50625,TG41,ExxonMobil Beaumont Refinery,163,GT,(OP) Operating,Operating
2025-12,50625,TG42,ExxonMobil Beaumont Refinery,163,GT,(OP) Operating,Operating
2025-12,50625,TG43,ExxonMobil Beaumont Refinery,163,GT,(OP) Operating,Operating
2025-12,50815,GEN1,"Odyssey Energy Altura Cogen, LLC",84.9,CT,(OP) Operating,Operating
2025-12,50815,GEN2,"Odyssey Energy Altura Cogen, LLC",84.9,CT,(OP) Operating,Operating
2025-12,50815,GEN3,"Odyssey Energy Altura Cogen, LLC",84.9,CT,(OP) Operating,Operating
2025-12,50815,GEN4,"Odyssey Energy Altura Cogen, LLC",84.9,CT,(OP) Operating,Operating
2025-12,50815,GEN5,"Odyssey Energy Altura Cogen, LLC",84.9,CT,(OP) Operating,Operating
2025-12,50815,GEN6,"Odyssey Energy Altura Cogen, LLC",129.2,CA,(OP) Operating,Operating
2025-12,50815,GEN7,"Odyssey Energy Altura Cogen, LLC",89.9,CT,(OP) Operating,Operating
2025-12,50973,GN34,Motiva Enterprises Port Arthur Refinery,18.8,GT,(OP) Operating,Operating
2025-12,50973,GN35,Motiva Enterprises Port Arthur Refinery,40.5,CT,(OP) Operating,Operating
2025-12,50973,GN41,Motiva Enterprises Port Arthur Refinery,41.6,CT,(OP) Operating,Operating
2025-12,50973,GN42,Motiva Enterprises Port Arthur Refinery,41.6,CT,(OP) Operating,Operating
2025-12,50973,GN43,Motiva Enterprises Port Arthur Refinery,41.6,CT,(OP) Operating,Operating
2025-12,50973,GN44,Motiva Enterprises Port Arthur Refinery,41.6,CT,(OP) Operating,Operating
2025-12,52088,GEN1,Texas City Power Plant,141,CA,(OP) Operating,Operating
2025-12,52088,GEN2,Texas City Power Plant,103,CT,(OP) Operating,Operating
2025-12,52088,GEN3,Texas City Power Plant,103,CT,(OP) Operating,Operating
2025-12,52088,GEN4,Texas City Power Plant,103,CT,(OP) Operating,Operating
2025-12,52120,G-61,Freeport Energy,94.5,CT,(OP) Operating,Operating
2025-12,52120,G-63,Freeport Energy,94.5,CT,(OP) Operating,Operating
2025-12,52120,G-64,Freeport Energy,64.8,CA,(OS) Out of service and NOT expected to return to service in next calendar year,Operating
2025-12,52120,G-65,Freeport Energy,111.3,CA,(OP) Operating,Operating
2025-12,52120,G-66,Freeport Energy,119,CT,(OS) Out of service and NOT expected to return to service in next calendar year,Operating
2025-12,52120,G-67,Freeport Energy,119,CT,(OP) Operating,Operating
2025-12,52122,GEN1,Wasson CO2 Removal Plant,23.4,GT,(OP) Operating,Operating
2025-12,52132,GEN1,Power Station 4,78.2,CT,(OP) Operating,Operating
2025-12,52132,GEN2,Power Station 4,78.2,CT,(OP) Operating,Operating
2025-12,52132,GEN3,Power Station 4,34.7,CA,(OS) Out of service and NOT expected to return to service in next calendar year,Operating
2025-12,52176,GEN1,C R Wing Cogen Plant,77.5,CT,(OP) Operating,Operating
2025-12,52176,GEN2,C R Wing Cogen Plant,77.5,CT,(OP) Operating,Operating
2025-12,52176,GEN3,C R Wing Cogen Plant,75,CA,(OP) Operating,Operating
2025-12,54321,2N80,Goodyear Beaumont Chemical Plant,5,GT,(OP) Operating,Operating
2025-12,54321,3N80,Goodyear Beaumont Chemical Plant,14.8,ST,(OP) Operating,Operating
2025-12,54321,N802,Goodyear Beaumont Chemical Plant,5,GT,(OP) Operating,Operating
2025-12,54321,N803,Goodyear Beaumont Chemical Plant,5,GT,(OP) Operating,Operating
2025-12,54321,N804,Goodyear Beaumont Chemical Plant,5,GT,(OP) Operating,Operating
2025-12,54330,1,Westhollow Technology Center,3.7,GT,(OP) Operating,Operating
2025-12,54520,SD1,Village Creek Water Reclamation Facility,0.9,IC,(SB) Standby/Backup: available for service but not normally used,Operating
2025-12,54520,SD2,Village Creek Water Reclamation Facility,0.9,IC,(SB) Standby/Backup: available for service but not normally used,Operating
2025-12,54520,TG1,Village Creek Water Reclamation Facility,5.3,GT,(OP) Operating,Operating
2025-12,54520,TG2,Village Creek Water Reclamation Facility,5.3,GT,(OP) Operating,Operating
2025-12,54628,2607,Phelps Dodge Refining,3.5,GT,(OS) Out of service and NOT expected to return to service in next calendar year,Operating
2025-12,54628,2608,Phelps Dodge Refining,3.5,GT,(OS) Out of service and NOT expected to return to service in next calendar year,Operating
2025-12,54628,3001,Phelps Dodge Refining,4.2,GT,(OP) Operating,Operating
2025-12,54628,3002,Phelps Dodge Refining,4.2,GT,(OP) Operating,Operating
2025-12,54628,3003,Phelps Dodge Refining,4.2,GT,(OP) Operating,Operating
2025-12,54637,GCG1,JCO Oxides Olefins Plant,36.9,GT,(OP) Operating,Operating
2025-12,54637,GCG2,JCO Oxides Olefins Plant,36.9,GT,(OP) Operating,Operating
2025-12,54676,G81,Oyster Creek Unit VIII,99,CT,(OP) Operating,Operating
2025-12,54676,G82,Oyster Creek Unit VIII,99,CT,(OP) Operating,Operating
2025-12,54676,G83,Oyster Creek Unit VIII,99,CT,(OP) Operating,Operating
2025-12,54676,G84,Oyster Creek Unit VIII,200.9,CA,(OP) Operating,Operating
2025-12,54817,GT-1,Johnson County,178.2,CT,(OP) Operating,Operating
2025-12,54817,ST-1,Johnson County,104.4,CA,(OP) Operating,Operating
2025-12,55015,GEN1,Sweeny Cogen Facility,143,GT,(OP) Operating,Operating
2025-12,55015,GEN2,Sweeny Cogen Facility,143,GT,(OP) Operating,Operating
2025-12,55015,GEN3,Sweeny Cogen Facility,143,GT,(OP) Operating,Operating
2025-12,55015,GEN4,Sweeny Cogen Facility,143,GT,(OP) Operating,Operating
2025-12,55047,CTG1,Pasadena Cogeneration,175,CT,(OP) Operating,Operating
2025-12,55047,CTG2,Pasadena Cogeneration,185,CT,(OP) Operating,Operating
2025-12,55047,CTG3,Pasadena Cogeneration,185,CT,(OP) Operating,Operating
2025-12,55047,STG1,Pasadena Cogeneration,85,CA,(OP) Operating,Operating
2025-12,55047,STG2,Pasadena Cogeneration,185,CA,(OP) Operating,Operating
2025-12,55052,620,Jameson Gas Processing Plant,0.4,IC,(OP) Operating,Operating
2025-12,55052,621,Jameson Gas Processing Plant,0.4,IC,(OP) Operating,Operating
2025-12,55052,622,Jameson Gas Processing Plant,0.5,IC,(OP) Operating,Operating
2025-12,55052,GN410,Jameson Gas Processing Plant,0.5,IC,(OP) Operating,Operating
2025-12,55053,14,Bridgeport Gas Processing Plant,0.8,IC,(OP) Operating,Operating
2025-12,55053,15,Bridgeport Gas Processing Plant,0.8,IC,(OP) Operating,Operating
2025-12,55053,16,Bridgeport Gas Processing Plant,0.8,IC,(OP) Operating,Operating
2025-12,55053,17,Bridgeport Gas Processing Plant,0.8,IC,(OP) Operating,Operating
2025-12,55053,2723,Bridgeport Gas Processing Plant,0.8,IC,(OP) Operating,Operating
2025-12,55053,654,Bridgeport Gas Processing Plant,0.8,IC,(OP) Operating,Operating
2025-12,55053,655,Bridgeport Gas Processing Plant,0.8,IC,(OP) Operating,Operating
2025-12,55053,656,Bridgeport Gas Processing Plant,0.8,IC,(OP) Operating,Operating
2025-12,55053,657,Bridgeport Gas Processing Plant,0.8,IC,(OP) Operating,Operating
2025-12,55053,658,Bridgeport Gas Processing Plant,0.8,IC,(OP) Operating,Operating
2025-12,55053,666,Bridgeport Gas Processing Plant,0.8,IC,(OP) Operating,Operating
2025-12,55053,667,Bridgeport Gas Processing Plant,0.8,IC,(OP) Operating,Operating
2025-12,55053,671,Bridgeport Gas Processing Plant,0.8,IC,(OP) Operating,Operating
2025-12,55062,GTG1,Tenaska Frontier Generation Station,183.2,CT,(OP) Operating,Operating
2025-12,55062,GTG2,Tenaska Frontier Generation Station,183.2,CT,(OP) Operating,Operating
2025-12,55062,GTG3,Tenaska Frontier Generation Station,183.2,CT,(OP) Operating,Operating
2025-12,55062,STG1,Tenaska Frontier Generation Station,390.1,CA,(OP) Operating,Operating
2025-12,55064,UNT1,Black Hawk Station,126.9,GT,(OP) Operating,Operating
2025-12,55064,UNT2B,Black Hawk Station,117,GT,(OP) Operating,Operating
2025-12,55065,GEN1,Mustang Station,174.2,CT,(OP) Operating,Operating
2025-12,55065,GEN2,Mustang Station,174.2,CT,(OP) Operating,Operating
2025-12,55065,GEN3,Mustang Station,172.6,CA,(OP) Operating,Operating
2025-12,55086,GT1A,Gregory Power Plant,184.9,CT,(OP) Operating,Operating
2025-12,55086,GT1B,Gregory Power Plant,184.9,CT,(OP) Operating,Operating
2025-12,55086,STG,Gregory Power Plant,100,CA,(OP) Operating,Operating
2025-12,55091,STK1,Midlothian Energy Facility,289,CS,(OP) Operating,Operating
2025-12,55091,STK2,Midlothian Energy Facility,289,CS,(OP) Operating,Operating
2025-12,55091,STK3,Midlothian Energy Facility,289,CS,(OP) Operating,Operating
2025-12,55091,STK4,Midlothian Energy Facility,289,CS,(OP) Operating,Operating
2025-12,55091,STK5,Midlothian Energy Facility,289,CS,(OP) Operating,Operating
2025-12,55091,STK6,Midlothian Energy Facility,289,CS,(OP) Operating,Operating
2025-12,55097,CTG1,Lamar Power Project,176,CT,(OP) Operating,Operating
2025-12,55097,CTG2,Lamar Power Project,176,CT,(OP) Operating,Operating
2025-12,55097,CTG3,Lamar Power Project,176,CT,(OP) Operating,Operating
2025-12,55097,CTG4,Lamar Power Project,176,CT,(OP) Operating,Operating
2025-12,55097,STG1,Lamar Power Project,204.3,CA,(OP) Operating,Operating
2025-12,55097,STG2,Lamar Power Project,204.3,CA,(OP) Operating,Operating
2025-12,55098,GEN1,Frontera Energy Center,172,CT,(OP) Operating,Operating
2025-12,55098,GEN2,Frontera Energy Center,172,CT,(OP) Operating,Operating
2025-12,55098,GEN3,Frontera Energy Center,185,CA,(OP) Operating,Operating
2025-12,55122,UN1,NAFTA Region Olefins Complex Cogen Fac,41.6,GT,(OP) Operating,Operating
2025-12,55122,UN2,NAFTA Region Olefins Complex Cogen Fac,41.6,GT,(OP) Operating,Operating
2025-12,55123,CTG1,Magic Valley Generating Station,267,CT,(OP) Operating,Operating
2025-12,55123,CTG2,Magic Valley Generating Station,267,CT,(OP) Operating,Operating
2025-12,55123,STG,Magic Valley Generating Station,267,CA,(OP) Operating,Operating
2025-12,55132,GTG1,Tenaska Gateway Generating Station,183.2,CT,(OP) Operating,Operating
2025-12,55132,GTG2,Tenaska Gateway Generating Station,183.2,CT,(OP) Operating,Operating
2025-12,55132,GTG3,Tenaska Gateway Generating Station,183.2,CT,(OP) Operating,Operating
2025-12,55132,STG1,Tenaska Gateway Generating Station,390,CA,(OP) Operating,Operating
2025-12,55137,CTG1,Rio Nogales Power Project,189,CT,(OP) Operating,Operating
2025-12,55137,CTG2,Rio Nogales Power Project,189,CT,(OP) Operating,Operating
2025-12,55137,CTG3,Rio Nogales Power Project,189,CT,(OP) Operating,Operating
2025-12,55137,STG1,Rio Nogales Power Project,373.2,CA,(OP) Operating,Operating
2025-12,55139,CTG1,Wolf Hollow I LP,243.9,CT,(OP) Operating,Operating
2025-12,55139,CTG2,Wolf Hollow I LP,243.9,CT,(OP) Operating,Operating
2025-12,55139,ST,Wolf Hollow I LP,300.6,CA,(OP) Operating,Operating
2025-12,55144,U1,Hays Energy Project,241.7,CS,(OP) Operating,Operating
2025-12,55144,U2,Hays Energy Project,241.7,CS,(OP) Operating,Operating
2025-12,55144,U3,Hays Energy Project,252.8,CS,(OP) Operating,Operating
2025-12,55144,U4,Hays Energy Project,252.8,CS,(OP) Operating,Operating
2025-12,55153,CTG1,Guadalupe Generating Station,171.1,CT,(OP) Operating,Operating
2025-12,55153,CTG2,Guadalupe Generating Station,171.1,CT,(OP) Operating,Operating
2025-12,55153,CTG3,Guadalupe Generating Station,171.1,CT,(OP) Operating,Operating
2025-12,55153,CTG4,Guadalupe Generating Station,171.1,CT,(OP) Operating,Operating
2025-12,55153,STG1,Guadalupe Generating Station,201.9,CA,(OP) Operating,Operating
2025-12,55153,STG2,Guadalupe Generating Station,201.9,CA,(OP) Operating,Operating
2025-12,55154,CTA,Lost Pines 1 Power Project,202.5,CT,(OP) Operating,Operating
2025-12,55154,CTB,Lost Pines 1 Power Project,202.5,CT,(OP) Operating,Operating
2025-12,55154,ST,Lost Pines 1 Power Project,204,CA,(OP) Operating,Operating
2025-12,55168,0001,Bastrop Energy Center,188.2,CT,(OP) Operating,Operating
2025-12,55168,0002,Bastrop Energy Center,188.2,CT,(OP) Operating,Operating
2025-12,55168,0003,Bastrop Energy Center,242.3,CA,(OP) Operating,Operating
2025-12,55172,GT-1,Thad Hill Energy Center,154,CT,(OP) Operating,Operating
2025-12,55172,GT-2,Thad Hill Energy Center,154,CT,(OP) Operating,Operating
2025-12,55172,GT-3,Thad Hill Energy Center,154,CT,(OP) Operating,Operating
2025-12,55172,ST-4,Thad Hill Energy Center,95,CA,(OP) Operating,Operating
2025-12,55172,ST-5,Thad Hill Energy Center,250,CA,(OP) Operating,Operating
2025-12,55176,GEN1,Eastman Cogeneration Facility,170,CT,(OP) Operating,Operating
2025-12,55176,GEN2,Eastman Cogeneration Facility,170,CT,(OP) Operating,Operating
2025-12,55176,GEN3,Eastman Cogeneration Facility,127.7,CA,(OP) Operating,Operating
2025-12,55187,GT1,Channelview Cogeneration Plant,192.1,CT,(OP) Operating,Operating
2025-12,55187,GT2,Channelview Cogeneration Plant,192.1,CT,(OP) Operating,Operating
2025-12,55187,GT3,Channelview Cogeneration Plant,192.1,CT,(OP) Operating,Operating
2025-12,55187,GT4,Channelview Cogeneration Plant,192.1,CT,(OP) Operating,Operating
2025-12,55187,ST1,Channelview Cogeneration Plant,149.9,CA,(OP) Operating,Operating
2025-12,55206,CT1,Corpus Christi Energy Center,198.9,CT,(OP) Operating,Operating
2025-12,55206,CT2,Corpus Christi Energy Center,198.9,CT,(OP) Operating,Operating
2025-12,55206,ST1,Corpus Christi Energy Center,195.5,CA,(OP) Operating,Operating
2025-12,55215,CTG1,Odessa-Ector Power Plant,176,CT,(OP) Operating,Operating
2025-12,55215,CTG2,Odessa-Ector Power Plant,176,CT,(OP) Operating,Operating
2025-12,55215,CTG3,Odessa-Ector Power Plant,176,CT,(OP) Operating,Operating
2025-12,55215,CTG4,Odessa-Ector Power Plant,176,CT,(OP) Operating,Operating
2025-12,55215,STG1,Odessa-Ector Power Plant,224.4,CA,(OP) Operating,Operating
2025-12,55215,STG2,Odessa-Ector Power Plant,224.4,CA,(OP) Operating,Operating
2025-12,55223,GT1,Ennis Power Company LLC,285,CT,(OP) Operating,Operating
2025-12,55223,ST1,Ennis Power Company LLC,133,CA,(OP) Operating,Operating
2025-12,55226,GT1,Freestone Energy Center,166.7,CT,(OP) Operating,Operating
2025-12,55226,GT2,Freestone Energy Center,166.7,CT,(OP) Operating,Operating
2025-12,55226,GT3,Freestone Energy Center,166.7,CT,(OP) Operating,Operating
2025-12,55226,GT4,Freestone Energy Center,166.7,CT,(OP) Operating,Operating
2025-12,55226,ST3,Freestone Energy Center,184.6,CA,(OP) Operating,Operating
2025-12,55226,ST6,Freestone Energy Center,184.6,CA,(OP) Operating,Operating
2025-12,55230,CT1,Jack County,170,CT,(OP) Operating,Operating
2025-12,55230,CT2,Jack County,170,CT,(OP) Operating,Operating
2025-12,55230,CT3,Jack County,170,CT,(OP) Operating,Operating
2025-12,55230,CT4,Jack County,170,CT,(OP) Operating,Operating
2025-12,55230,ST1,Jack County,300,CA,(OP) Operating,Operating
2025-12,55230,ST2,Jack County,300,CA,(OP) Operating,Operating
2025-12,55299,CTG1,Channel Energy Center LLC,215,CT,(OP) Operating,Operating
2025-12,55299,CTG2,Channel Energy Center LLC,215,CT,(OP) Operating,Operating
2025-12,55299,CTG3,Channel Energy Center LLC,208.8,CT,(OP) Operating,Operating
2025-12,55299,ST-1,Channel Energy Center LLC,285,CA,(OP) Operating,Operating
2025-12,55309,GEN 5,Air Products Port Arthur,32.8,GT,(OP) Operating,Operating
2025-12,55309,GEN1,Air Products Port Arthur,37.6,GT,(OP) Operating,Operating
2025-12,55311,GEN1,BASF Freeport Works,81,GT,(OP) Operating,Operating
2025-12,55313,CTG1,Ingleside Cogeneration,170.1,CT,(OP) Operating,Operating
2025-12,55313,CTG2,Ingleside Cogeneration,170.1,CT,(OP) Operating,Operating
2025-12,55313,STG,Ingleside Cogeneration,176.8,CA,(OP) Operating,Operating
2025-12,55320,GT1,Wise County Power LLC,261,CT,(OP) Operating,Operating
2025-12,55320,GT2,Wise County Power LLC,261,CT,(OP) Operating,Operating
2025-12,55320,ST1,Wise County Power LLC,299.7,CA,(OP) Operating,Operating
2025-12,55327,CTG1,Baytown Energy Center,219.3,CT,(OP) Operating,Operating
2025-12,55327,CTG2,Baytown Energy Center,219.3,CT,(OP) Operating,Operating
2025-12,55327,CTG3,Baytown Energy Center,219.3,CT,(OP) Operating,Operating
2025-12,55327,STG1,Baytown Energy Center,275,CA,(OP) Operating,Operating
2025-12,55357,CTG1,Jack Fusco Energy Center,200,CT,(OP) Operating,Operating
2025-12,55357,CTG2,Jack Fusco Energy Center,200,CT,(OP) Operating,Operating
2025-12,55357,STG1,Jack Fusco Energy Center,275.6,CA,(OP) Operating,Operating
2025-12,55358,CT1,Cottonwood Energy Company LP,198.9,CT,(OP) Operating,Operating
2025-12,55358,CT2,Cottonwood Energy Company LP,198.9,CT,(OP) Operating,Operating
2025-12,55358,CT3,Cottonwood Energy Company LP,198.9,CT,(OP) Operating,Operating
2025-12,55358,CT4,Cottonwood Energy Company LP,198.9,CT,(OP) Operating,Operating
2025-12,55358,ST1,Cottonwood Energy Company LP,159.5,CA,(OP) Operating,Operating
2025-12,55358,ST2,Cottonwood Energy Company LP,159.5,CA,(OP) Operating,Operating
2025-12,55358,ST3,Cottonwood Energy Company LP,159.5,CA,(OP) Operating,Operating
2025-12,55358,ST4,Cottonwood Energy Company LP,159.5,CA,(OP) Operating,Operating
2025-12,55365,GT1,Exelon LaPorte Generating Station,59,GT,(OP) Operating,Operating
2025-12,55365,GT2,Exelon LaPorte Generating Station,59,GT,(OP) Operating,Operating
2025-12,55365,GT3,Exelon LaPorte Generating Station,59,GT,(OP) Operating,Operating
2025-12,55365,GT4,Exelon LaPorte Generating Station,59,GT,(OP) Operating,Operating
2025-12,55464,CTG1,Deer Park Energy Center,180,CT,(OP) Operating,Operating
2025-12,55464,CTG2,Deer Park Energy Center,180,CT,(OP) Operating,Operating
2025-12,55464,CTG3,Deer Park Energy Center,180,CT,(OP) Operating,Operating
2025-12,55464,CTG4,Deer Park Energy Center,180,CT,(OP) Operating,Operating
2025-12,55464,CTG6,Deer Park Energy Center,180,CT,(OP) Operating,Operating
2025-12,55464,STG1,Deer Park Energy Center,276,CA,(OP) Operating,Operating
2025-12,55470,ST1,Green Power 2,110,CA,(OP) Operating,Operating
2025-12,55470,ST805,Green Power 2,250,CA,(OS) Out of service and NOT expected to return to service in next calendar year,Operating
2025-12,55470,TR1,Green Power 2,167,CT,(OP) Operating,Operating
2025-12,55470,TR2,Green Power 2,167,CT,(OP) Operating,Operating
2025-12,55470,TR3,Green Power 2,167,CT,(OP) Operating,Operating
2025-12,55480,ST1,Forney Energy Center,382.5,CA,(OP) Operating,Operating
2025-12,55480,ST2,Forney Energy Center,382.5,CA,(OP) Operating,Operating
2025-12,55480,U1,Forney Energy Center,188.2,CT,(OP) Operating,Operating
2025-12,55480,U2,Forney Energy Center,188.2,CT,(OP) Operating,Operating
2025-12,55480,U3,Forney Energy Center,188.2,CT,(OP) Operating,Operating
2025-12,55480,U4,Forney Energy Center,188.2,CT,(OP) Operating,Operating
2025-12,55480,U5,Forney Energy Center,188.2,CT,(OP) Operating,Operating
2025-12,55480,U6,Forney Energy Center,188.2,CT,(OP) Operating,Operating
2025-12,55545,CTG1,Hidalgo Energy Center,176.6,CT,(OP) Operating,Operating
2025-12,55545,CTG2,Hidalgo Energy Center,176.6,CT,(OP) Operating,Operating
2025-12,55545,STG1,Hidalgo Energy Center,198.1,CA,(OP) Operating,Operating
2025-12,55664,GT-1,Harrison County Power Project,170,CT,(OP) Operating,Operating
2025-12,55664,GT-2,Harrison County Power Project,170,CT,(OP) Operating,Operating
2025-12,55664,ST-1,Harrison County Power Project,230,CA,(OP) Operating,Operating
2025-12,56152,CTG1,Freeport Energy Center,180,CT,(OP) Operating,Operating
2025-12,56152,STG1,Freeport Energy Center,80,CA,(OP) Operating,Operating
2025-12,56233,CT02,EG178 Facility,60.5,CT,(OP) Operating,Operating
2025-12,56233,CTG1,EG178 Facility,60.5,CT,(OP) Operating,Operating
2025-12,56233,STG,EG178 Facility,32.9,CA,(OP) Operating,Operating
2025-12,56326,GEN1,Mustang Station Unit 4,153,GT,(OP) Operating,Operating
2025-12,56326,GEN2,Mustang Station Unit 4,153,GT,(OP) Operating,Operating
2025-12,56326,GEN3,Mustang Station Unit 4,166.1,GT,(OP) Operating,Operating
2025-12,56349,CT1A,Quail Run Energy Center,90.6,CT,(OP) Operating,Operating
2025-12,56349,CT1B,Quail Run Energy Center,90.6,CT,(OP) Operating,Operating
2025-12,56349,CT2A,Quail Run Energy Center,86.5,CT,(OP) Operating,Operating
2025-12,56349,CT2B,Quail Run Energy Center,86.5,CT,(OP) Operating,Operating
2025-12,56349,ST1,Quail Run Energy Center,98.1,CA,(OP) Operating,Operating
2025-12,56349,ST2,Quail Run Energy Center,98.1,CA,(OP) Operating,Operating
2025-12,56350,CT1A,Colorado Bend Energy Center,90,CT,(OP) Operating,Operating
2025-12,56350,CT1B,Colorado Bend Energy Center,90,CT,(OP) Operating,Operating
2025-12,56350,CT2A,Colorado Bend Energy Center,90,CT,(OP) Operating,Operating
2025-12,56350,CT2B,Colorado Bend Energy Center,90,CT,(OP) Operating,Operating
2025-12,56350,CT4A,Colorado Bend Energy Center,37,GT,(OP) Operating,Operating
2025-12,56350,CT4B,Colorado Bend Energy Center,37,GT,(OP) Operating,Operating
2025-12,56350,ST1,Colorado Bend Energy Center,105.1,CA,(OP) Operating,Operating
2025-12,56350,ST2,Colorado Bend Energy Center,115,CA,(OP) Operating,Operating
2025-12,56374,CT1,Robert Mueller Energy Center,4.6,GT,(OP) Operating,Operating
2025-12,56603,SJC1,San Jacinto County Peaking Facility,85,GT,(OP) Operating,Operating
2025-12,56603,SJC2,San Jacinto County Peaking Facility,85,GT,(OP) Operating,Operating
2025-12,56604,HC1,Hardin County Peaking Facility,86.5,GT,(OP) Operating,Operating
2025-12,56604,HC2,Hardin County Peaking Facility,86.5,GT,(OP) Operating,Operating
2025-12,56674,CGT1,Winchester Power Park,60.5,GT,(OP) Operating,Operating
2025-12,56674,CGT2,Winchester Power Park,60.5,GT,(OP) Operating,Operating
2025-12,56674,CGT3,Winchester Power Park,60.5,GT,(OP) Operating,Operating
2025-12,56674,CGT4,Winchester Power Park,60.5,GT,(OP) Operating,Operating
2025-12,56708,G2101,CFB Power Plant,155,ST,(OP) Operating,Operating
2025-12,56708,G2201,CFB Power Plant,155,ST,(OP) Operating,Operating
2025-12,56806,4,Cedar Bayou 4,178.5,CA,(OP) Operating,Operating
2025-12,56806,41,Cedar Bayou 4,178.5,CT,(OP) Operating,Operating
2025-12,56806,42,Cedar Bayou 4,178.5,CT,(OP) Operating,Operating
2025-12,57322,GT01,Mont Belvieu Cogeneration Unit,15,GT,(OP) Operating,Operating
2025-12,57504,CHP1,TECO CHP-1,48,GT,(OP) Operating,Operating
2025-12,57504,GTG2,TECO CHP-1,50,GT,(OP) Operating,Operating
2025-12,57865,E01,Antelope Station,9.3,IC,(OP) Operating,Operating
2025-12,57865,E02,Antelope Station,9.3,IC,(OP) Operating,Operating
2025-12,57865,E03,Antelope Station,9.3,IC,(OP) Operating,Operating
2025-12,57865,E04,Antelope Station,9.3,IC,(OP) Operating,Operating
2025-12,57865,E05,Antelope Station,9.3,IC,(OP) Operating,Operating
2025-12,57865,E06,Antelope Station,9.3,IC,(OP) Operating,Operating
2025-12,57865,E07,Antelope Station,9.3,IC,(OP) Operating,Operating
2025-12,57865,E08,Antelope Station,9.3,IC,(OP) Operating,Operating
2025-12,57865,E09,Antelope Station,9.3,IC,(OP) Operating,Operating
2025-12,57865,E10,Antelope Station,9.3,IC,(OP) Operating,Operating
2025-12,57865,E11,Antelope Station,9.3,IC,(OP) Operating,Operating
2025-12,57865,E12,Antelope Station,9.3,IC,(OP) Operating,Operating
2025-12,57865,E13,Antelope Station,9.3,IC,(OP) Operating,Operating
2025-12,57865,E14,Antelope Station,9.3,IC,(OP) Operating,Operating
2025-12,57865,E15,Antelope Station,9.3,IC,(OP) Operating,Operating
2025-12,57865,E16,Antelope Station,9.3,IC,(OP) Operating,Operating
2025-12,57865,E17,Antelope Station,9.3,IC,(OP) Operating,Operating
2025-12,57865,E18,Antelope Station,9.3,IC,(OP) Operating,Operating
2025-12,58001,CTG-1,Temple Power Station,232,CT,(OP) Operating,Operating
2025-12,58001,CTG-2,Temple Power Station,232,CT,(OP) Operating,Operating
2025-12,58001,CTG-3,Temple Power Station,232,CT,(OP) Operating,Operating
2025-12,58001,CTG-4,Temple Power Station,232,CT,(OP) Operating,Operating
2025-12,58001,STG-1,Temple Power Station,339.2,CA,(OP) Operating,Operating
2025-12,58001,STG-2,Temple Power Station,339.2,CA,(OP) Operating,Operating
2025-12,58005,CTG-1,Rayburn Energy Station LLC,232,CT,(OP) Operating,Operating
2025-12,58005,CTG-2,Rayburn Energy Station LLC,232,CT,(OP) Operating,Operating
2025-12,58005,STG-1,Rayburn Energy Station LLC,339.2,CA,(OP) Operating,Operating
2025-12,58151,GTG01,Central Utility Plant - Texas A&M,34.1,CT,(OP) Operating,Operating
2025-12,58151,STG02,Central Utility Plant - Texas A&M,11,CA,(OP) Operating,Operating
2025-12,58378,GT2,Petra Nova Carbon Capture Cogen,82.2,GT,(OP) Operating,Operating
2025-12,58471,CTG1,Ector County Energy Center,179.4,GT,(OP) Operating,Operating
2025-12,58471,CTG2,Ector County Energy Center,179.4,GT,(OP) Operating,Operating
2025-12,58562,GT-1,Montana Power Station,131.8,GT,(OP) Operating,Operating
2025-12,58562,GT-2,Montana Power Station,131.8,GT,(OP) Operating,Operating
2025-12,58562,GT-3,Montana Power Station,131.8,GT,(OP) Operating,Operating
2025-12,58562,GT-4,Montana Power Station,131.8,GT,(OP) Operating,Operating
2025-12,58835,ELK1,Elk Station,199.8,GT,(OP) Operating,Operating
2025-12,58835,ELK2,Elk Station,199.8,GT,(OP) Operating,Operating
2025-12,58835,ELK3,Elk Station,199.8,GT,(OP) Operating,Operating
2025-12,59145,65GTG,Freeport LP Pretreatment Facility,87,GT,(OP) Operating,Operating
2025-12,59381,GT-1,"The Methodist Hospital, Gas Turbine",5,GT,(OP) Operating,Operating
2025-12,59391,ENG01,Red Gate Power Plant,18.7,IC,(OP) Operating,Operating
2025-12,59391,ENG02,Red Gate Power Plant,18.7,IC,(OP) Operating,Operating
2025-12,59391,ENG03,Red Gate Power Plant,18.7,IC,(OP) Operating,Operating
2025-12,59391,ENG04,Red Gate Power Plant,18.7,IC,(OP) Operating,Operating
2025-12,59391,ENG05,Red Gate Power Plant,18.7,IC,(OP) Operating,Operating
2025-12,59391,ENG06,Red Gate Power Plant,18.7,IC,(OP) Operating,Operating
2025-12,59391,ENG07,Red Gate Power Plant,18.7,IC,(OP) Operating,Operating
2025-12,59391,ENG08,Red Gate Power Plant,18.7,IC,(OP) Operating,Operating
2025-12,59391,ENG09,Red Gate Power Plant,18.7,IC,(OP) Operating,Operating
2025-12,59391,ENG10,Red Gate Power Plant,18.7,IC,(OP) Operating,Operating
2025-12,59391,ENG11,Red Gate Power Plant,18.7,IC,(OP) Operating,Operating
2025-12,59391,ENG12,Red Gate Power Plant,18.7,IC,(OP) Operating,Operating
2025-12,59812,CGT4,Wolf Hollow II,360,CT,(OP) Operating,Operating
2025-12,59812,CGT5,Wolf Hollow II,360,CT,(OP) Operating,Operating
2025-12,59812,STG6,Wolf Hollow II,511.2,CA,(OP) Operating,Operating
2025-12,59938,UNIT1,Sky Global Power One,8.5,IC,(OP) Operating,Operating
2025-12,59938,UNIT2,Sky Global Power One,8.5,IC,(OP) Operating,Operating
2025-12,59938,UNIT3,Sky Global Power One,8.5,IC,(OP) Operating,Operating
2025-12,59938,UNIT4,Sky Global Power One,8.5,IC,(OP) Operating,Operating
2025-12,59938,UNIT5,Sky Global Power One,8.5,IC,(OP) Operating,Operating
2025-12,59938,UNIT6,Sky Global Power One,8.5,IC,(OP) Operating,Operating
2025-12,60122,CT7,Colorado Bend II,360.9,CT,(OP) Operating,Operating
2025-12,60122,CT8,Colorado Bend II,360.9,CT,(OP) Operating,Operating
2025-12,60122,STG9,Colorado Bend II,508.5,CA,(OP) Operating,Operating
2025-12,60264,BCGT1,Bacliff,71.2,GT,(OP) Operating,Operating
2025-12,60264,BCGT2,Bacliff,71.2,GT,(OP) Operating,Operating
2025-12,60264,BCGT3,Bacliff,71.2,GT,(OP) Operating,Operating
2025-12,60264,BCGT4,Bacliff,71.2,GT,(OP) Operating,Operating
2025-12,60264,BCGT5,Bacliff,71.2,GT,(OP) Operating,Operating
2025-12,60264,BCGT6,Bacliff,71.2,GT,(OP) Operating,Operating
2025-12,60459,PC1,Port Comfort Power LLC,60.5,GT,(OP) Operating,Operating
2025-12,60459,PC2,Port Comfort Power LLC,60.5,GT,(OP) Operating,Operating
2025-12,60460,CH1,Chamon Power LLC,60.5,GT,(OP) Operating,Operating
2025-12,60460,CH2,Chamon Power LLC,60.5,GT,(OP) Operating,Operating
2025-12,60468,GT-1,Friendswood Energy,121.5,GT,(OP) Operating,Operating
2025-12,60925,1A,Montgomery County,250,CT,(OP) Operating,Operating
2025-12,60925,1B,Montgomery County,250,CT,(OP) Operating,Operating
2025-12,60925,1C,Montgomery County,500,CA,(OP) Operating,Operating
2025-12,61241,VC-1,Tres City Power LLC,50,GT,(OP) Operating,Operating
2025-12,61241,VC-2,Tres City Power LLC,50,GT,(OP) Operating,Operating
2025-12,61242,VP-1,"Tres Port Power, LLC",50,GT,(OP) Operating,Operating
2025-12,61242,VP-2,"Tres Port Power, LLC",50,GT,(OP) Operating,Operating
2025-12,61643,DEC1,Denton Energy Center,18.8,IC,(OP) Operating,Operating
2025-12,61643,DEC10,Denton Energy Center,18.8,IC,(OP) Operating,Operating
2025-12,61643,DEC11,Denton Energy Center,18.8,IC,(OP) Operating,Operating
2025-12,61643,DEC12,Denton Energy Center,18.8,IC,(OP) Operating,Operating
2025-12,61643,DEC2,Denton Energy Center,18.8,IC,(OP) Operating,Operating
2025-12,61643,DEC3,Denton Energy Center,18.8,IC,(OP) Operating,Operating
2025-12,61643,DEC4,Denton Energy Center,18.8,IC,(OP) Operating,Operating
2025-12,61643,DEC5,Denton Energy Center,18.8,IC,(OP) Operating,Operating
2025-12,61643,DEC6,Denton Energy Center,18.8,IC,(OP) Operating,Operating
2025-12,61643,DEC7,Denton Energy Center,18.8,IC,(OP) Operating,Operating
2025-12,61643,DEC8,Denton Energy Center,18.8,IC,(OP) Operating,Operating
2025-12,61643,DEC9,Denton Energy Center,18.8,IC,(OP) Operating,Operating
2025-12,61966,VP2-1,Victoria Port Power II LLC,50,GT,(OP) Operating,Operating
2025-12,61966,VP2-2,Victoria Port Power II LLC,50,GT,(OP) Operating,Operating
2025-12,62548,SJ-1,SJRR Power LLC,50,GT,(OP) Operating,Operating
2025-12,62548,SJ-2,SJRR Power LLC,50,GT,(OP) Operating,Operating
2025-12,62762,CTG-1,NASA Johnson Space Center CHP,5.6,GT,(OP) Operating,Operating
2025-12,62762,CTG-2,NASA Johnson Space Center CHP,5.6,GT,(OP) Operating,Operating
2025-12,63335,CTG-1,HO Clarke Generating,60.5,GT,(OP) Operating,Operating
2025-12,63335,CTG-2,HO Clarke Generating,60.5,GT,(OP) Operating,Operating
2025-12,63335,CTG-3,HO Clarke Generating,60.5,GT,(OP) Operating,Operating
2025-12,63335,CTG-4,HO Clarke Generating,60.5,GT,(OP) Operating,Operating
2025-12,63335,CTG-5,HO Clarke Generating,60.5,GT,(OP) Operating,Operating
2025-12,63335,CTG-6,HO Clarke Generating,60.5,GT,(OP) Operating,Operating
2025-12,63335,CTG-7,HO Clarke Generating,60.5,GT,(OP) Operating,Operating
2025-12,63335,CTG-8,HO Clarke Generating,60.5,GT,(OP) Operating,Operating
2025-12,63688,CTG-1,Topaz Generating,60.5,GT,(OP) Operating,Operating
2025-12,63688,CTG-2,Topaz Generating,60.5,GT,(OP) Operating,Operating
2025-12,63688,CTG-3,Topaz Generating,60.5,GT,(OP) Operating,Operating
2025-12,63688,CTG-4,Topaz Generating,60.5,GT,(OP) Operating,Operating
2025-12,63688,CTG-5,Topaz Generating,60.5,GT,(OP) Operating,Operating
2025-12,63688,CTG-6,Topaz Generating,60.5,GT,(OP) Operating,Operating
2025-12,63688,CTG-7,Topaz Generating,60.5,GT,(OP) Operating,Operating
2025-12,63688,CTG-8,Topaz Generating,60.5,GT,(OP) Operating,Operating
2025-12,63688,CTG-9,Topaz Generating,60.5,GT,(OP) Operating,Operating
2025-12,63688,CTG10,Topaz Generating,60.5,GT,(OP) Operating,Operating
2025-12,64383,CTG-1,Braes Bayou Plant,60.5,GT,(OP) Operating,Operating
2025-12,64383,CTG-2,Braes Bayou Plant,60.5,GT,(OP) Operating,Operating
2025-12,64383,CTG-3,Braes Bayou Plant,60.5,GT,(OP) Operating,Operating
2025-12,64383,CTG-4,Braes Bayou Plant,60.5,GT,(OP) Operating,Operating
2025-12,64383,CTG-5,Braes Bayou Plant,60.5,GT,(OP) Operating,Operating
2025-12,64383,CTG-6,Braes Bayou Plant,60.5,GT,(OP) Operating,Operating
2025-12,64383,CTG-7,Braes Bayou Plant,60.5,GT,(OP) Operating,Operating
2025-12,64383,CTG-8,Braes Bayou Plant,60.5,GT,(OP) Operating,Operating
2025-12,64769,GEN1,WAL194,0.4,IC,(OP) Operating,Operating
2025-12,64769,GEN2,WAL194,0.4,IC,(OP) Operating,Operating
2025-12,64769,GEN3,WAL194,0.4,IC,(OP) Operating,Operating
2025-12,64771,GEN1,WAL266,0.4,IC,(OP) Operating,Operating
2025-12,64771,GEN2,WAL266,0.4,IC,(OP) Operating,Operating
2025-12,64771,GEN3,WAL266,0.4,IC,(OP) Operating,Operating
2025-12,64772,GEN1,WAL284,0.4,IC,(OP) Operating,Operating
2025-12,64772,GEN2,WAL284,0.4,IC,(OP) Operating,Operating
2025-12,64772,GEN3,WAL284,0.4,IC,(OP) Operating,Operating
2025-12,64773,GEN1,WAL407,0.4,IC,(OP) Operating,Operating
2025-12,64773,GEN2,WAL407,0.4,IC,(OP) Operating,Operating
2025-12,64773,GEN3,WAL407,0.4,IC,(OP) Operating,Operating
2025-12,64774,GEN1,WAL414,0.4,IC,(OP) Operating,Operating
2025-12,64774,GEN2,WAL414,0.4,IC,(OP) Operating,Operating
2025-12,64774,GEN3,WAL414,0.4,IC,(OP) Operating,Operating
2025-12,64775,GEN1,WAL447,0.4,IC,(OP) Operating,Operating
2025-12,64775,GEN2,WAL447,0.4,IC,(OP) Operating,Operating
2025-12,64775,GEN3,WAL447,0.4,IC,(OP) Operating,Operating
2025-12,64776,GEN1,WAL452,0.4,IC,(OP) Operating,Operating
2025-12,64776,GEN2,WAL452,0.4,IC,(OP) Operating,Operating
2025-12,64776,GEN3,WAL452,0.4,IC,(OP) Operating,Operating
2025-12,64777,GEN1,WAL456,0.4,IC,(OP) Operating,Operating
2025-12,64777,GEN2,WAL456,0.4,IC,(OP) Operating,Operating
2025-12,64777,GEN3,WAL456,0.4,IC,(OP) Operating,Operating
2025-12,64778,GEN1,WAL461,0.4,IC,(OP) Operating,Operating
2025-12,64778,GEN2,WAL461,0.4,IC,(OP) Operating,Operating
2025-12,64778,GEN3,WAL461,0.4,IC,(OP) Operating,Operating
2025-12,64791,GEN1,WAL462,1.3,IC,(OP) Operating,Operating
2025-12,64792,GEN1,WAL504,0.4,IC,(OP) Operating,Operating
2025-12,64792,GEN2,WAL504,0.4,IC,(OP) Operating,Operating
2025-12,64792,GEN3,WAL504,0.4,IC,(OP) Operating,Operating
2025-12,64793,GEN1,WAL522,0.4,IC,(OP) Operating,Operating
2025-12,64793,GEN2,WAL522,0.4,IC,(OP) Operating,Operating
2025-12,64793,GEN3,WAL522,0.4,IC,(OP) Operating,Operating
2025-12,64794,GEN1,WAL529,1.3,IC,(OP) Operating,Operating
2025-12,64795,GEN1,WAL536,0.4,IC,(OP) Operating,Operating
2025-12,64795,GEN2,WAL536,0.4,IC,(OP) Operating,Operating
2025-12,64795,GEN3,WAL536,0.4,IC,(OP) Operating,Operating
2025-12,64796,GEN1,WAL537,0.4,IC,(OP) Operating,Operating
2025-12,64796,GEN2,WAL537,0.4,IC,(OP) Operating,Operating
2025-12,64796,GEN3,WAL537,0.4,IC,(OP) Operating,Operating
2025-12,64797,GEN1,WAL546,0.4,IC,(OP) Operating,Operating
2025-12,64797,GEN2,WAL546,0.4,IC,(OP) Operating,Operating
2025-12,64797,GEN3,WAL546,0.4,IC,(OP) Operating,Operating
2025-12,64798,GEN1,WAL565,0.4,IC,(OP) Operating,Operating
2025-12,64798,GEN2,WAL565,0.4,IC,(OP) Operating,Operating
2025-12,64798,GEN3,WAL565,0.4,IC,(OP) Operating,Operating
2025-12,64799,GEN1,WAL602,0.4,IC,(OP) Operating,Operating
2025-12,64799,GEN2,WAL602,0.4,IC,(OP) Operating,Operating
2025-12,64799,GEN3,WAL602,0.4,IC,(OP) Operating,Operating
2025-12,64800,GEN1,WAL744,0.4,IC,(OP) Operating,Operating
2025-12,64800,GEN2,WAL744,0.4,IC,(OP) Operating,Operating
2025-12,64800,GEN3,WAL744,0.4,IC,(OP) Operating,Operating
2025-12,64801,GEN1,WAL752,0.4,IC,(OP) Operating,Operating
2025-12,64801,GEN2,WAL752,0.4,IC,(OP) Operating,Operating
2025-12,64801,GEN3,WAL752,0.4,IC,(OP) Operating,Operating
2025-12,64802,GEN1,WAL768,0.4,IC,(OP) Operating,Operating
2025-12,64802,GEN2,WAL768,0.4,IC,(OP) Operating,Operating
2025-12,64802,GEN3,WAL768,0.4,IC,(OP) Operating,Operating
2025-12,64803,GEN1,WAL772,0.4,IC,(OP) Operating,Operating
2025-12,64803,GEN2,WAL772,0.4,IC,(OP) Operating,Operating
2025-12,64803,GEN3,WAL772,0.4,IC,(OP) Operating,Operating
2025-12,64804,GEN1,WAL791,0.4,IC,(OP) Operating,Operating
2025-12,64804,GEN2,WAL791,0.4,IC,(OP) Operating,Operating
2025-12,64804,GEN3,WAL791,0.4,IC,(OP) Operating,Operating
2025-12,64805,GEN1,WAL849,0.4,IC,(OP) Operating,Operating
2025-12,64805,GEN2,WAL849,0.4,IC,(OP) Operating,Operating
2025-12,64805,GEN3,WAL849,0.4,IC,(OP) Operating,Operating
2025-12,64806,GEN1,WAL872,0.4,IC,(OP) Operating,Operating
2025-12,64806,GEN2,WAL872,0.4,IC,(OP) Operating,Operating
2025-12,64806,GEN3,WAL872,0.4,IC,(OP) Operating,Operating
2025-12,64807,GEN1,WAL896,0.4,IC,(OP) Operating,Operating
2025-12,64807,GEN2,WAL896,0.4,IC,(OP) Operating,Operating
2025-12,64807,GEN3,WAL896,0.4,IC,(OP) Operating,Operating
2025-12,64808,GEN1,WAL897,1.3,IC,(OP) Operating,Operating
2025-12,64809,GEN1,WAL940,0.4,IC,(OP) Operating,Operating
2025-12,64809,GEN2,WAL940,0.4,IC,(OP) Operating,Operating
2025-12,64809,GEN3,WAL940,0.4,IC,(OP) Operating,Operating
2025-12,64810,GEN1,WAL947,0.4,IC,(OP) Operating,Operating
2025-12,64810,GEN2,WAL947,0.4,IC,(OP) Operating,Operating
2025-12,64810,GEN3,WAL947,0.4,IC,(OP) Operating,Operating
2025-12,64812,GEN1,WAL972,0.4,IC,(OP) Operating,Operating
2025-12,64812,GEN2,WAL972,0.4,IC,(OP) Operating,Operating
2025-12,64812,GEN3,WAL972,0.4,IC,(OP) Operating,Operating
2025-12,64813,GEN1,WAL1040,0.4,IC,(OP) Operating,Operating
2025-12,64813,GEN2,WAL1040,0.4,IC,(OP) Operating,Operating
2025-12,64813,GEN3,WAL1040,0.4,IC,(OP) Operating,Operating
2025-12,64814,GEN1,WAL1062,0.4,IC,(OP) Operating,Operating
2025-12,64814,GEN2,WAL1062,0.4,IC,(OP) Operating,Operating
2025-12,64814,GEN3,WAL1062,0.4,IC,(OP) Operating,Operating
2025-12,64815,GEN1,WAL1103,0.4,IC,(OP) Operating,Operating
2025-12,64815,GEN2,WAL1103,0.4,IC,(OP) Operating,Operating
2025-12,64815,GEN3,WAL1103,0.4,IC,(OP) Operating,Operating
2025-12,64816,GEN1,WAL1232,0.4,IC,(OP) Operating,Operating
2025-12,64816,GEN2,WAL1232,0.4,IC,(OP) Operating,Operating
2025-12,64816,GEN3,WAL1232,0.4,IC,(OP) Operating,Operating
2025-12,64829,GEN1,WAL1272,0.4,IC,(OP) Operating,Operating
2025-12,64829,GEN2,WAL1272,0.4,IC,(OP) Operating,Operating
2025-12,64829,GEN3,WAL1272,0.4,IC,(OP) Operating,Operating
2025-12,64883,GEN1,WAL1455,0.4,IC,(OP) Operating,Operating
2025-12,64883,GEN2,WAL1455,0.4,IC,(OP) Operating,Operating
2025-12,64883,GEN3,WAL1455,0.4,IC,(OP) Operating,Operating
2025-12,64884,GEN1,WAL1801,0.4,IC,(OP) Operating,Operating
2025-12,64884,GEN2,WAL1801,0.4,IC,(OP) Operating,Operating
2025-12,64884,GEN3,WAL1801,0.4,IC,(OP) Operating,Operating
2025-12,64885,GEN1,WAL2257,0.4,IC,(OP) Operating,Operating
2025-12,64885,GEN2,WAL2257,0.4,IC,(OP) Operating,Operating
2025-12,64885,GEN3,WAL2257,0.4,IC,(OP) Operating,Operating
2025-12,64886,GEN1,WAL2439,0.4,IC,(OP) Operating,Operating
2025-12,64886,GEN2,WAL2439,0.4,IC,(OP) Operating,Operating
2025-12,64886,GEN3,WAL2439,0.4,IC,(OP) Operating,Operating
2025-12,64887,GEN1,WAL2667,0.4,IC,(OP) Operating,Operating
2025-12,64887,GEN2,WAL2667,0.4,IC,(OP) Operating,Operating
2025-12,64887,GEN3,WAL2667,0.4,IC,(OP) Operating,Operating
2025-12,64888,GEN1,WAL2724,0.4,IC,(OP) Operating,Operating
2025-12,64888,GEN2,WAL2724,0.4,IC,(OP) Operating,Operating
2025-12,64888,GEN3,WAL2724,0.4,IC,(OP) Operating,Operating
2025-12,64889,GEN1,WAL2883,0.4,IC,(OP) Operating,Operating
2025-12,64889,GEN2,WAL2883,0.4,IC,(OP) Operating,Operating
2025-12,64889,GEN3,WAL2883,0.4,IC,(OP) Operating,Operating
2025-12,64890,GEN1,WAL2980,0.4,IC,(OP) Operating,Operating
2025-12,64890,GEN2,WAL2980,0.4,IC,(OP) Operating,Operating
2025-12,64890,GEN3,WAL2980,0.4,IC,(OP) Operating,Operating
2025-12,64891,GEN1,WAL2993,0.4,IC,(OP) Operating,Operating
2025-12,64891,GEN2,WAL2993,0.4,IC,(OP) Operating,Operating
2025-12,64891,GEN3,WAL2993,0.4,IC,(OP) Operating,Operating
2025-12,64893,GEN1,WAL3224,0.4,IC,(OP) Operating,Operating
2025-12,64893,GEN2,WAL3224,0.4,IC,(OP) Operating,Operating
2025-12,64893,GEN3,WAL3224,0.4,IC,(OP) Operating,Operating
2025-12,64895,GEN1,WAL3226,0.4,IC,(OP) Operating,Operating
2025-12,64895,GEN2,WAL3226,0.4,IC,(OP) Operating,Operating
2025-12,64895,GEN3,WAL3226,0.4,IC,(OP) Operating,Operating
2025-12,64896,GEN1,WAL3284,0.4,IC,(OP) Operating,Operating
2025-12,64896,GEN2,WAL3284,0.4,IC,(OP) Operating,Operating
2025-12,64896,GEN3,WAL3284,0.4,IC,(OP) Operating,Operating
2025-12,64897,GEN1,WAL3285,0.4,IC,(OP) Operating,Operating
2025-12,64897,GEN2,WAL3285,0.4,IC,(OP) Operating,Operating
2025-12,64897,GEN3,WAL3285,0.4,IC,(OP) Operating,Operating
2025-12,64898,GEN1,WAL3297,0.4,IC,(OP) Operating,Operating
2025-12,64898,GEN2,WAL3297,0.4,IC,(OP) Operating,Operating
2025-12,64898,GEN3,WAL3297,0.4,IC,(OP) Operating,Operating
2025-12,64899,GEN1,WAL3298,0.4,IC,(OP) Operating,Operating
2025-12,64899,GEN2,WAL3298,0.4,IC,(OP) Operating,Operating
2025-12,64899,GEN3,WAL3298,0.4,IC,(OP) Operating,Operating
2025-12,64900,GEN1,WAL3302,0.4,IC,(OP) Operating,Operating
2025-12,64900,GEN2,WAL3302,0.4,IC,(OP) Operating,Operating
2025-12,64900,GEN3,WAL3302,0.4,IC,(OP) Operating,Operating
2025-12,64901,GEN1,WAL3320,0.4,IC,(OP) Operating,Operating
2025-12,64901,GEN2,WAL3320,0.4,IC,(OP) Operating,Operating
2025-12,64901,GEN3,WAL3320,0.4,IC,(OP) Operating,Operating
2025-12,64902,GEN1,WAL3390,0.4,IC,(OP) Operating,Operating
2025-12,64902,GEN2,WAL3390,0.4,IC,(OP) Operating,Operating
2025-12,64902,GEN3,WAL3390,0.4,IC,(OP) Operating,Operating
2025-12,64922,GEN1,WAL3406,0.4,IC,(OP) Operating,Operating
2025-12,64922,GEN2,WAL3406,0.4,IC,(OP) Operating,Operating
2025-12,64922,GEN3,WAL3406,0.4,IC,(OP) Operating,Operating
2025-12,64923,GEN1,WAL3425,0.4,IC,(OP) Operating,Operating
2025-12,64923,GEN2,WAL3425,0.4,IC,(OP) Operating,Operating
2025-12,64923,GEN3,WAL3425,0.4,IC,(OP) Operating,Operating
2025-12,64924,GEN1,WAL3432,0.4,IC,(OP) Operating,Operating
2025-12,64924,GEN2,WAL3432,0.4,IC,(OP) Operating,Operating
2025-12,64924,GEN3,WAL3432,0.4,IC,(OP) Operating,Operating
2025-12,64925,GEN1,WAL3500,0.4,IC,(OP) Operating,Operating
2025-12,64925,GEN2,WAL3500,0.4,IC,(OP) Operating,Operating
2025-12,64925,GEN3,WAL3500,0.4,IC,(OP) Operating,Operating
2025-12,64926,GEN1,WAL3510,1.3,IC,(OP) Operating,Operating
2025-12,64933,GEN1,WAL3518,0.4,IC,(OP) Operating,Operating
2025-12,64933,GEN2,WAL3518,0.4,IC,(OP) Operating,Operating
2025-12,64933,GEN3,WAL3518,0.4,IC,(OP) Operating,Operating
2025-12,64934,GEN1,WAL3572,1.3,IC,(OP) Operating,Operating
2025-12,64935,GEN1,WAL3584,0.4,IC,(OP) Operating,Operating
2025-12,64935,GEN2,WAL3584,0.4,IC,(OP) Operating,Operating
2025-12,64935,GEN3,WAL3584,0.4,IC,(OP) Operating,Operating
2025-12,64936,GEN1,WAL3631,0.4,IC,(OP) Operating,Operating
2025-12,64936,GEN2,WAL3631,0.4,IC,(OP) Operating,Operating
2025-12,64936,GEN3,WAL3631,0.4,IC,(OP) Operating,Operating
2025-12,64937,GEN1,WAL3773,0.4,IC,(OP) Operating,Operating
2025-12,64937,GEN2,WAL3773,0.4,IC,(OP) Operating,Operating
2025-12,64937,GEN3,WAL3773,0.4,IC,(OP) Operating,Operating
2025-12,64939,GEN1,WAL3827,0.4,IC,(OP) Operating,Operating
2025-12,64939,GEN2,WAL3827,0.4,IC,(OP) Operating,Operating
2025-12,64939,GEN3,WAL3827,0.4,IC,(OP) Operating,Operating
2025-12,64940,GEN1,WAL3886,0.4,IC,(OP) Operating,Operating
2025-12,64940,GEN2,WAL3886,0.4,IC,(OP) Operating,Operating
2025-12,64940,GEN3,WAL3886,0.4,IC,(OP) Operating,Operating
2025-12,64942,GEN1,WAL4298,0.4,IC,(OP) Operating,Operating
2025-12,64942,GEN2,WAL4298,0.4,IC,(OP) Operating,Operating
2025-12,64942,GEN3,WAL4298,0.4,IC,(OP) Operating,Operating
2025-12,64943,GEN1,WAL4509,0.4,IC,(OP) Operating,Operating
2025-12,64943,GEN2,WAL4509,0.4,IC,(OP) Operating,Operating
2025-12,64943,GEN3,WAL4509,0.4,IC,(OP) Operating,Operating
2025-12,64944,GEN1,WAL4512,0.4,IC,(OP) Operating,Operating
2025-12,64944,GEN2,WAL4512,0.4,IC,(OP) Operating,Operating
2025-12,64944,GEN3,WAL4512,0.4,IC,(OP) Operating,Operating
2025-12,64945,GEN1,WAL4526,0.4,IC,(OP) Operating,Operating
2025-12,64945,GEN2,WAL4526,0.4,IC,(OP) Operating,Operating
2025-12,64945,GEN3,WAL4526,0.4,IC,(OP) Operating,Operating
2025-12,64946,GEN1,WAL4538,0.4,IC,(OP) Operating,Operating
2025-12,64946,GEN2,WAL4538,0.4,IC,(OP) Operating,Operating
2025-12,64946,GEN3,WAL4538,0.4,IC,(OP) Operating,Operating
2025-12,64947,GEN1,WAL5045,0.4,IC,(OP) Operating,Operating
2025-12,64947,GEN2,WAL5045,0.4,IC,(OP) Operating,Operating
2025-12,64947,GEN3,WAL5045,0.4,IC,(OP) Operating,Operating
2025-12,64948,GEN1,WAL5080,0.4,IC,(OP) Operating,Operating
2025-12,64948,GEN2,WAL5080,0.4,IC,(OP) Operating,Operating
2025-12,64948,GEN3,WAL5080,0.4,IC,(OP) Operating,Operating
2025-12,64949,GEN1,WAL5091,0.4,IC,(OP) Operating,Operating
2025-12,64949,GEN2,WAL5091,0.4,IC,(OP) Operating,Operating
2025-12,64949,GEN3,WAL5091,0.4,IC,(OP) Operating,Operating
2025-12,64950,GEN1,WAL5116,0.4,IC,(OP) Operating,Operating
2025-12,64950,GEN2,WAL5116,0.4,IC,(OP) Operating,Operating
2025-12,64950,GEN3,WAL5116,0.4,IC,(OP) Operating,Operating
2025-12,64951,GEN1,WAL5165,0.4,IC,(OP) Operating,Operating
2025-12,64951,GEN2,WAL5165,0.4,IC,(OP) Operating,Operating
2025-12,64951,GEN3,WAL5165,0.4,IC,(OP) Operating,Operating
2025-12,64953,GE N3,WAL5287,0.4,IC,(OP) Operating,Operating
2025-12,64953,GEN1,WAL5287,0.4,IC,(OP) Operating,Operating
2025-12,64953,GEN2,WAL5287,0.4,IC,(OP) Operating,Operating
2025-12,64955,GEN1,WAL5312,0.4,IC,(OP) Operating,Operating
2025-12,64955,GEN2,WAL5312,0.4,IC,(OP) Operating,Operating
2025-12,64955,GEN3,WAL5312,0.4,IC,(OP) Operating,Operating
2025-12,64956,GEN1,WAL5316,0.4,IC,(OP) Operating,Operating
2025-12,64956,GEN2,WAL5316,0.4,IC,(OP) Operating,Operating
2025-12,64956,GEN3,WAL5316,0.4,IC,(OP) Operating,Operating
2025-12,64957,GEN1,WAL5388,1.3,IC,(OP) Operating,Operating
2025-12,64958,GEN1,WAL5479,0.4,IC,(OP) Operating,Operating
2025-12,64958,GEN2,WAL5479,0.4,IC,(OP) Operating,Operating
2025-12,64958,GEN3,WAL5479,0.4,IC,(OP) Operating,Operating
2025-12,64959,GEN1,WAL5480,0.4,IC,(OP) Operating,Operating
2025-12,64959,GEN2,WAL5480,0.4,IC,(OP) Operating,Operating
2025-12,64959,GEN3,WAL5480,0.4,IC,(OP) Operating,Operating
2025-12,64960,GEN1,WAL5612,0.4,IC,(OP) Operating,Operating
2025-12,64960,GEN2,WAL5612,0.4,IC,(OP) Operating,Operating
2025-12,64960,GEN3,WAL5612,0.4,IC,(OP) Operating,Operating
2025-12,64961,GEN1,WAL5713,0.4,IC,(OP) Operating,Operating
2025-12,64961,GEN2,WAL5713,0.4,IC,(OP) Operating,Operating
2025-12,64961,GEN3,WAL5713,0.4,IC,(OP) Operating,Operating
2025-12,64962,GEN1,WAL5764,0.4,IC,(OP) Operating,Operating
2025-12,64962,GEN2,WAL5764,0.4,IC,(OP) Operating,Operating
2025-12,64962,GEN3,WAL5764,0.4,IC,(OP) Operating,Operating
2025-12,64963,GEN1,WAL6929,0.4,IC,(OP) Operating,Operating
2025-12,64963,GEN2,WAL6929,0.4,IC,(OP) Operating,Operating
2025-12,64963,GEN3,WAL6929,0.4,IC,(OP) Operating,Operating
2025-12,65026,H2921,HEB00292,0.4,IC,(OP) Operating,Operating
2025-12,65026,H2922,HEB00292,0.4,IC,(OP) Operating,Operating
2025-12,65026,H2923,HEB00292,0.4,IC,(OP) Operating,Operating
2025-12,65261,H0201,HEB00020,0.4,IC,(OP) Operating,Operating
2025-12,65261,H0202,HEB00020,0.4,IC,(OP) Operating,Operating
2025-12,65261,H0203,HEB00020,0.4,IC,(OP) Operating,Operating
2025-12,65262,H0281,HEB00028,0.4,IC,(OP) Operating,Operating
2025-12,65262,H0282,HEB00028,0.4,IC,(OP) Operating,Operating
2025-12,65262,H0283,HEB00028,0.4,IC,(OP) Operating,Operating
2025-12,65263,H0381,HEB00038,0.4,IC,(OP) Operating,Operating
2025-12,65263,H0382,HEB00038,0.4,IC,(OP) Operating,Operating
2025-12,65263,H0383,HEB00038,0.4,IC,(OP) Operating,Operating
2025-12,65264,H0541,HEB00054,0.4,IC,(OP) Operating,Operating
2025-12,65264,H0542,HEB00054,0.4,IC,(OP) Operating,Operating
2025-12,65264,H0543,HEB00054,0.4,IC,(OP) Operating,Operating
2025-12,65265,H0571,HEB00057,0.4,IC,(OP) Operating,Operating
2025-12,65265,H0572,HEB00057,0.4,IC,(OP) Operating,Operating
2025-12,65265,H0573,HEB00057,0.4,IC,(OP) Operating,Operating
2025-12,65266,H0701,HEB00070,0.4,IC,(OP) Operating,Operating
2025-12,65266,H0702,HEB00070,0.4,IC,(OP) Operating,Operating
2025-12,65266,H0703,HEB00070,0.4,IC,(OP) Operating,Operating
2025-12,65267,H0991,HEB00099,0.4,IC,(OP) Operating,Operating
2025-12,65267,H0992,HEB00099,0.4,IC,(OP) Operating,Operating
2025-12,65267,H0993,HEB00099,0.4,IC,(OP) Operating,Operating
2025-12,65268,H1091,HEB00109,0.4,IC,(OP) Operating,Operating
2025-12,65268,H1092,HEB00109,0.4,IC,(OP) Operating,Operating
2025-12,65268,H1093,HEB00109,0.4,IC,(OP) Operating,Operating
2025-12,65269,H1101,HEB00110,0.4,IC,(OP) Operating,Operating
2025-12,65269,H1102,HEB00110,0.4,IC,(OP) Operating,Operating
2025-12,65269,H1103,HEB00110,0.4,IC,(OP) Operating,Operating
2025-12,65274,H1821,HEB00182,0.4,IC,(OP) Operating,Operating
2025-12,65274,H1822,HEB00182,0.4,IC,(OP) Operating,Operating
2025-12,65274,H1823,HEB00182,0.4,IC,(OP) Operating,Operating
2025-12,65372,CTG-1,Mark One Power Station,60.5,GT,(OP) Operating,Operating
2025-12,65372,CTG-2,Mark One Power Station,60.5,GT,(OP) Operating,Operating
2025-12,65372,CTG-3,Mark One Power Station,60.5,GT,(OP) Operating,Operating
2025-12,65372,CTG-4,Mark One Power Station,60.5,GT,(OP) Operating,Operating
2025-12,65372,CTG-5,Mark One Power Station,60.5,GT,(OP) Operating,Operating
2025-12,65372,CTG-6,Mark One Power Station,60.5,GT,(OP) Operating,Operating
2025-12,65372,CTG-7,Mark One Power Station,60.5,GT,(OP) Operating,Operating
2025-12,65372,CTG-8,Mark One Power Station,60.5,GT,(OP) Operating,Operating
2025-12,65373,CTG-1,Brotman Power Station,60.5,GT,(OP) Operating,Operating
2025-12,65373,CTG-2,Brotman Power Station,60.5,GT,(OP) Operating,Operating
2025-12,65373,CTG-3,Brotman Power Station,60.5,GT,(OP) Operating,Operating
2025-12,65373,CTG-4,Brotman Power Station,60.5,GT,(OP) Operating,Operating
2025-12,65373,CTG-5,Brotman Power Station,60.5,GT,(OP) Operating,Operating
2025-12,65373,CTG-6,Brotman Power Station,60.5,GT,(OP) Operating,Operating
2025-12,65373,CTG-7,Brotman Power Station,60.5,GT,(OP) Operating,Operating
2025-12,65373,CTG-8,Brotman Power Station,60.5,GT,(OP) Operating,Operating
2025-12,66335,G1,Timmerman Power Plant,18,IC,(OP) Operating,Operating
2025-12,66335,G10,Timmerman Power Plant,18,IC,(OP) Operating,Operating
2025-12,66335,G2,Timmerman Power Plant,18,IC,(OP) Operating,Operating
2025-12,66335,G3,Timmerman Power Plant,18,IC,(OP) Operating,Operating
2025-12,66335,G4,Timmerman Power Plant,18,IC,(OP) Operating,Operating
2025-12,66335,G5,Timmerman Power Plant,18,IC,(OP) Operating,Operating
2025-12,66335,G6,Timmerman Power Plant,18,IC,(OP) Operating,Operating
2025-12,66335,G7,Timmerman Power Plant,18,IC,(OP) Operating,Operating
2025-12,66335,G8,Timmerman Power Plant,18,IC,(OP) Operating,Operating
2025-12,66335,G9,Timmerman Power Plant,18,IC,(OP) Operating,Operating
2025-12,66549,H0631,HEB00063,0.4,IC,(OP) Operating,Operating
2025-12,66549,H0632,HEB00063,0.4,IC,(OP) Operating,Operating
2025-12,66549,H0633,HEB00063,0.4,IC,(OP) Operating,Operating
2025-12,66549,H0634,HEB00063,0.4,IC,(OP) Operating,Operating
2025-12,66550,H0691,HEB00069,0.4,IC,(OP) Operating,Operating
2025-12,66550,H0692,HEB00069,0.4,IC,(OP) Operating,Operating
2025-12,66550,H0693,HEB00069,0.4,IC,(OP) Operating,Operating
2025-12,66550,H0694,HEB00069,0.4,IC,(OP) Operating,Operating
2025-12,66561,B0401,BUC00040,0.4,IC,(OP) Operating,Operating
2025-12,66561,B0402,BUC00040,0.4,IC,(OP) Operating,Operating
2025-12,66561,B0403,BUC00040,0.4,IC,(OP) Operating,Operating
2025-12,66561,B0404,BUC00040,0.4,IC,(OP) Operating,Operating
2025-12,66562,H5911,HEB00591,0.4,IC,(OP) Operating,Operating
2025-12,66562,H5912,HEB00591,0.4,IC,(OP) Operating,Operating
2025-12,66562,H5913,HEB00591,0.4,IC,(OP) Operating,Operating
2025-12,66562,H5914,HEB00591,0.4,IC,(OP) Operating,Operating
2025-12,66563,H0921,HEB00092,0.4,IC,(OP) Operating,Operating
2025-12,66563,H0922,HEB00092,0.4,IC,(OP) Operating,Operating
2025-12,66563,H0923,HEB00092,0.4,IC,(OP) Operating,Operating
2025-12,66563,H0924,HEB00092,0.4,IC,(OP) Operating,Operating
2025-12,66564,H0951,HEB00095,0.4,IC,(OP) Operating,Operating
2025-12,66564,H0952,HEB00095,0.4,IC,(OP) Operating,Operating
2025-12,66564,H0953,HEB00095,0.4,IC,(OP) Operating,Operating
2025-12,66564,H0954,HEB00095,0.4,IC,(OP) Operating,Operating
2025-12,66565,HCCB1,HEBCCBakery,0.4,IC,(OP) Operating,Operating
2025-12,66565,HCCB2,HEBCCBakery,0.4,IC,(OP) Operating,Operating
2025-12,66565,HCCB3,HEBCCBakery,0.4,IC,(OP) Operating,Operating
2025-12,66565,HCCB4,HEBCCBakery,0.4,IC,(OP) Operating,Operating
2025-12,66565,HCCB5,HEBCCBakery,0.4,IC,(OP) Operating,Operating
2025-12,66565,HCCB6,HEBCCBakery,0.4,IC,(OP) Operating,Operating
2025-12,66565,HCCB7,HEBCCBakery,0.4,IC,(OP) Operating,Operating
2025-12,66565,HCCB8,HEBCCBakery,0.4,IC,(OP) Operating,Operating
2025-12,66566,HSNP1,HEBSnackPlant,0.4,IC,(OP) Operating,Operating
2025-12,66566,HSNP2,HEBSnackPlant,0.4,IC,(OP) Operating,Operating
2025-12,66566,HSNP3,HEBSnackPlant,0.4,IC,(OP) Operating,Operating
2025-12,66566,HSNP4,HEBSnackPlant,0.4,IC,(OP) Operating,Operating
2025-12,66567,HDC10,HEBHoustonDistributionCenter,0.4,IC,(OP) Operating,Operating
2025-12,66567,HDC11,HEBHoustonDistributionCenter,0.4,IC,(OP) Operating,Operating
2025-12,66567,HDC12,HEBHoustonDistributionCenter,0.4,IC,(OP) Operating,Operating
2025-12,66567,HDC13,HEBHoustonDistributionCenter,0.4,IC,(OP) Operating,Operating
2025-12,66567,HDC14,HEBHoustonDistributionCenter,0.4,IC,(OP) Operating,Operating
2025-12,66567,HDC15,HEBHoustonDistributionCenter,0.4,IC,(OP) Operating,Operating
2025-12,66567,HDC16,HEBHoustonDistributionCenter,0.4,IC,(OP) Operating,Operating
2025-12,66567,HDC17,HEBHoustonDistributionCenter,0.4,IC,(OP) Operating,Operating
2025-12,66567,HDC18,HEBHoustonDistributionCenter,0.4,IC,(OP) Operating,Operating
2025-12,66567,HDC19,HEBHoustonDistributionCenter,0.4,IC,(OP) Operating,Operating
2025-12,66567,HDC20,HEBHoustonDistributionCenter,0.4,IC,(OP) Operating,Operating
2025-12,66567,HDC21,HEBHoustonDistributionCenter,0.4,IC,(OP) Operating,Operating
2025-12,66567,HDC22,HEBHoustonDistributionCenter,0.4,IC,(OP) Operating,Operating
2025-12,66567,HDC23,HEBHoustonDistributionCenter,0.4,IC,(OP) Operating,Operating
2025-12,66567,HDC24,HEBHoustonDistributionCenter,0.4,IC,(OP) Operating,Operating
2025-12,66567,HDC25,HEBHoustonDistributionCenter,0.4,IC,(OP) Operating,Operating
2025-12,66567,HDC26,HEBHoustonDistributionCenter,0.4,IC,(OP) Operating,Operating
2025-12,66567,HDC27,HEBHoustonDistributionCenter,0.4,IC,(OP) Operating,Operating
2025-12,66567,HDC28,HEBHoustonDistributionCenter,0.4,IC,(OP) Operating,Operating
2025-12,66567,HDC29,HEBHoustonDistributionCenter,0.4,IC,(OP) Operating,Operating
2025-12,66567,HDC30,HEBHoustonDistributionCenter,0.4,IC,(OP) Operating,Operating
2025-12,66567,HDC31,HEBHoustonDistributionCenter,0.4,IC,(OP) Operating,Operating
2025-12,66567,HDC32,HEBHoustonDistributionCenter,0.4,IC,(OP) Operating,Operating
2025-12,66567,HHDC1,HEBHoustonDistributionCenter,0.4,IC,(OP) Operating,Operating
2025-12,66567,HHDC2,HEBHoustonDistributionCenter,0.4,IC,(OP) Operating,Operating
2025-12,66567,HHDC3,HEBHoustonDistributionCenter,0.4,IC,(OP) Operating,Operating
2025-12,66567,HHDC4,HEBHoustonDistributionCenter,0.4,IC,(OP) Operating,Operating
2025-12,66567,HHDC5,HEBHoustonDistributionCenter,0.4,IC,(OP) Operating,Operating
2025-12,66567,HHDC6,HEBHoustonDistributionCenter,0.4,IC,(OP) Operating,Operating
2025-12,66567,HHDC7,HEBHoustonDistributionCenter,0.4,IC,(OP) Operating,Operating
2025-12,66567,HHDC8,HEBHoustonDistributionCenter,0.4,IC,(OP) Operating,Operating
2025-12,66567,HHDC9,HEBHoustonDistributionCenter,0.4,IC,(OP) Operating,Operating
2025-12,66593,H0481,HEB00048,0.4,IC,(OP) Operating,Operating
2025-12,66593,H0482,HEB00048,0.4,IC,(OP) Operating,Operating
2025-12,66593,H0483,HEB00048,0.4,IC,(OP) Operating,Operating
2025-12,66594,H5941,HEB00594,0.4,IC,(OP) Operating,Operating
2025-12,66594,H5942,HEB00594,0.4,IC,(OP) Operating,Operating
2025-12,66594,H5943,HEB00594,0.4,IC,(OP) Operating,Operating
2025-12,66595,FLD10,FTBLID2,0.4,IC,(OP) Operating,Operating
2025-12,66595,FLD11,FTBLID2,0.4,IC,(OP) Operating,Operating
2025-12,66595,FLD12,FTBLID2,0.4,IC,(OP) Operating,Operating
2025-12,66595,FLD13,FTBLID2,0.4,IC,(OP) Operating,Operating
2025-12,66595,FLD14,FTBLID2,0.4,IC,(OP) Operating,Operating
2025-12,66595,FLD15,FTBLID2,0.4,IC,(OP) Operating,Operating
2025-12,66595,FLD16,FTBLID2,0.4,IC,(OP) Operating,Operating
2025-12,66595,FLD17,FTBLID2,0.4,IC,(OP) Operating,Operating
2025-12,66595,FLD18,FTBLID2,0.4,IC,(OP) Operating,Operating
2025-12,66595,FLD19,FTBLID2,0.4,IC,(OP) Operating,Operating
2025-12,66595,FLD20,FTBLID2,0.4,IC,(OP) Operating,Operating
2025-12,66595,FLD21,FTBLID2,0.4,IC,(OP) Operating,Operating
2025-12,66595,FLD22,FTBLID2,0.4,IC,(OP) Operating,Operating
2025-12,66595,FLD23,FTBLID2,0.4,IC,(OP) Operating,Operating
2025-12,66595,FLD24,FTBLID2,0.4,IC,(OP) Operating,Operating
2025-12,66595,FLD25,FTBLID2,0.4,IC,(OP) Operating,Operating
2025-12,66595,FLD26,FTBLID2,0.4,IC,(OP) Operating,Operating
2025-12,66595,FLD27,FTBLID2,0.4,IC,(OP) Operating,Operating
2025-12,66595,FLD28,FTBLID2,0.4,IC,(OP) Operating,Operating
2025-12,66595,FLID1,FTBLID2,0.4,IC,(OP) Operating,Operating
2025-12,66595,FLID2,FTBLID2,0.4,IC,(OP) Operating,Operating
2025-12,66595,FLID3,FTBLID2,0.4,IC,(OP) Operating,Operating
2025-12,66595,FLID4,FTBLID2,0.4,IC,(OP) Operating,Operating
2025-12,66595,FLID5,FTBLID2,0.4,IC,(OP) Operating,Operating
2025-12,66595,FLID6,FTBLID2,0.4,IC,(OP) Operating,Operating
2025-12,66595,FLID7,FTBLID2,0.4,IC,(OP) Operating,Operating
2025-12,66595,FLID8,FTBLID2,0.4,IC,(OP) Operating,Operating
2025-12,66595,FLID9,FTBLID2,0.4,IC,(OP) Operating,Operating
2025-12,66596,PRAX1,Praxair,0.4,IC,(OP) Operating,Operating
2025-12,66596,PRAX2,Praxair,0.4,IC,(OP) Operating,Operating
2025-12,66596,PRAX3,Praxair,0.4,IC,(OP) Operating,Operating
2025-12,66597,RAVC1,RavenChem,0.4,IC,(OP) Operating,Operating
2025-12,66597,RAVC2,RavenChem,0.4,IC,(OP) Operating,Operating
2025-12,66597,RAVC3,RavenChem,0.4,IC,(OP) Operating,Operating
2025-12,66597,RAVC4,RavenChem,0.4,IC,(OP) Operating,Operating
2025-12,66597,RAVC5,RavenChem,0.4,IC,(OP) Operating,Operating
2025-12,66597,RAVC6,RavenChem,0.4,IC,(OP) Operating,Operating
2025-12,66597,RAVC7,RavenChem,0.4,IC,(OP) Operating,Operating
2025-12,66597,RAVC8,RavenChem,0.4,IC,(OP) Operating,Operating
2025-12,66604,CTG-1,Remy Jade Power Station,60.5,GT,(OP) Operating,Operating
2025-12,66604,CTG-2,Remy Jade Power Station,60.5,GT,(OP) Operating,Operating
2025-12,66604,CTG-3,Remy Jade Power Station,60.5,GT,(OP) Operating,Operating
2025-12,66604,CTG-4,Remy Jade Power Station,60.5,GT,(OP) Operating,Operating
2025-12,66604,CTG-5,Remy Jade Power Station,60.5,GT,(OP) Operating,Operating
2025-12,66604,CTG-6,Remy Jade Power Station,60.5,GT,(OP) Operating,Operating
2025-12,66604,CTG-7,Remy Jade Power Station,60.5,GT,(OP) Operating,Operating
2025-12,66604,CTG-8,Remy Jade Power Station,60.5,GT,(OP) Operating,Operating
2025-12,66612,H0851,HEB_CPS00085,0.4,IC,(OP) Operating,Operating
2025-12,66612,H0852,HEB_CPS00085,0.4,IC,(OP) Operating,Operating
2025-12,66612,H0853,HEB_CPS00085,0.4,IC,(OP) Operating,Operating
2025-12,66612,H0854,HEB_CPS00085,0.4,IC,(OP) Operating,Operating
2025-12,66613,SAD10,HEB_CPSSADC,0.4,IC,(OP) Operating,Operating
2025-12,66613,SAD11,HEB_CPSSADC,0.4,IC,(OP) Operating,Operating
2025-12,66613,SAD12,HEB_CPSSADC,0.4,IC,(OP) Operating,Operating
2025-12,66613,SAD13,HEB_CPSSADC,0.4,IC,(OP) Operating,Operating
2025-12,66613,SAD14,HEB_CPSSADC,0.4,IC,(OP) Operating,Operating
2025-12,66613,SAD15,HEB_CPSSADC,0.4,IC,(OP) Operating,Operating
2025-12,66613,SAD16,HEB_CPSSADC,0.4,IC,(OP) Operating,Operating
2025-12,66613,SADC1,HEB_CPSSADC,0.4,IC,(OP) Operating,Operating
2025-12,66613,SADC2,HEB_CPSSADC,0.4,IC,(OP) Operating,Operating
2025-12,66613,SADC3,HEB_CPSSADC,0.4,IC,(OP) Operating,Operating
2025-12,66613,SADC4,HEB_CPSSADC,0.4,IC,(OP) Operating,Operating
2025-12,66613,SADC5,HEB_CPSSADC,0.4,IC,(OP) Operating,Operating
2025-12,66613,SADC6,HEB_CPSSADC,0.4,IC,(OP) Operating,Operating
2025-12,66613,SADC7,HEB_CPSSADC,0.4,IC,(OP) Operating,Operating
2025-12,66613,SADC8,HEB_CPSSADC,0.4,IC,(OP) Operating,Operating
2025-12,66613,SADC9,HEB_CPSSADC,0.4,IC,(OP) Operating,Operating
2025-12,66614,CTZH1,OTHERCitizensHospital,0.4,IC,(OP) Operating,Operating
2025-12,66614,CTZH2,OTHERCitizensHospital,0.4,IC,(OP) Operating,Operating
2025-12,66614,CTZH3,OTHERCitizensHospital,0.4,IC,(OP) Operating,Operating
2025-12,66614,CTZH4,OTHERCitizensHospital,0.4,IC,(OP) Operating,Operating
2025-12,66614,CTZH5,OTHERCitizensHospital,0.4,IC,(OP) Operating,Operating
2025-12,66614,CTZH6,OTHERCitizensHospital,0.4,IC,(OP) Operating,Operating
2025-12,66614,CTZH7,OTHERCitizensHospital,0.4,IC,(OP) Operating,Operating
2025-12,67308,AB1,AbbVie Waco,0.4,IC,(OP) Operating,Operating
2025-12,67308,AB10,AbbVie Waco,0.4,IC,(OP) Operating,Operating
2025-12,67308,AB11,AbbVie Waco,0.4,IC,(OP) Operating,Operating
2025-12,67308,AB12,AbbVie Waco,0.4,IC,(OP) Operating,Operating
2025-12,67308,AB13,AbbVie Waco,0.4,IC,(OP) Operating,Operating
2025-12,67308,AB14,AbbVie Waco,0.4,IC,(OP) Operating,Operating
2025-12,67308,AB2,AbbVie Waco,0.4,IC,(OP) Operating,Operating
2025-12,67308,AB3,AbbVie Waco,0.4,IC,(OP) Operating,Operating
2025-12,67308,AB4,AbbVie Waco,0.4,IC,(OP) Operating,Operating
2025-12,67308,AB5,AbbVie Waco,0.4,IC,(OP) Operating,Operating
2025-12,67308,AB6,AbbVie Waco,0.4,IC,(OP) Operating,Operating
2025-12,67308,AB7,AbbVie Waco,0.4,IC,(OP) Operating,Operating
2025-12,67308,AB8,AbbVie Waco,0.4,IC,(OP) Operating,Operating
2025-12,67308,AB9,AbbVie Waco,0.4,IC,(OP) Operating,Operating
2025-12,67309,BEK1,OTHERBenEKDallas,0.4,IC,(OP) Operating,Operating
2025-12,67309,BEK2,OTHERBenEKDallas,0.4,IC,(OP) Operating,Operating
2025-12,67309,BEK3,OTHERBenEKDallas,0.4,IC,(OP) Operating,Operating
2025-12,67309,BEK4,OTHERBenEKDallas,0.4,IC,(OP) Operating,Operating
2025-12,67310,H0551,HEB00055,0.4,IC,(OP) Operating,Operating
2025-12,67310,H0552,HEB00055,0.4,IC,(OP) Operating,Operating
2025-12,67310,H0553,HEB00055,0.4,IC,(OP) Operating,Operating
2025-12,67311,H7601,HEB00760,0.4,IC,(OP) Operating,Operating
2025-12,67311,H7602,HEB00760,0.4,IC,(OP) Operating,Operating
2025-12,67311,H7603,HEB00760,0.4,IC,(OP) Operating,Operating
2025-12,67312,H7761,HEB00776,0.4,IC,(OP) Operating,Operating
2025-12,67312,H7762,HEB00776,0.4,IC,(OP) Operating,Operating
2025-12,67312,H7763,HEB00776,0.4,IC,(OP) Operating,Operating
2025-12,67313,H7891,HEB00789,0.4,IC,(OP) Operating,Operating
2025-12,67313,H7892,HEB00789,0.4,IC,(OP) Operating,Operating
2025-12,67313,H7893,HEB00789,0.4,IC,(OP) Operating,Operating
2025-12,67314,H7901,HEB00790,0.4,IC,(OP) Operating,Operating
2025-12,67314,H7902,HEB00790,0.4,IC,(OP) Operating,Operating
2025-12,67314,H7903,HEB00790,0.4,IC,(OP) Operating,Operating
2025-12,67315,H7961,HEB00796,0.4,IC,(OP) Operating,Operating
2025-12,67315,H7962,HEB00796,0.4,IC,(OP) Operating,Operating
2025-12,67315,H7963,HEB00796,0.4,IC,(OP) Operating,Operating
2025-12,67316,NFB1,OTHERNFBWA,0.4,IC,(OP) Operating,Operating
2025-12,67316,NFB2,OTHERNFBWA,0.4,IC,(OP) Operating,Operating
2025-12,67316,NFB3,OTHERNFBWA,0.4,IC,(OP) Operating,Operating
2025-12,67316,NFB4,OTHERNFBWA,0.4,IC,(OP) Operating,Operating
2025-12,67316,NFB5,OTHERNFBWA,0.4,IC,(OP) Operating,Operating
2025-12,67316,NFB6,OTHERNFBWA,0.4,IC,(OP) Operating,Operating
2025-12,67317,HTE10,HEBTEMDistCenter,0.4,IC,(OP) Operating,Operating
2025-12,67317,HTE11,HEBTEMDistCenter,0.4,IC,(OP) Operating,Operating
2025-12,67317,HTE12,HEBTEMDistCenter,0.4,IC,(OP) Operating,Operating
2025-12,67317,HTEM1,HEBTEMDistCenter,0.4,IC,(OP) Operating,Operating
2025-12,67317,HTEM2,HEBTEMDistCenter,0.4,IC,(OP) Operating,Operating
2025-12,67317,HTEM3,HEBTEMDistCenter,0.4,IC,(OP) Operating,Operating
2025-12,67317,HTEM4,HEBTEMDistCenter,0.4,IC,(OP) Operating,Operating
2025-12,67317,HTEM5,HEBTEMDistCenter,0.4,IC,(OP) Operating,Operating
2025-12,67317,HTEM6,HEBTEMDistCenter,0.4,IC,(OP) Operating,Operating
2025-12,67317,HTEM7,HEBTEMDistCenter,0.4,IC,(OP) Operating,Operating
2025-12,67317,HTEM8,HEBTEMDistCenter,0.4,IC,(OP) Operating,Operating
2025-12,67317,HTEM9,HEBTEMDistCenter,0.4,IC,(OP) Operating,Operating
2025-12,67318,TAM10,OTHERTexasA&M,0.4,IC,(OP) Operating,Operating
2025-12,67318,TAM11,OTHERTexasA&M,0.4,IC,(OP) Operating,Operating
2025-12,67318,TAM12,OTHERTexasA&M,0.4,IC,(OP) Operating,Operating
2025-12,67318,TAM13,OTHERTexasA&M,0.4,IC,(OP) Operating,Operating
2025-12,67318,TAM14,OTHERTexasA&M,0.4,IC,(OP) Operating,Operating
2025-12,67318,TAM15,OTHERTexasA&M,0.4,IC,(OP) Operating,Operating
2025-12,67318,TAM16,OTHERTexasA&M,0.4,IC,(OP) Operating,Operating
2025-12,67318,TAM17,OTHERTexasA&M,0.4,IC,(OP) Operating,Operating
2025-12,67318,TAM18,OTHERTexasA&M,0.4,IC,(OP) Operating,Operating
2025-12,67318,TAM19,OTHERTexasA&M,0.4,IC,(OP) Operating,Operating
2025-12,67318,TAM20,OTHERTexasA&M,0.4,IC,(OP) Operating,Operating
2025-12,67318,TAM21,OTHERTexasA&M,0.4,IC,(OP) Operating,Operating
2025-12,67318,TAM22,OTHERTexasA&M,0.4,IC,(OP) Operating,Operating
2025-12,67318,TAM23,OTHERTexasA&M,0.4,IC,(OP) Operating,Operating
2025-12,67318,TAM24,OTHERTexasA&M,0.4,IC,(OP) Operating,Operating
2025-12,67318,TAMU1,OTHERTexasA&M,0.4,IC,(OP) Operating,Operating
2025-12,67318,TAMU2,OTHERTexasA&M,0.4,IC,(OP) Operating,Operating
2025-12,67318,TAMU3,OTHERTexasA&M,0.4,IC,(OP) Operating,Operating
2025-12,67318,TAMU4,OTHERTexasA&M,0.4,IC,(OP) Operating,Operating
2025-12,67318,TAMU5,OTHERTexasA&M,0.4,IC,(OP) Operating,Operating
2025-12,67318,TAMU6,OTHERTexasA&M,0.4,IC,(OP) Operating,Operating
2025-12,67318,TAMU7,OTHERTexasA&M,0.4,IC,(OP) Operating,Operating
2025-12,67318,TAMU8,OTHERTexasA&M,0.4,IC,(OP) Operating,Operating
2025-12,67318,TAMU9,OTHERTexasA&M,0.4,IC,(OP) Operating,Operating
2025-12,67319,H7691,HEB00769,0.4,IC,(OP) Operating,Operating
2025-12,67319,H7692,HEB00769,0.4,IC,(OP) Operating,Operating
2025-12,67319,H7693,HEB00769,0.4,IC,(OP) Operating,Operating
2025-12,67381,CLFK1,OTHERTraditionClearfork,0.4,IC,(OP) Operating,Operating
2025-12,67381,CLFK2,OTHERTraditionClearfork,0.4,IC,(OP) Operating,Operating
2025-12,67381,CLFK3,OTHERTraditionClearfork,0.4,IC,(OP) Operating,Operating
2025-12,67433,H7941,HEB00794,0.4,IC,(OP) Operating,Operating
2025-12,67433,H7942,HEB00794,0.4,IC,(OP) Operating,Operating
2025-12,67433,H7943,HEB00794,0.4,IC,(OP) Operating,Operating
2025-12,67434,H7671,HEB00767,0.4,IC,(OP) Operating,Operating
2025-12,67434,H7672,HEB00767,0.4,IC,(OP) Operating,Operating
2025-12,67434,H7673,HEB00767,0.4,IC,(OP) Operating,Operating
2025-12,68730,H7501,HEB00750,0.4,IC,(OP) Operating,Operating
2025-12,68730,H7502,HEB00750,0.4,IC,(OP) Operating,Operating
2025-12,68730,H7503,HEB00750,0.4,IC,(OP) Operating,Operating
2025-12,68731,H7791,HEB00779,0.4,IC,(OP) Operating,Operating
2025-12,68731,H7792,HEB00779,0.4,IC,(OP) Operating,Operating
2025-12,68731,H7793,HEB00779,0.4,IC,(OP) Operating,Operating
2025-12,68732,H7971,HEB00797,0.4,IC,(OP) Operating,Operating
2025-12,68732,H7972,HEB00797,0.4,IC,(OP) Operating,Operating
2025-12,68732,H7973,HEB00797,0.4,IC,(OP) Operating,Operating
2025-12,68733,H7981,HEB00798,0.4,IC,(OP) Operating,Operating
2025-12,68733,H7982,HEB00798,0.4,IC,(OP) Operating,Operating
2025-12,68733,H7983,HEB00798,0.4,IC,(OP) Operating,Operating
2025-12,68734,H8011,HEB00801,0.4,IC,(OP) Operating,Operating
2025-12,68734,H8012,HEB00801,0.4,IC,(OP) Operating,Operating
2025-12,68734,H8013,HEB00801,0.4,IC,(OP) Operating,Operating
2025-12,68735,HT1B1,HEBTEMDistCenter1B,0.4,IC,(OP) Operating,Operating
2025-12,68735,HT1B2,HEBTEMDistCenter1B,0.4,IC,(OP) Operating,Operating
2025-12,68735,HT1B3,HEBTEMDistCenter1B,0.4,IC,(OP) Operating,Operating
2025-12,68735,HT1B4,HEBTEMDistCenter1B,0.4,IC,(OP) Operating,Operating
2025-12,68736,HT2A1,HEBTEMDistCenter2A,0.4,IC,(OP) Operating,Operating
2025-12,68736,HT2A2,HEBTEMDistCenter2A,0.4,IC,(OP) Operating,Operating
2025-12,68736,HT2A3,HEBTEMDistCenter2A,0.4,IC,(OP) Operating,Operating
2025-12,68736,HT2A4,HEBTEMDistCenter2A,0.4,IC,(OP) Operating,Operating
2025-12,68736,HT2A5,HEBTEMDistCenter2A,0.4,IC,(OP) Operating,Operating
2025-12,68736,HT2A6,HEBTEMDistCenter2A,0.4,IC,(OP) Operating,Operating
2025-12,68736,HT2A7,HEBTEMDistCenter2A,0.4,IC,(OP) Operating,Operating
2025-12,68736,HT2A8,HEBTEMDistCenter2A,0.4,IC,(OP) Operating,Operating
2025-12,68737,TBUF1,OTHERTraditionBuffalo,0.4,IC,(OP) Operating,Operating
2025-12,68737,TBUF2,OTHERTraditionBuffalo,0.4,IC,(OP) Operating,Operating
2025-12,68737,TBUF3,OTHERTraditionBuffalo,0.4,IC,(OP) Operating,Operating
2025-12,69279,NEWP1,NEWPP,30,IC,(SB) Standby/Backup: available for service but not normally used,Operating
2025-12,69267,CDRV1,Cedarvale Gas,2.5,IC,"(TS) Construction complete, but not yet in commercial operation",Planned
2025-12,69267,CDRV2,Cedarvale Gas,2.5,IC,"(TS) Construction complete, but not yet in commercial operation",Planned
2025-12,69267,CDRV3,Cedarvale Gas,2.5,IC,"(TS) Construction complete, but not yet in commercial operation",Planned
2025-12,69267,CDRV4,Cedarvale Gas,2.5,IC,"(TS) Construction complete, but not yet in commercial operation",Planned
2025-12,69269,PYOT1,Pyote Gas,2.5,IC,"(V) Under construction, more than 50 percent complete",Planned
2025-12,69269,PYOT2,Pyote Gas,2.5,IC,"(V) Under construction, more than 50 percent complete",Planned
2025-12,69269,PYOT3,Pyote Gas,2.5,IC,"(V) Under construction, more than 50 percent complete",Planned
2025-12,69269,PYOT4,Pyote Gas,2.5,IC,"(V) Under construction, more than 50 percent complete",Planned
2025-12,66601,GT61,NRG THW GT Electric Generating Station,188.7,GT,"(U) Under construction, less than or equal to 50 percent complete",Planned
2025-12,66601,GT62,NRG THW GT Electric Generating Station,188.7,GT,"(U) Under construction, less than or equal to 50 percent complete",Planned
2025-12,66621,1A,Orange County Advanced Power Station,453,CT,"(V) Under construction, more than 50 percent complete",Planned
2025-12,66621,1B,Orange County Advanced Power Station,453,CT,"(V) Under construction, more than 50 percent complete",Planned
2025-12,66621,1C,Orange County Advanced Power Station,400,CA,"(V) Under construction, more than 50 percent complete",Planned
2025-12,67500,GT5,"Pin Oak Creek Energy Center, LLC",222,GT,"(V) Under construction, more than 50 percent complete",Planned
2025-12,67500,GT6,"Pin Oak Creek Energy Center, LLC",222,GT,"(V) Under construction, more than 50 percent complete",Planned
2025-12,69271,STAG1,Staghorn Gas,3.3,IC,(T) Regulatory approvals received. Not under construction,Planned
2025-12,69271,STAG2,Staghorn Gas,3.3,IC,(T) Regulatory approvals received. Not under construction,Planned
2025-12,69271,STAG3,Staghorn Gas,3.3,IC,(T) Regulatory approvals received. Not under construction,Planned
2025-12,69268,COYA1,Coyanosa Gas,2.5,IC,"(V) Under construction, more than 50 percent complete",Planned
2025-12,69268,COYA2,Coyanosa Gas,2.5,IC,"(V) Under construction, more than 50 percent complete",Planned
2025-12,69268,COYA3,Coyanosa Gas,2.5,IC,"(V) Under construction, more than 50 percent complete",Planned
2025-12,69268,COYA4,Coyanosa Gas,2.5,IC,"(V) Under construction, more than 50 percent complete",Planned
2025-12,60910,NPLPS,NET Power La Porte Station,25.5,GT,(OT) Other,Planned
2025-12,58835,ELK4,Elk Station,199.8,GT,(L) Regulatory approvals pending. Not under construction,Planned
2025-12,58151,STG03,Central Utility Plant - Texas A&M,5,CA,"(P) Planned for installation, but regulatory approvals not initiated",Planned
2025-12,68417,1,Hallsville,225,GT,"(P) Planned for installation, but regulatory approvals not initiated",Planned
2025-12,68417,2,Hallsville,225,GT,"(P) Planned for installation, but regulatory approvals not initiated",Planned
2025-12,68504,SLES1,Sandow Lakes Energy Station,645,CS,"(P) Planned for installation, but regulatory approvals not initiated",Planned
2025-12,68504,SLES2,Sandow Lakes Energy Station,645,CS,"(P) Planned for installation, but regulatory approvals not initiated",Planned
2025-12,68053,LEG,Legend Power Station,754,CC,(L) Regulatory approvals pending. Not under construction,Planned
2025-12,69077,1A,Lone Star Power Station,467.3,GT,(L) Regulatory approvals pending. Not under construction,Planned
2025-12,68606,5,Cedar Bayou 5,721,CS,(L) Regulatory approvals pending. Not under construction,Planned
2025-12,68273,1,Naples Power Plant,450,GT,"(P) Planned for installation, but regulatory approvals not initiated",Planned
2025-12,68273,2,Naples Power Plant,450,GT,"(P) Planned for installation, but regulatory approvals not initiated",Planned
2025-12,3485,1,Plant X,48,ST,,Retired
2025-12,3485,2,Plant X,98,ST,,Retired
2025-12,54748,G1,Port Neches Plant,38,GT,,Retired
2025-12,3602,1,Ty Cooke,44,ST,,Retired
2025-12,3602,2,Ty Cooke,53.6,ST,,Retired
2025-12,3602,GT2,Ty Cooke,18.5,GT,,Retired
2025-12,3602,GT3,Ty Cooke,22,GT,,Retired
2025-12,3604,6A,J Robert Massengale,22,CA,,Retired
2025-12,3604,7,J Robert Massengale,22,CA,,Retired
2025-12,3604,8,J Robert Massengale,40,CT,,Retired
2025-12,7131,1,Brandon Station,21,GT,,Retired
2025-12,52120,G-37,Freeport Energy,75,GT,,Retired
2025-12,3485,3,Plant X,98,ST,,Retired
2025-12,3548,2,Decker Creek,405,ST,,Retired
2025-12,58151,STG04,Central Utility Plant - Texas A&M,5,CA,,Retired
2025-12,3631,1,Sam Rayburn,11.2,GT,,Retired
2025-12,3631,2,Sam Rayburn,11.2,GT,,Retired
2025-12,3548,1,Decker Creek,321,ST,,Retired
2025-12,3476,2,Knox Lee,38,ST,,Retired
2025-12,3476,3,Knox Lee,38,ST,,Retired
2025-12,3477,1,Lone Star,40,ST,,Retired
2025-12,55104,CTG1,Sabine Cogen,37.4,CT,,Retired
2025-12,55104,CTG2,Sabine Cogen,37.4,CT,,Retired
2025-12,55104,STG,Sabine Cogen,31.7,CA,,Retired
2025-12,57952,GEN1,Woodall Gas Plant,1,IC,,Retired
2025-12,57952,GEN2,Woodall Gas Plant,1,IC,,Retired
2025-12,57952,GEN3,Woodall Gas Plant,1,IC,,Retired
2025-12,52069,GEN1,Point Comfort Operations,16,ST,,Retired
2025-12,52069,GEN2,Point Comfort Operations,16,ST,,Retired
2025-12,52069,GEN3,Point Comfort Operations,16,ST,,Retired
2025-12,52069,GEN4,Point Comfort Operations,15.1,ST,,Retired
2025-12,54607,GEN1,University of Texas at Dallas,3.5,IC,,Retired
2025-12,55025,GEN2,Yates Gas Plant,2.8,GT,,Retired
2025-12,55025,GEN1,Yates Gas Plant,2.8,GT,,Retired
2025-12,3468,ST1,Sam Bertron,187.8,ST,,Retired
2025-12,3468,ST2,Sam Bertron,187.8,ST,,Retired
2025-12,10261,GEN1,Enterprise Products Operating,2.5,GT,,Retired
2025-12,10261,GEN2,Enterprise Products Operating,2.5,GT,,Retired
2025-12,3476,4,Knox Lee,74,ST,,Retired
2025-12,3464,5,Greens Bayou,446.4,ST,,Retired
2025-12,3468,3,Sam Bertron,225.3,ST,,Retired
2025-12,3468,4,Sam Bertron,225.3,ST,,Retired
2025-12,3468,GT2,Sam Bertron,16.3,GT,,Retired
2025-12,54458,BG3A,Benedum Plant,1,IC,,Retired
2025-12,54458,BG6,Benedum Plant,1,IC,,Retired
2025-12,59378,GEN1,Helios Plaza CHP Plant,4.6,GT,,Retired
2025-12,3630,1,Pearsall,22,ST,,Retired
2025-12,3630,2,Pearsall,22,ST,,Retired
2025-12,3630,3,Pearsall,22,ST,,Retired
2025-12,10741,G102,Clear Lake Cogeneration Ltd,129,CT,,Retired
2025-12,10741,G103,Clear Lake Cogeneration Ltd,129,CT,,Retired
2025-12,10741,G104,Clear Lake Cogeneration Ltd,129,CT,,Retired
2025-12,10741,S101,Clear Lake Cogeneration Ltd,51.9,CA,,Retired
2025-12,10741,S102,Clear Lake Cogeneration Ltd,14.3,CA,,Retired
2025-12,3459,2,Sabine,239.4,ST,,Retired
2025-12,54606,GEN1,University of Texas at San Antonio,3.4,IC,,Retired
2025-12,3559,5,Silas Ray,24,ST,,Retired
2025-12,3494,5,Permian Basin,114.9,ST,,Retired
2025-12,3494,6,Permian Basin,535.5,ST,,Retired
2025-12,3604,4,J Robert Massengale,11.5,ST,,Retired
2025-12,3604,5,J Robert Massengale,11.5,ST,,Retired
2025-12,3508,1,Valley (TX),198.9,ST,,Retired
2025-12,3508,2,Valley (TX),580.5,ST,,Retired
2025-12,3508,3,Valley (TX),396,ST,,Retired
2025-12,10298,GEN2,Bayou Cogen Plant,75,GT,,Retired
2025-12,10298,GEN4,Bayou Cogen Plant,79.6,GT,,Retired
2025-12,3502,ST1,Lake Creek,79.6,ST,,Retired
2025-12,3502,ST2,Lake Creek,236,ST,,Retired
2025-12,3627,1,North Texas,16.5,ST,,Retired
2025-12,3627,2,North Texas,16.5,ST,,Retired
2025-12,10789,GEN3,Sabine River Operations,6.2,CA,,Retired
2025-12,50153,GTG,Texas City Plant Union Carbide,40,GT,,Retired
2025-12,52108,GEN1,Valero Energy Port Arthur Refinery,17.2,CT,,Retired
2025-12,52108,GEN2,Valero Energy Port Arthur Refinery,13.7,GT,,Retired
2025-12,10298,GEN3,Bayou Cogen Plant,75,GT,,Retired
2025-12,3561,3,Bryan (TX),13,ST,,Retired
2025-12,3561,4,Bryan (TX),24,ST,,Retired
2025-12,3561,5,Bryan (TX),25,ST,,Retired
2025-12,3561,6,Bryan (TX),54,ST,,Retired
2025-12,10298,GEN1,Bayou Cogen Plant,75,GT,,Retired
2025-12,8063,1,DeCordova Steam Electric Station,799.2,ST,,Retired
2025-12,3483,3,Moore County,49,ST,,Retired
2025-12,4937,1,Thomas C Ferguson,446,ST,,Retired
2025-12,3609,3,Leon Creek,75,ST,,Retired
2025-12,3609,4,Leon Creek,113.7,ST,,Retired
2025-12,56373,DOMG1,Domain Integrated Energy System,5,GT,,Retired
2025-12,50263,GEN1,Southwest Texas State University,6,IC,,Retired
2025-12,10638,GEN1,Pasadena,6.5,GT,,Retired
2025-12,3487,6,Riverview,28.6,GT,,Retired
2025-12,3489,1,Eagle Mountain,122.5,ST,,Retired
2025-12,3489,2,Eagle Mountain,187.5,ST,,Retired
2025-12,3489,3,Eagle Mountain,396.1,ST,,Retired
2025-12,3602,GT1,Ty Cooke,12.5,GT,,Retired
2025-12,3631,3,Sam Rayburn,25,ST,,Retired
2025-12,50615,GT01,TXU Sweetwater Generating Plant,45,CT,,Retired
2025-12,50615,GT02,TXU Sweetwater Generating Plant,99,CT,,Retired
2025-12,50615,GT03,TXU Sweetwater Generating Plant,99,CT,,Retired
2025-12,55309,GEN2,Air Products Port Arthur,3,CA,,Retired
2025-12,3492,5,Morgan Creek,170.4,ST,,Retired
2025-12,3492,6,Morgan Creek,517.5,ST,,Retired
2025-12,50973,GN26,Motiva Enterprises Port Arthur Refinery,18.8,CS,,Retired
2025-12,52120,G-62,Freeport Energy,94.5,CT,,Retired
2025-12,3613,1,W B Tuttle,75,ST,,Retired
2025-12,3613,3,W B Tuttle,113.6,ST,,Retired
2025-12,3613,4,W B Tuttle,191.7,ST,,Retired
2025-12,3574,5,C E Newman,44,ST,,Retired
2025-12,50973,GN27,Motiva Enterprises Port Arthur Refinery,21.3,CA,,Retired
2025-12,3440,3,Lon C Hill,163.2,ST,,Retired
2025-12,3500,1,Collin,156.2,ST,,Retired
2025-12,10203,GEN1,Valero Refinery Corpus Christi East,20,GT,,Retired
2025-12,10203,GEN2,Valero Refinery Corpus Christi East,20,GT,,Retired
2025-12,3491,1,Handley,43.7,ST,,Retired
2025-12,3491,2,Handley,74.8,ST,,Retired
2025-12,50253,TG1,CalTex Holdings LP,33,ST,,Retired
2025-12,50253,TG4,CalTex Holdings LP,46.2,ST,,Retired
2025-12,54459,1,Midkiff Plant,1.2,IC,,Retired
2025-12,54459,2,Midkiff Plant,1.2,IC,,Retired
2025-12,54459,3,Midkiff Plant,1.2,IC,,Retired
2025-12,52120,G-35,Freeport Energy,119,CT,,Retired
2025-12,3466,1,P H Robinson,484.5,ST,,Retired
2025-12,3466,2,P H Robinson,484.5,ST,,Retired
2025-12,3466,3,P H Robinson,580.5,ST,,Retired
2025-12,3466,4,P H Robinson,765,ST,,Retired
2025-12,52120,G-36,Freeport Energy,119,CT,,Retired
2025-12,3443,4,Victoria,75,ST,,Retired
2025-12,50615,STG1,TXU Sweetwater Generating Plant,101,CA,,Retired
2025-12,3454,1,North Lake,176.8,ST,,Retired
2025-12,3454,2,North Lake,170.4,ST,,Retired
2025-12,3454,3,North Lake,361.3,ST,,Retired
2025-12,3468,GT1,Sam Bertron,32.6,GT,,Retired
2025-12,3453,2,Mountain Creek,31.2,ST,,Retired
2025-12,3453,3,Mountain Creek,74.9,ST,,Retired
2025-12,3627,3,North Texas,38,ST,,Retired
2025-12,3443,6,Victoria,261,ST,,Retired
2025-12,54253,GEN1,S&L Cogeneration,55,GT,,Retired
2025-12,3438,1,J L Bates,75,ST,,Retired
2025-12,3438,2,J L Bates,113.7,ST,,Retired
2025-12,3439,1,Laredo,34.5,ST,,Retired
2025-12,3439,2,Laredo,37.5,ST,,Retired
2025-12,3439,3,Laredo,115.2,ST,,Retired
2025-12,3558,GT1,Brownfield,6.5,GT,,Retired
2025-12,10789,GEN4,Sabine River Operations,6.2,CA,,Retired
2025-12,10317,1,Baylor University Cogen,3.4,GT,,Retired
2025-12,3441,5,Nueces Bay,32.5,ST,,Retired
2025-12,3441,6,Nueces Bay,180,ST,,Retired
2025-12,3558,1,Brownfield,2,IC,,Retired
2025-12,3558,3,Brownfield,3.1,IC,,Retired
2025-12,3558,4,Brownfield,2.7,IC,,Retired
2025-12,3558,5,Brownfield,3.6,IC,,Retired
2025-12,50118,GEN6,Hal C Weaver Power Plant,12.5,CT,,Retired
2025-12,50249,GEN2,Abitibi Consolidated Lufkin,7.5,ST,,Retired
2025-12,50249,GEN3,Abitibi Consolidated Lufkin,12.5,ST,,Retired
2025-12,50249,GEN4,Abitibi Consolidated Lufkin,12.5,ST,,Retired
2025-12,50249,GEN5,Abitibi Consolidated Lufkin,15.6,ST,,Retired
2025-12,50249,GEN6,Abitibi Consolidated Lufkin,15.6,ST,,Retired
2025-12,50249,GEN7,Abitibi Consolidated Lufkin,21.1,ST,,Retired
2025-12,3613,2,W B Tuttle,113.6,ST,,Retired
2025-12,3549,3,Holly Street,165,ST,,Retired
2025-12,3549,4,Holly Street,193,ST,,Retired
2025-12,3460,3,Cedar Bayou,765,ST,,Retired
2025-12,50253,TG3,CalTex Holdings LP,18,GT,,Retired
2025-12,54962,UN73,ExxonMobil Hawkins Gas Plant,3,IC,,Retired
2025-12,54962,UN74,ExxonMobil Hawkins Gas Plant,3.4,IC,,Retired
2025-12,54962,UN75,ExxonMobil Hawkins Gas Plant,2.5,IC,,Retired
2025-12,54962,UN76,ExxonMobil Hawkins Gas Plant,0.1,IC,,Retired
2025-12,54962,UN77,ExxonMobil Hawkins Gas Plant,0.5,IC,,Retired
2025-12,54962,UN78,ExxonMobil Hawkins Gas Plant,0.5,IC,,Retired
2025-12,54962,UN79,ExxonMobil Hawkins Gas Plant,0.5,IC,,Retired
2025-12,3442,4,La Palma,23,ST,,Retired
2025-12,3442,5,La Palma,23,ST,,Retired
2025-12,3442,6,La Palma,163.2,ST,,Retired
2025-12,52120,G-33,Freeport Energy,49,CA,,Retired
2025-12,3440,1,Lon C Hill,75,ST,,Retired
2025-12,3440,2,Lon C Hill,75,ST,,Retired
2025-12,3440,4,Lon C Hill,261,ST,,Retired
2025-12,3442,7,La Palma,49.1,GT,,Retired
2025-12,52108,GEN3,Valero Energy Port Arthur Refinery,13.7,CT,,Retired
2025-12,52013,GEN3,Valero Refining Texas City,16.2,GT,,Retired
2025-12,3471,3,Webster,410,ST,,Retired
2025-12,3471,GT1,Webster,16.3,GT,,Retired
2025-12,3465,1,Hiram Clarke,16,GT,,Retired
2025-12,3465,2,Hiram Clarke,16,GT,,Retired
2025-12,3465,3,Hiram Clarke,16,GT,,Retired
2025-12,3465,4,Hiram Clarke,16,GT,,Retired
2025-12,3465,5,Hiram Clarke,16,GT,,Retired
2025-12,3465,6,Hiram Clarke,16,GT,,Retired
2025-12,52012,GEN1,Valero Refining Texas Houston,17.1,GT,,Retired
2025-12,3625,1,Whitesboro,1.2,IC,,Retired
2025-12,3625,2,Whitesboro,0.9,IC,,Retired
2025-12,3625,3,Whitesboro,0.5,IC,,Retired
2025-12,3625,4,Whitesboro,1.2,IC,,Retired
2025-12,54248,GEN1,Rock Tenn Dallas Mill,6.2,ST,,Retired
2025-12,3469,2,T H Wharton,247.8,ST,,Retired
2025-12,4266,1,Spencer,12.6,ST,,Retired
2025-12,4266,2,Spencer,12.6,ST,,Retired
2025-12,3461,7,Deepwater,187.8,ST,,Retired
2025-12,55064,UNT2,Black Hawk Station,126.9,GT,,Retired
2025-12,52012,GEN2,Valero Refining Texas Houston,17.1,GT,,Retired
2025-12,54443,GEN1,North Riley,1,IC,,Retired
2025-12,54443,GEN2,North Riley,1,IC,,Retired
2025-12,54443,GEN3,North Riley,1,IC,,Retired
2025-12,54976,1530,Morton Salt Grand Saline,1.5,ST,,Retired
2025-12,52013,GEN2,Valero Refining Texas City,16.2,GT,,Retired
2025-12,54940,GEN1,Austin State Hospital,1,GT,,Retired
2025-12,3517,4,Abilene,15,ST,,Retired
2025-12,3520,2,Fort Stockton,5,GT,,Retired
2025-12,3521,1,Lake Pauline,20,ST,,Retired
2025-12,3521,2,Lake Pauline,20,ST,,Retired
2025-12,3523,1,Oak Creek,75,ST,,Retired
2025-12,3524,1,Paint Creek,34.5,ST,,Retired
2025-12,3524,2,Paint Creek,37.5,ST,,Retired
2025-12,3524,3,Paint Creek,54.4,ST,,Retired
2025-12,3524,4,Paint Creek,115.2,ST,,Retired
2025-12,3526,4,Rio Pecos,5,CT,,Retired
2025-12,3526,5,Rio Pecos,37.5,CA,,Retired
2025-12,3526,6,Rio Pecos,99,ST,,Retired
2025-12,3574,1,C E Newman,7.5,ST,,Retired
2025-12,3574,2,C E Newman,7.5,ST,,Retired
2025-12,3574,3,C E Newman,18.7,ST,,Retired
2025-12,3574,4,C E Newman,18.7,ST,,Retired
2025-12,4266,3,Spencer,22,ST,,Retired
2025-12,10436,GT35,ExxonMobil Baytown Refinery,14.5,GT,,Retired
2025-12,10436,GT36,ExxonMobil Baytown Refinery,15.2,GT,,Retired
2025-12,10436,GT37,ExxonMobil Baytown Refinery,17.2,GT,,Retired
2025-12,50137,GEN2,Newgulf Cogen,12.5,CA,,Retired
2025-12,4938,1,Fort Phantom,156,ST,,Retired
2025-12,4938,2,Fort Phantom,207,ST,,Retired
2025-12,3549,1,Holly Street,100,ST,,Retired
2025-12,3549,2,Holly Street,100,ST,,Retired
2025-12,3566,IC1,Coleman,1.5,IC,,Retired
2025-12,3566,IC2,Coleman,1,IC,,Retired
2025-12,3566,IC3,Coleman,1.3,IC,,Retired
2025-12,3566,IC4,Coleman,1.5,IC,,Retired
2025-12,3566,IC5,Coleman,2.2,IC,,Retired
2025-12,3566,IC6,Coleman,2.5,IC,,Retired
2025-12,3566,IC7,Coleman,1.5,IC,,Retired
2025-12,3566,IC8,Coleman,1.3,IC,,Retired
2025-12,3566,IC9,Coleman,4,IC,,Retired
2025-12,3608,10,Robstown,4.1,IC,,Retired
2025-12,3608,11,Robstown,5,IC,,Retired
2025-12,3608,3,Robstown,2.4,IC,,Retired
2025-12,3608,4,Robstown,2.4,IC,,Retired
2025-12,3608,5,Robstown,2.4,IC,,Retired
2025-12,3608,7,Robstown,1,IC,,Retired
2025-12,3608,8,Robstown,1,IC,,Retired
2025-12,3608,9,Robstown,2.6,IC,,Retired
2025-12,52131,307A,Power Station 3,22,CA,,Retired
2025-12,52131,307B,Power Station 3,22,CA,,Retired
2025-12,52131,307C,Power Station 3,15.6,CT,,Retired
2025-12,52131,307D,Power Station 3,22,CA,,Retired
2025-12,52131,307E,Power Station 3,15.6,CT,,Retired
2025-12,52131,307F,Power Station 3,20.7,CT,,Retired
2025-12,3527,2,San Angelo,101,CA,,Retired
2025-12,3527,1,San Angelo,25,CT,,Retired
2025-12,3455,1,Parkdale,79.6,ST,,Retired
2025-12,3455,2,Parkdale,125,ST,,Retired
2025-12,3455,3,Parkdale,136,ST,,Retired
2025-12,3492,2,Morgan Creek,18.4,ST,,Retired
2025-12,3492,3,Morgan Creek,46,ST,,Retired
2025-12,3492,4,Morgan Creek,75,ST,,Retired
2025-12,3493,4,North Main,81.2,ST,,Retired
2025-12,3503,1,River Crest,112.5,ST,,Retired
2025-12,50471,GEN1,Deer Park Plant,10,CA,,Retired
2025-12,50471,GEN2,Deer Park Plant,10,CA,,Retired
2025-12,50471,GEN3,Deer Park Plant,10,CA,,Retired
2025-12,50471,GEN4,Deer Park Plant,81,CT,,Retired
2025-12,3619,10,Tulia,1.7,IC,,Retired
2025-12,3619,11,Tulia,4.8,IC,,Retired
2025-12,3619,12,Tulia,3,IC,,Retired
2025-12,3619,2,Tulia,0.4,IC,,Retired
2025-12,3619,5,Tulia,1,IC,,Retired
2025-12,3619,6,Tulia,1.1,IC,,Retired
2025-12,3619,7,Tulia,1.1,IC,,Retired
2025-12,3619,8,Tulia,1.8,IC,,Retired
2025-12,3619,9,Tulia,1.8,IC,,Retired
2025-12,52120,G-45,Freeport Energy,119,CT,,Retired
2025-12,3610,3,Mission Road,113.6,ST,,Retired
2025-12,10436,ST33,ExxonMobil Baytown Refinery,7.5,ST,,Retired
2025-12,10136,ENGN,Fort Bend Utilities,0.5,IC,,Retired
2025-12,10136,GEN1,Fort Bend Utilities,2,ST,,Retired
2025-12,10136,GEN2,Fort Bend Utilities,1,ST,,Retired
2025-12,10136,GEN3,Fort Bend Utilities,3,ST,,Retired
2025-12,52120,G-42,Freeport Energy,50,CA,,Retired
2025-12,52120,G-31,Freeport Energy,50,CA,,Retired
2025-12,3436,1,E S Joslin,261,ST,,Retired
2025-12,10243,GEN1,Ticona Polymers Inc,1.4,OT,,Retired
2025-12,10243,GEN2,Ticona Polymers Inc,1.4,OT,,Retired
2025-12,10243,GEN3,Ticona Polymers Inc,1.6,OT,,Retired
2025-12,10243,GEN4,Ticona Polymers Inc,8.2,CA,,Retired
2025-12,3573,2,Floydada,1.2,IC,,Retired
2025-12,3573,3,Floydada,1.2,IC,,Retired
2025-12,3573,4,Floydada,1.2,IC,,Retired
2025-12,3573,5,Floydada,1.2,IC,,Retired
2025-12,3573,6,Floydada,2,IC,,Retired
2025-12,52013,GEN1,Valero Refining Texas City,7.1,GT,,Retired
2025-12,3489,CT1,Eagle Mountain,235.5,CT,,Canceled or Postponed
2025-12,3489,CT2,Eagle Mountain,235.5,CT,,Canceled or Postponed
2025-12,3489,ST1,Eagle Mountain,382.5,CA,,Canceled or Postponed
2025-12,3502,CT1,Lake Creek,235.5,GT,,Canceled or Postponed
2025-12,3506,CT1,Tradinghouse,235.5,GT,,Canceled or Postponed
2025-12,3506,CT2,Tradinghouse,235.5,GT,,Canceled or Postponed
2025-12,7732,1,Turbine,121,GT,,Canceled or Postponed
2025-12,8063,CT5,DeCordova Steam Electric Station,235.5,GT,,Canceled or Postponed
2025-12,8063,CT6,DeCordova Steam Electric Station,235.5,GT,,Canceled or Postponed
2025-12,50229,GT1,Texas Petrochemicals,105,CT,,Canceled or Postponed
2025-12,50229,GT2,Texas Petrochemicals,35,CT,,Canceled or Postponed
2025-12,50229,ST#1,Texas Petrochemicals,420,CA,,Canceled or Postponed
2025-12,55153,CTGP1,Guadalupe Generating Station,160,GT,,Canceled or Postponed
2025-12,55153,CTGP2,Guadalupe Generating Station,160,GT,,Canceled or Postponed
2025-12,55357,CTG3,Jack Fusco Energy Center,200,CT,,Canceled or Postponed
2025-12,55357,CTG4,Jack Fusco Energy Center,200,CT,,Canceled or Postponed
2025-12,55465,CTG1,Amelia Energy Center,180,CT,,Canceled or Postponed
2025-12,55465,CTG2,Amelia Energy Center,180,CT,,Canceled or Postponed
2025-12,55465,CTG3,Amelia Energy Center,180,CT,,Canceled or Postponed
2025-12,55465,STG1,Amelia Energy Center,360,CA,,Canceled or Postponed
2025-12,55708,CTG1,Nacogdoches Power,195,CT,,Canceled or Postponed
2025-12,55708,CTG2,Nacogdoches Power,190,CT,,Canceled or Postponed
2025-12,55708,CTG3,Nacogdoches Power,190,CT,,Canceled or Postponed
2025-12,55708,STG1,Nacogdoches Power,100,CA,,Canceled or Postponed
2025-12,55708,STG2,Nacogdoches Power,114,CA,,Canceled or Postponed
2025-12,55708,STG3,Nacogdoches Power,136,CA,,Canceled or Postponed
2025-12,56152,CTG2,Freeport Energy Center,180,CT,,Canceled or Postponed
2025-12,58895,STAR1,Stargate Point Comfort,250,GT,,Canceled or Postponed
2025-12,58910,CC,CPV Pondera King Energy Center,900,CC,,Canceled or Postponed
2025-12,58930,CA1,FGE Texas II,265.2,CA,,Canceled or Postponed
2025-12,58930,GT1,FGE Texas II,238.9,CT,,Canceled or Postponed
2025-12,58930,GT2,FGE Texas II,238.9,CT,,Canceled or Postponed
2025-12,58931,CA1,FGE Texas I,265.2,CA,,Canceled or Postponed
2025-12,58931,GT1,FGE Texas I,238.9,CT,,Canceled or Postponed
2025-12,58931,GT2,FGE Texas I,238.9,CT,,Canceled or Postponed
2025-12,59048,ABEC1,Apex Bethel Energy Center,158.5,CE,,Canceled or Postponed
2025-12,59048,ABEC2,Apex Bethel Energy Center,158.5,CE,,Canceled or Postponed
2025-12,59298,PCEC1,Pecan Creek Energy Center,171.8,GT,,Canceled or Postponed
2025-12,59298,PCEC2,Pecan Creek Energy Center,171.8,GT,,Canceled or Postponed
2025-12,59615,CTG-1,Clear Springs Energy Center,183,GT,,Canceled or Postponed
2025-12,59615,CTG-2,Clear Springs Energy Center,183,GT,,Canceled or Postponed
2025-12,59615,CTG-3,Clear Springs Energy Center,183,GT,,Canceled or Postponed
2025-12,59616,CTG-1,Union Valley Energy Center,183,GT,,Canceled or Postponed
2025-12,59616,CTG-2,Union Valley Energy Center,183,GT,,Canceled or Postponed
2025-12,59616,CTG-3,Union Valley Energy Center,183,GT,,Canceled or Postponed
2025-12,59617,CTG-1,Van Alstyne Energy Center,183,GT,,Canceled or Postponed
2025-12,59617,CTG-2,Van Alstyne Energy Center,183,GT,,Canceled or Postponed
2025-12,59617,CTG-3,Van Alstyne Energy Center,183,GT,,Canceled or Postponed
2025-12,59716,CTG1,"Neches Station, LLC",232,GT,,Canceled or Postponed
2025-12,59716,CTG2,"Neches Station, LLC",232,GT,,Canceled or Postponed
2025-12,59918,ROCKW,Rockwood Energy Center LLC,1068,CC,,Canceled or Postponed
2025-12,59923,CTG-1,Pinecrest Energy Center,232,CT,,Canceled or Postponed
2025-12,59923,CTG-2,Pinecrest Energy Center,232,CT,,Canceled or Postponed
2025-12,59923,STG,Pinecrest Energy Center,289,CA,,Canceled or Postponed
2025-12,59924,CTG-1,Aegle Power,430,CT,,Canceled or Postponed
2025-12,59924,CTG-2,Aegle Power,430,CT,,Canceled or Postponed
2025-12,59924,STG-1,Aegle Power,422,CA,,Canceled or Postponed
2025-12,60194,CT1,Hill County Generation Facility,232,GT,,Canceled or Postponed
2025-12,60194,CT2,Hill County Generation Facility,232,GT,,Canceled or Postponed
2025-12,60194,CT3,Hill County Generation Facility,232,GT,,Canceled or Postponed
2025-12,60194,CT4,Hill County Generation Facility,232,GT,,Canceled or Postponed
2025-12,60221,TBN1,Halyard Wharton Energy Center,177,GT,,Canceled or Postponed
2025-12,60221,TBN2,Halyard Wharton Energy Center,177,GT,,Canceled or Postponed
2025-12,60268,TBN1,Halyard Henderson Energy Center,232,GT,,Canceled or Postponed
2025-12,60268,TBN2,Halyard Henderson Energy Center,232,GT,,Canceled or Postponed
2025-12,60697,GC-1,Gaines County,225,GT,,Canceled or Postponed
2025-12,62684,PP-1,Palestine Power Peaking Facility,50,GT,,Canceled or Postponed
2025-12,62684,PP-2,Palestine Power Peaking Facility,50,GT,,Canceled or Postponed
2025-12,62684,PP-3,Palestine Power Peaking Facility,50,GT,,Canceled or Postponed
2025-12,62684,PP-4,Palestine Power Peaking Facility,50,GT,,Canceled or Postponed
2025-12,62685,SP-1,Sealy Power Peaking Facility,50,GT,,Canceled or Postponed
2025-12,62685,SP-2,Sealy Power Peaking Facility,50,GT,,Canceled or Postponed
2025-12,62685,SP-3,Sealy Power Peaking Facility,50,GT,,Canceled or Postponed
2025-12,62685,SP-4,Sealy Power Peaking Facility,50,GT,,Canceled or Postponed
2025-12,63095,JPJDX,John Paul Jones,18.7,IC,,Canceled or Postponed
2025-12,64941,GEN1,WAL4279,0.4,IC,,Canceled or Postponed
2025-12,64941,GEN2,WAL4279,0.4,IC,,Canceled or Postponed
2025-12,64941,GEN3,WAL4279,0.4,IC,,Canceled or Postponed
2025-12,67742,SUGAR,Imperial Power Plant LLC,12,IC,,Canceled or Postponed
